Departamento,Municipio,Centro_Poblado,Latitud,Longitud,Tipo,Pregunta
ANTIOQUIA,ANGOSTURA,LLANOS DE CUIBA,"6,883870","-75,442430",3308,"¿Cómo se califica LLANOS DE CUIBA; ANGOSTURA; ANTIOQUIA; 6,883870; -75,442430 ; 3308; en todos los riesgos, el riesgo de contaminacioon se refiere a la contanminacion a la carga con sustancias prohibidad u otros elementos ilicitos?"
ANTIOQUIA,BARBOSA,HATILLO,"6,423760","-75,379260",1484,"¿Cómo se califica HATILLO; BARBOSA; ANTIOQUIA; 6,423760; -75,379260 ; 1484; en todos los riesgos, el riesgo de contaminacioon se refiere a la contanminacion a la carga con sustancias prohibidad u otros elementos ilicitos?"
QUINDÍO,ARMENIA,CONDOMINIO PONTEVEDRA,"4,470670","-75,722180",2513,"¿Cómo se califica CONDOMINIO PONTEVEDRA; ARMENIA; QUINDÍO; 4,470670; -75,722180 ; 2513; en todos los riesgos, el riesgo de contaminacioon se refiere a la contanminacion a la carga con sustancias prohibidad u otros elementos ilicitos?"
CUNDINAMARCA,APULO,APULO,"4,534070","-74,556620",8070,"¿Cómo se califica APULO; APULO; CUNDINAMARCA; 4,534070; -74,556620 ; 8070; en todos los riesgos, el riesgo de contaminacioon se refiere a la contanminacion a la carga con sustancias prohibidad u otros elementos ilicitos?"
CUNDINAMARCA,ALBÁN,LA MARÍA,"4,911620","-74,422070",1686,"¿Cómo se califica LA MARÍA; ALBÁN; CUNDINAMARCA; 4,911620; -74,422070 ; 1686; en todos los riesgos, el riesgo de contaminacioon se refiere a la contanminacion a la carga con sustancias prohibidad u otros elementos ilicitos?"
"BOGOTÁ, D.C.","BOGOTÁ, D.C.","BOGOTÁ, DISTRITO CAPITAL","4,660590","-74,108130",9999,"¿Cómo se califica BOGOTÁ, DISTRITO CAPITAL; BOGOTÁ, D.C.; BOGOTÁ, D.C.; 4,660590; -74,108130 ; 9999; en todos los riesgos, el riesgo de contaminacioon se refiere a la contanminacion a la carga con sustancias prohibidad u otros elementos ilicitos?"
CUNDINAMARCA,ANAPOIMA,ANAPOIMA,"4,590880","-74,489370",8321,"¿Cómo se califica ANAPOIMA; ANAPOIMA; CUNDINAMARCA; 4,590880; -74,489370 ; 8321; en todos los riesgos, el riesgo de contaminacioon se refiere a la contanminacion a la carga con sustancias prohibidad u otros elementos ilicitos?"
CUNDINAMARCA,ALBÁN,ALBÁN,"4,896060","-74,435100",1492,"¿Cómo se califica ALBÁN; ALBÁN; CUNDINAMARCA; 4,896060; -74,435100 ; 1492; en todos los riesgos, el riesgo de contaminacioon se refiere a la contanminacion a la carga con sustancias prohibidad u otros elementos ilicitos?"
ANTIOQUIA,ANGOSTURA,LLANOS DE CUIBA,"6,883870","-75,442430",3440,"¿Cómo se califica LLANOS DE CUIBA; ANGOSTURA; ANTIOQUIA; 6,883870; -75,442430 ; 3440; en todos los riesgos, el riesgo de contaminacioon se refiere a la contanminacion a la carga con sustancias prohibidad u otros elementos ilicitos?"
ANTIOQUIA,BELLO,EL ALBERGUE,"6,314960","-75,553430",725,"¿Cómo se califica EL ALBERGUE; BELLO; ANTIOQUIA; 6,314960; -75,553430 ; 725; en todos los riesgos, el riesgo de contaminacioon se refiere a la contanminacion a la carga con sustancias prohibidad u otros elementos ilicitos?"
VALLE DEL CAUCA,ANDALUCÍA,LA PAZ,"4,191980","-76,165310",1412,"¿Cómo se califica LA PAZ; ANDALUCÍA; VALLE DEL CAUCA; 4,191980; -76,165310 ; 1412; en todos los riesgos, el riesgo de contaminacioon se refiere a la contanminacion a la carga con sustancias prohibidad u otros elementos ilicitos?"
ANTIOQUIA,BARBOSA,ISAZA,"6,457650","-75,364580",1858,"¿Cómo se califica ISAZA; BARBOSA; ANTIOQUIA; 6,457650; -75,364580 ; 1858; en todos los riesgos, el riesgo de contaminacioon se refiere a la contanminacion a la carga con sustancias prohibidad u otros elementos ilicitos?"
QUINDÍO,ARMENIA,NUEVO HORIZONTE - SAPERA,"4,485840","-75,696610",2735,"¿Cómo se califica NUEVO HORIZONTE - SAPERA; ARMENIA; QUINDÍO; 4,485840; -75,696610 ; 2735; en todos los riesgos, el riesgo de contaminacioon se refiere a la contanminacion a la carga con sustancias prohibidad u otros elementos ilicitos?"
ANTIOQUIA,CÁCERES,PUERTO BÉLGICA,"7,691810","-75,281120",7095,"¿Cómo se califica PUERTO BÉLGICA; CÁCERES; ANTIOQUIA; 7,691810; -75,281120 ; 7095; en todos los riesgos, el riesgo de contaminacioon se refiere a la contanminacion a la carga con sustancias prohibidad u otros elementos ilicitos?"
ANTIOQUIA,CÁCERES,PUERTO BÉLGICA,"7,691810","-75,281120",7225,"¿Cómo se califica PUERTO BÉLGICA; CÁCERES; ANTIOQUIA; 7,691810; -75,281120 ; 7225; en todos los riesgos, el riesgo de contaminacioon se refiere a la contanminacion a la carga con sustancias prohibidad u otros elementos ilicitos?"
ANTIOQUIA,BARBOSA,ISAZA,"6,457650","-75,364580",1990,"¿Cómo se califica ISAZA; BARBOSA; ANTIOQUIA; 6,457650; -75,364580 ; 1990; en todos los riesgos, el riesgo de contaminacioon se refiere a la contanminacion a la carga con sustancias prohibidad u otros elementos ilicitos?"
ATLÁNTICO,BARRANQUILLA,"BARRANQUILLA, DISTRITO ESPECIAL, INDUSTRIAL Y PORTUARIO","11,013100","-74,843060",16495,"¿Cómo se califica BARRANQUILLA, DISTRITO ESPECIAL, INDUSTRIAL Y PORTUARIO; BARRANQUILLA; ATLÁNTICO; 11,013100; -74,843060 ; 16495; en todos los riesgos, el riesgo de contaminacioon se refiere a la contanminacion a la carga con sustancias prohibidad u otros elementos ilicitos?"
VALLE DEL CAUCA,ANDALUCÍA,ANDALUCÍA,"4,169250","-76,174610",1394,"¿Cómo se califica ANDALUCÍA; ANDALUCÍA; VALLE DEL CAUCA; 4,169250; -76,174610 ; 1394; en todos los riesgos, el riesgo de contaminacioon se refiere a la contanminacion a la carga con sustancias prohibidad u otros elementos ilicitos?"
QUINDÍO,ARMENIA,CONDOMINIO SENIORS CLUB,"4,465410","-75,745050",2460,"¿Cómo se califica CONDOMINIO SENIORS CLUB; ARMENIA; QUINDÍO; 4,465410; -75,745050 ; 2460; en todos los riesgos, el riesgo de contaminacioon se refiere a la contanminacion a la carga con sustancias prohibidad u otros elementos ilicitos?"
CUNDINAMARCA,BOJACÁ,SANTA BÁRBARA,"4,662970","-74,283670",9883,"¿Cómo se califica SANTA BÁRBARA; BOJACÁ; CUNDINAMARCA; 4,662970; -74,283670 ; 9883; en todos los riesgos, el riesgo de contaminacioon se refiere a la contanminacion a la carga con sustancias prohibidad u otros elementos ilicitos?"
"BOGOTÁ, D.C.","BOGOTÁ, D.C.","BOGOTÁ, DISTRITO CAPITAL","4,662650","-74,116750",99,"¿Cómo se califica BOGOTÁ, DISTRITO CAPITAL; BOGOTÁ, D.C.; BOGOTÁ, D.C.; 4,662650; -74,116750 ; 99; en todos los riesgos, el riesgo de contaminacioon se refiere a la contanminacion a la carga con sustancias prohibidad u otros elementos ilicitos?"
QUINDÍO,ARMENIA,EL CAIMO,"4,478320","-75,707520",2563,"¿Cómo se califica EL CAIMO; ARMENIA; QUINDÍO; 4,478320; -75,707520 ; 2563; en todos los riesgos, el riesgo de contaminacioon se refiere a la contanminacion a la carga con sustancias prohibidad u otros elementos ilicitos?"
ANTIOQUIA,CÁCERES,LAS PAMPAS,"7,738920","-75,272040",7207,"¿Cómo se califica LAS PAMPAS; CÁCERES; ANTIOQUIA; 7,738920; -75,272040 ; 7207; en todos los riesgos, el riesgo de contaminacioon se refiere a la contanminacion a la carga con sustancias prohibidad u otros elementos ilicitos?"
ATLÁNTICO,BARRANQUILLA,"BARRANQUILLA, DISTRITO ESPECIAL, INDUSTRIAL Y PORTUARIO","11,013100","-74,843060",14410,"¿Cómo se califica BARRANQUILLA, DISTRITO ESPECIAL, INDUSTRIAL Y PORTUARIO; BARRANQUILLA; ATLÁNTICO; 11,013100; -74,843060 ; 14410; en todos los riesgos, el riesgo de contaminacioon se refiere a la contanminacion a la carga con sustancias prohibidad u otros elementos ilicitos?"
ANTIOQUIA,BARBOSA,HATILLO,"6,423760","-75,379260",1352,"¿Cómo se califica HATILLO; BARBOSA; ANTIOQUIA; 6,423760; -75,379260 ; 1352; en todos los riesgos, el riesgo de contaminacioon se refiere a la contanminacion a la carga con sustancias prohibidad u otros elementos ilicitos?"
ANTIOQUIA,BARBOSA,BARBOSA,"6,458820","-75,364720",1866,"¿Cómo se califica BARBOSA; BARBOSA; ANTIOQUIA; 6,458820; -75,364720 ; 1866; en todos los riesgos, el riesgo de contaminacioon se refiere a la contanminacion a la carga con sustancias prohibidad u otros elementos ilicitos?"
VALLE DEL CAUCA,BUGALAGRANDE,BUGALAGRANDE,"4,221980","-76,145370",1534,"¿Cómo se califica BUGALAGRANDE; BUGALAGRANDE; VALLE DEL CAUCA; 4,221980; -76,145370 ; 1534; en todos los riesgos, el riesgo de contaminacioon se refiere a la contanminacion a la carga con sustancias prohibidad u otros elementos ilicitos?"
CUNDINAMARCA,ALBÁN,PANTANILLO,"4,895050","-74,442700",1420,"¿Cómo se califica PANTANILLO; ALBÁN; CUNDINAMARCA; 4,895050; -74,442700 ; 1420; en todos los riesgos, el riesgo de contaminacioon se refiere a la contanminacion a la carga con sustancias prohibidad u otros elementos ilicitos?"
ANTIOQUIA,BELLO,BELLO,"6,334140","-75,536070",706,"¿Cómo se califica BELLO; BELLO; ANTIOQUIA; 6,334140; -75,536070 ; 706; en todos los riesgos, el riesgo de contaminacioon se refiere a la contanminacion a la carga con sustancias prohibidad u otros elementos ilicitos?"
CÓRDOBA,BUENAVISTA,VILLA FÁTIMA,"8,148380","-75,422390",7897,"¿Cómo se califica VILLA FÁTIMA; BUENAVISTA; CÓRDOBA; 8,148380; -75,422390 ; 7897; en todos los riesgos, el riesgo de contaminacioon se refiere a la contanminacion a la carga con sustancias prohibidad u otros elementos ilicitos?"
BOLÍVAR,CALAMAR,BARRANCA NUEVA,"10,223370","-74,928870",14817,"¿Cómo se califica BARRANCA NUEVA; CALAMAR; BOLÍVAR; 10,223370; -74,928870 ; 14817; en todos los riesgos, el riesgo de contaminacioon se refiere a la contanminacion a la carga con sustancias prohibidad u otros elementos ilicitos?"
TOLIMA,CAJAMARCA,CAJAMARCA,"4,424960","-75,387140",4458,"¿Cómo se califica CAJAMARCA; CAJAMARCA; TOLIMA; 4,424960; -75,387140 ; 4458; en todos los riesgos, el riesgo de contaminacioon se refiere a la contanminacion a la carga con sustancias prohibidad u otros elementos ilicitos?"
QUINDÍO,ARMENIA,CONDOMINIO EL EDEN,"4,471260","-75,763100",2437,"¿Cómo se califica CONDOMINIO EL EDEN; ARMENIA; QUINDÍO; 4,471260; -75,763100 ; 2437; en todos los riesgos, el riesgo de contaminacioon se refiere a la contanminacion a la carga con sustancias prohibidad u otros elementos ilicitos?"
CÓRDOBA,BUENAVISTA,BUENAVISTA,"8,210810","-75,474050",9999,"¿Cómo se califica BUENAVISTA; BUENAVISTA; CÓRDOBA; 8,210810; -75,474050 ; 9999; en todos los riesgos, el riesgo de contaminacioon se refiere a la contanminacion a la carga con sustancias prohibidad u otros elementos ilicitos?"
ANTIOQUIA,CÁCERES,CÁCERES,"7,624000","-75,319340",7055,"¿Cómo se califica CÁCERES; CÁCERES; ANTIOQUIA; 7,624000; -75,319340 ; 7055; en todos los riesgos, el riesgo de contaminacioon se refiere a la contanminacion a la carga con sustancias prohibidad u otros elementos ilicitos?"
CÓRDOBA,BUENAVISTA,NUEVA ESTACIÓN,"8,266960","-75,503310",10070,"¿Cómo se califica NUEVA ESTACIÓN; BUENAVISTA; CÓRDOBA; 8,266960; -75,503310 ; 10070; en todos los riesgos, el riesgo de contaminacioon se refiere a la contanminacion a la carga con sustancias prohibidad u otros elementos ilicitos?"
BOLÍVAR,CALAMAR,CALAMAR,"10,265480","-74,911830",12819,"¿Cómo se califica CALAMAR; CALAMAR; BOLÍVAR; 10,265480; -74,911830 ; 12819; en todos los riesgos, el riesgo de contaminacioon se refiere a la contanminacion a la carga con sustancias prohibidad u otros elementos ilicitos?"
ANTIOQUIA,CÁCERES,RÍO MAN,"7,962270","-75,204000",7604,"¿Cómo se califica RÍO MAN; CÁCERES; ANTIOQUIA; 7,962270; -75,204000 ; 7604; en todos los riesgos, el riesgo de contaminacioon se refiere a la contanminacion a la carga con sustancias prohibidad u otros elementos ilicitos?"
QUINDÍO,CALARCÁ,LA BELLA,"4,505100","-75,657110",2884,"¿Cómo se califica LA BELLA; CALARCÁ; QUINDÍO; 4,505100; -75,657110 ; 2884; en todos los riesgos, el riesgo de contaminacioon se refiere a la contanminacion a la carga con sustancias prohibidad u otros elementos ilicitos?"
QUINDÍO,CALARCÁ,CALARCÁ,"4,528470","-75,635420",3043,"¿Cómo se califica CALARCÁ; CALARCÁ; QUINDÍO; 4,528470; -75,635420 ; 3043; en todos los riesgos, el riesgo de contaminacioon se refiere a la contanminacion a la carga con sustancias prohibidad u otros elementos ilicitos?"
ANTIOQUIA,BELLO,BELLO,"6,334140","-75,536070",838,"¿Cómo se califica BELLO; BELLO; ANTIOQUIA; 6,334140; -75,536070 ; 838; en todos los riesgos, el riesgo de contaminacioon se refiere a la contanminacion a la carga con sustancias prohibidad u otros elementos ilicitos?"
CÓRDOBA,BUENAVISTA,BUENAVISTA,"8,228440","-75,487210",8114,"¿Cómo se califica BUENAVISTA; BUENAVISTA; CÓRDOBA; 8,228440; -75,487210 ; 8114; en todos los riesgos, el riesgo de contaminacioon se refiere a la contanminacion a la carga con sustancias prohibidad u otros elementos ilicitos?"
ANTIOQUIA,BARBOSA,LA PRIMAVERA,"6,415970","-75,398650",1204,"¿Cómo se califica LA PRIMAVERA; BARBOSA; ANTIOQUIA; 6,415970; -75,398650 ; 1204; en todos los riesgos, el riesgo de contaminacioon se refiere a la contanminacion a la carga con sustancias prohibidad u otros elementos ilicitos?"
CÓRDOBA,BUENAVISTA,NUEVA ESTACIÓN,"8,266960","-75,503310",8156,"¿Cómo se califica NUEVA ESTACIÓN; BUENAVISTA; CÓRDOBA; 8,266960; -75,503310 ; 8156; en todos los riesgos, el riesgo de contaminacioon se refiere a la contanminacion a la carga con sustancias prohibidad u otros elementos ilicitos?"
BOLÍVAR,CALAMAR,EL PROGRESO,"10,187130","-74,983840",12659,"¿Cómo se califica EL PROGRESO; CALAMAR; BOLÍVAR; 10,187130; -74,983840 ; 12659; en todos los riesgos, el riesgo de contaminacioon se refiere a la contanminacion a la carga con sustancias prohibidad u otros elementos ilicitos?"
ANTIOQUIA,CAUCASIA,PUERTO TRIANA,"7,747620","-74,900950",9270,"¿Cómo se califica PUERTO TRIANA; CAUCASIA; ANTIOQUIA; 7,747620; -74,900950 ; 9270; en todos los riesgos, el riesgo de contaminacioon se refiere a la contanminacion a la carga con sustancias prohibidad u otros elementos ilicitos?"
QUINDÍO,CALARCÁ,LA VIRGINIA,"4,474150","-75,548460",3975,"¿Cómo se califica LA VIRGINIA; CALARCÁ; QUINDÍO; 4,474150; -75,548460 ; 3975; en todos los riesgos, el riesgo de contaminacioon se refiere a la contanminacion a la carga con sustancias prohibidad u otros elementos ilicitos?"
ANTIOQUIA,CÁCERES,EL JARDÍN (TAMANÁ),"7,770170","-75,230990",7433,"¿Cómo se califica EL JARDÍN (TAMANÁ); CÁCERES; ANTIOQUIA; 7,770170; -75,230990 ; 7433; en todos los riesgos, el riesgo de contaminacioon se refiere a la contanminacion a la carga con sustancias prohibidad u otros elementos ilicitos?"
ANTIOQUIA,BELLO,EL ALBERGUE,"6,314960","-75,553430",593,"¿Cómo se califica EL ALBERGUE; BELLO; ANTIOQUIA; 6,314960; -75,553430 ; 593; en todos los riesgos, el riesgo de contaminacioon se refiere a la contanminacion a la carga con sustancias prohibidad u otros elementos ilicitos?"
CÓRDOBA,BUENAVISTA,VERACRUZ,"8,192450","-75,460340",9988,"¿Cómo se califica VERACRUZ; BUENAVISTA; CÓRDOBA; 8,192450; -75,460340 ; 9988; en todos los riesgos, el riesgo de contaminacioon se refiere a la contanminacion a la carga con sustancias prohibidad u otros elementos ilicitos?"
ANTIOQUIA,BRICEÑO,BRICEÑO,"7,087020","-75,470590",4700,"¿Cómo se califica BRICEÑO; BRICEÑO; ANTIOQUIA; 7,087020; -75,470590 ; 4700; en todos los riesgos, el riesgo de contaminacioon se refiere a la contanminacion a la carga con sustancias prohibidad u otros elementos ilicitos?"
CÓRDOBA,BUENAVISTA,VILLA FÁTIMA,"8,148380","-75,422390",9941,"¿Cómo se califica VILLA FÁTIMA; BUENAVISTA; CÓRDOBA; 8,148380; -75,422390 ; 9941; en todos los riesgos, el riesgo de contaminacioon se refiere a la contanminacion a la carga con sustancias prohibidad u otros elementos ilicitos?"
CUNDINAMARCA,CAPARRAPÍ,SAN RAMÓN ALTO,"5,384010","-74,603830",4665,"¿Cómo se califica SAN RAMÓN ALTO; CAPARRAPÍ; CUNDINAMARCA; 5,384010; -74,603830 ; 4665; en todos los riesgos, el riesgo de contaminacioon se refiere a la contanminacion a la carga con sustancias prohibidad u otros elementos ilicitos?"
QUINDÍO,CALARCÁ,CONDOMINIO LA MICAELA,"4,496310","-75,683730",2818,"¿Cómo se califica CONDOMINIO LA MICAELA; CALARCÁ; QUINDÍO; 4,496310; -75,683730 ; 2818; en todos los riesgos, el riesgo de contaminacioon se refiere a la contanminacion a la carga con sustancias prohibidad u otros elementos ilicitos?"
ATLÁNTICO,CAMPO DE LA CRUZ,CAMPO DE LA CRUZ,"10,403760","-74,857810",15110,"¿Cómo se califica CAMPO DE LA CRUZ; CAMPO DE LA CRUZ; ATLÁNTICO; 10,403760; -74,857810 ; 15110; en todos los riesgos, el riesgo de contaminacioon se refiere a la contanminacion a la carga con sustancias prohibidad u otros elementos ilicitos?"
ATLÁNTICO,CAMPO DE LA CRUZ,BOHÓRQUEZ,"10,482950","-74,825150",13187,"¿Cómo se califica BOHÓRQUEZ; CAMPO DE LA CRUZ; ATLÁNTICO; 10,482950; -74,825150 ; 13187; en todos los riesgos, el riesgo de contaminacioon se refiere a la contanminacion a la carga con sustancias prohibidad u otros elementos ilicitos?"
"BOGOTÁ, D.C.","BOGOTÁ, D.C.",CHORRILLOS,"4,736710","-74,133930",10533,"¿Cómo se califica CHORRILLOS; BOGOTÁ, D.C.; BOGOTÁ, D.C.; 4,736710; -74,133930 ; 10533; en todos los riesgos, el riesgo de contaminacioon se refiere a la contanminacion a la carga con sustancias prohibidad u otros elementos ilicitos?"
ANTIOQUIA,CÁCERES,LAS PAMPAS,"7,738920","-75,272040",7337,"¿Cómo se califica LAS PAMPAS; CÁCERES; ANTIOQUIA; 7,738920; -75,272040 ; 7337; en todos los riesgos, el riesgo de contaminacioon se refiere a la contanminacion a la carga con sustancias prohibidad u otros elementos ilicitos?"
VALLE DEL CAUCA,BUGALAGRANDE,URÍBE URÍBE,"4,285870","-76,091510",1654,"¿Cómo se califica URÍBE URÍBE; BUGALAGRANDE; VALLE DEL CAUCA; 4,285870; -76,091510 ; 1654; en todos los riesgos, el riesgo de contaminacioon se refiere a la contanminacion a la carga con sustancias prohibidad u otros elementos ilicitos?"
ANTIOQUIA,CÁCERES,CÁCERES,"7,624000","-75,319340",6925,"¿Cómo se califica CÁCERES; CÁCERES; ANTIOQUIA; 7,624000; -75,319340 ; 6925; en todos los riesgos, el riesgo de contaminacioon se refiere a la contanminacion a la carga con sustancias prohibidad u otros elementos ilicitos?"
ANTIOQUIA,CAUCASIA,CACERÍ,"7,851830","-75,005110",9517,"¿Cómo se califica CACERÍ; CAUCASIA; ANTIOQUIA; 7,851830; -75,005110 ; 9517; en todos los riesgos, el riesgo de contaminacioon se refiere a la contanminacion a la carga con sustancias prohibidad u otros elementos ilicitos?"
CUNDINAMARCA,CHÍA,PUENTE CACIQUE,"4,858380","-74,062880",11271,"¿Cómo se califica PUENTE CACIQUE; CHÍA; CUNDINAMARCA; 4,858380; -74,062880 ; 11271; en todos los riesgos, el riesgo de contaminacioon se refiere a la contanminacion a la carga con sustancias prohibidad u otros elementos ilicitos?"
ANTIOQUIA,COCORNÁ,COCORNÁ,"6,027690","-75,171290",2351,"¿Cómo se califica COCORNÁ; COCORNÁ; ANTIOQUIA; 6,027690; -75,171290 ; 2351; en todos los riesgos, el riesgo de contaminacioon se refiere a la contanminacion a la carga con sustancias prohibidad u otros elementos ilicitos?"
CUNDINAMARCA,CAPARRAPÍ,CAMBRAS,"5,445410","-74,598510",4759,"¿Cómo se califica CAMBRAS; CAPARRAPÍ; CUNDINAMARCA; 5,445410; -74,598510 ; 4759; en todos los riesgos, el riesgo de contaminacioon se refiere a la contanminacion a la carga con sustancias prohibidad u otros elementos ilicitos?"
VALLE DEL CAUCA,ANDALUCÍA,TAMBORAL,"4,162390","-76,175680",1368,"¿Cómo se califica TAMBORAL; ANDALUCÍA; VALLE DEL CAUCA; 4,162390; -76,175680 ; 1368; en todos los riesgos, el riesgo de contaminacioon se refiere a la contanminacion a la carga con sustancias prohibidad u otros elementos ilicitos?"
ANTIOQUIA,CÁCERES,PIAMONTE,"7,791270","-75,209000",7516,"¿Cómo se califica PIAMONTE; CÁCERES; ANTIOQUIA; 7,791270; -75,209000 ; 7516; en todos los riesgos, el riesgo de contaminacioon se refiere a la contanminacion a la carga con sustancias prohibidad u otros elementos ilicitos?"
ANTIOQUIA,CÁCERES,GUARUMO,"7,900130","-75,203800",7529,"¿Cómo se califica GUARUMO; CÁCERES; ANTIOQUIA; 7,900130; -75,203800 ; 7529; en todos los riesgos, el riesgo de contaminacioon se refiere a la contanminacion a la carga con sustancias prohibidad u otros elementos ilicitos?"
BOLÍVAR,CALAMAR,EL PROGRESO,"10,187130","-74,983840",14745,"¿Cómo se califica EL PROGRESO; CALAMAR; BOLÍVAR; 10,187130; -74,983840 ; 14745; en todos los riesgos, el riesgo de contaminacioon se refiere a la contanminacion a la carga con sustancias prohibidad u otros elementos ilicitos?"
CUNDINAMARCA,CAPARRAPÍ,CAMBRAS,"5,384070","-74,603930",5078,"¿Cómo se califica CAMBRAS; CAPARRAPÍ; CUNDINAMARCA; 5,384070; -74,603930 ; 5078; en todos los riesgos, el riesgo de contaminacioon se refiere a la contanminacion a la carga con sustancias prohibidad u otros elementos ilicitos?"
SANTANDER,CIMITARRA,SAN PEDRO DE LA PAZ,"6,383070","-74,377480",5751,"¿Cómo se califica SAN PEDRO DE LA PAZ; CIMITARRA; SANTANDER; 6,383070; -74,377480 ; 5751; en todos los riesgos, el riesgo de contaminacioon se refiere a la contanminacion a la carga con sustancias prohibidad u otros elementos ilicitos?"
CÓRDOBA,BUENAVISTA,BUENAVISTA,"8,228440","-75,487210",7984,"¿Cómo se califica BUENAVISTA; BUENAVISTA; CÓRDOBA; 8,228440; -75,487210 ; 7984; en todos los riesgos, el riesgo de contaminacioon se refiere a la contanminacion a la carga con sustancias prohibidad u otros elementos ilicitos?"
ANTIOQUIA,CAUCASIA,EL PANDO,"7,894830","-75,077740",9619,"¿Cómo se califica EL PANDO; CAUCASIA; ANTIOQUIA; 7,894830; -75,077740 ; 9619; en todos los riesgos, el riesgo de contaminacioon se refiere a la contanminacion a la carga con sustancias prohibidad u otros elementos ilicitos?"
CÓRDOBA,BUENAVISTA,VERACRUZ,"8,192450","-75,460340",7944,"¿Cómo se califica VERACRUZ; BUENAVISTA; CÓRDOBA; 8,192450; -75,460340 ; 7944; en todos los riesgos, el riesgo de contaminacioon se refiere a la contanminacion a la carga con sustancias prohibidad u otros elementos ilicitos?"
QUINDÍO,CALARCÁ,LA PRADERA,"4,501460","-75,576060",3974,"¿Cómo se califica LA PRADERA; CALARCÁ; QUINDÍO; 4,501460; -75,576060 ; 3974; en todos los riesgos, el riesgo de contaminacioon se refiere a la contanminacion a la carga con sustancias prohibidad u otros elementos ilicitos?"
VALLE DEL CAUCA,BUGALAGRANDE,EL OVERO (SECTOR LA MARÍA),"4,248860","-76,120050",1598,"¿Cómo se califica EL OVERO (SECTOR LA MARÍA); BUGALAGRANDE; VALLE DEL CAUCA; 4,248860; -76,120050 ; 1598; en todos los riesgos, el riesgo de contaminacioon se refiere a la contanminacion a la carga con sustancias prohibidad u otros elementos ilicitos?"
ANTIOQUIA,CÁCERES,GUARUMO,"7,900130","-75,203800",7659,"¿Cómo se califica GUARUMO; CÁCERES; ANTIOQUIA; 7,900130; -75,203800 ; 7659; en todos los riesgos, el riesgo de contaminacioon se refiere a la contanminacion a la carga con sustancias prohibidad u otros elementos ilicitos?"
ANTIOQUIA,CAUCASIA,CAUCASIA,"7,988750","-75,222500",7705,"¿Cómo se califica CAUCASIA; CAUCASIA; ANTIOQUIA; 7,988750; -75,222500 ; 7705; en todos los riesgos, el riesgo de contaminacioon se refiere a la contanminacion a la carga con sustancias prohibidad u otros elementos ilicitos?"
SANTANDER,CIMITARRA,ZAMBITO,"6,290850","-74,459770",5661,"¿Cómo se califica ZAMBITO; CIMITARRA; SANTANDER; 6,290850; -74,459770 ; 5661; en todos los riesgos, el riesgo de contaminacioon se refiere a la contanminacion a la carga con sustancias prohibidad u otros elementos ilicitos?"
CUNDINAMARCA,CAPARRAPÍ,CAMBULO,"5,263340","-74,565840",4450,"¿Cómo se califica CAMBULO; CAPARRAPÍ; CUNDINAMARCA; 5,263340; -74,565840 ; 4450; en todos los riesgos, el riesgo de contaminacioon se refiere a la contanminacion a la carga con sustancias prohibidad u otros elementos ilicitos?"
CÓRDOBA,CHINÚ,CHINÚ,"9,132850","-75,388360",12134,"¿Cómo se califica CHINÚ; CHINÚ; CÓRDOBA; 9,132850; -75,388360 ; 12134; en todos los riesgos, el riesgo de contaminacioon se refiere a la contanminacion a la carga con sustancias prohibidad u otros elementos ilicitos?"
ANTIOQUIA,CÁCERES,EL JARDÍN (TAMANÁ),"7,770170","-75,230990",7303,"¿Cómo se califica EL JARDÍN (TAMANÁ); CÁCERES; ANTIOQUIA; 7,770170; -75,230990 ; 7303; en todos los riesgos, el riesgo de contaminacioon se refiere a la contanminacion a la carga con sustancias prohibidad u otros elementos ilicitos?"
BOLÍVAR,CALAMAR,BARRANCA NUEVA,"10,223370","-74,928870",12731,"¿Cómo se califica BARRANCA NUEVA; CALAMAR; BOLÍVAR; 10,223370; -74,928870 ; 12731; en todos los riesgos, el riesgo de contaminacioon se refiere a la contanminacion a la carga con sustancias prohibidad u otros elementos ilicitos?"
TOLIMA,CAJAMARCA,ANAIME,"4,437160","-75,500100",4039,"¿Cómo se califica ANAIME; CAJAMARCA; TOLIMA; 4,437160; -75,500100 ; 4039; en todos los riesgos, el riesgo de contaminacioon se refiere a la contanminacion a la carga con sustancias prohibidad u otros elementos ilicitos?"
MAGDALENA,CERRO DE SAN ANTONIO,PUERTO NIÑO (CHARANGA),"10,296260","-74,899200",14948,"¿Cómo se califica PUERTO NIÑO (CHARANGA); CERRO DE SAN ANTONIO; MAGDALENA; 10,296260; -74,899200 ; 14948; en todos los riesgos, el riesgo de contaminacioon se refiere a la contanminacion a la carga con sustancias prohibidad u otros elementos ilicitos?"
CÓRDOBA,CERETÉ,CERETÉ,"8,901910","-75,802770",9071,"¿Cómo se califica CERETÉ; CERETÉ; CÓRDOBA; 8,901910; -75,802770 ; 9071; en todos los riesgos, el riesgo de contaminacioon se refiere a la contanminacion a la carga con sustancias prohibidad u otros elementos ilicitos?"
ANTIOQUIA,COPACABANA,COPACABANA,"6,347920","-75,508360",999,"¿Cómo se califica COPACABANA; COPACABANA; ANTIOQUIA; 6,347920; -75,508360 ; 999; en todos los riesgos, el riesgo de contaminacioon se refiere a la contanminacion a la carga con sustancias prohibidad u otros elementos ilicitos?"
ANTIOQUIA,CAUCASIA,CAUCASIA,"7,988750","-75,222500",9749,"¿Cómo se califica CAUCASIA; CAUCASIA; ANTIOQUIA; 7,988750; -75,222500 ; 9749; en todos los riesgos, el riesgo de contaminacioon se refiere a la contanminacion a la carga con sustancias prohibidad u otros elementos ilicitos?"
ANTIOQUIA,COCORNÁ,LA PIÑUELA,"6,013610","-75,100120",2626,"¿Cómo se califica LA PIÑUELA; COCORNÁ; ANTIOQUIA; 6,013610; -75,100120 ; 2626; en todos los riesgos, el riesgo de contaminacioon se refiere a la contanminacion a la carga con sustancias prohibidad u otros elementos ilicitos?"
ANTIOQUIA,CÁCERES,PIAMONTE,"7,791270","-75,209000",7386,"¿Cómo se califica PIAMONTE; CÁCERES; ANTIOQUIA; 7,791270; -75,209000 ; 7386; en todos los riesgos, el riesgo de contaminacioon se refiere a la contanminacion a la carga con sustancias prohibidad u otros elementos ilicitos?"
ATLÁNTICO,CAMPO DE LA CRUZ,BOHÓRQUEZ,"10,482950","-74,825150",15272,"¿Cómo se califica BOHÓRQUEZ; CAMPO DE LA CRUZ; ATLÁNTICO; 10,482950; -74,825150 ; 15272; en todos los riesgos, el riesgo de contaminacioon se refiere a la contanminacion a la carga con sustancias prohibidad u otros elementos ilicitos?"
CUNDINAMARCA,CAJICÁ,BOSQUE MADERO,"4,878620","-74,018250",11502,"¿Cómo se califica BOSQUE MADERO; CAJICÁ; CUNDINAMARCA; 4,878620; -74,018250 ; 11502; en todos los riesgos, el riesgo de contaminacioon se refiere a la contanminacion a la carga con sustancias prohibidad u otros elementos ilicitos?"
CÓRDOBA,CHINÚ,TIERRA GRATA,"9,068310","-75,417350",9867,"¿Cómo se califica TIERRA GRATA; CHINÚ; CÓRDOBA; 9,068310; -75,417350 ; 9867; en todos los riesgos, el riesgo de contaminacioon se refiere a la contanminacion a la carga con sustancias prohibidad u otros elementos ilicitos?"
CÓRDOBA,BUENAVISTA,VERACRUZ,"8,192450","-75,460340",8074,"¿Cómo se califica VERACRUZ; BUENAVISTA; CÓRDOBA; 8,192450; -75,460340 ; 8074; en todos los riesgos, el riesgo de contaminacioon se refiere a la contanminacion a la carga con sustancias prohibidad u otros elementos ilicitos?"
ANTIOQUIA,COPACABANA,EL LLANO,"6,342040","-75,519330",949,"¿Cómo se califica EL LLANO; COPACABANA; ANTIOQUIA; 6,342040; -75,519330 ; 949; en todos los riesgos, el riesgo de contaminacioon se refiere a la contanminacion a la carga con sustancias prohibidad u otros elementos ilicitos?"
ANTIOQUIA,CAUCASIA,CAUCASIA,"7,988750","-75,222500",7835,"¿Cómo se califica CAUCASIA; CAUCASIA; ANTIOQUIA; 7,988750; -75,222500 ; 7835; en todos los riesgos, el riesgo de contaminacioon se refiere a la contanminacion a la carga con sustancias prohibidad u otros elementos ilicitos?"
CÓRDOBA,BUENAVISTA,NUEVA ESTACIÓN,"8,266960","-75,503310",8026,"¿Cómo se califica NUEVA ESTACIÓN; BUENAVISTA; CÓRDOBA; 8,266960; -75,503310 ; 8026; en todos los riesgos, el riesgo de contaminacioon se refiere a la contanminacion a la carga con sustancias prohibidad u otros elementos ilicitos?"
ANTIOQUIA,CÁCERES,PUERTO SANTO,"7,827990","-75,205530",7432,"¿Cómo se califica PUERTO SANTO; CÁCERES; ANTIOQUIA; 7,827990; -75,205530 ; 7432; en todos los riesgos, el riesgo de contaminacioon se refiere a la contanminacion a la carga con sustancias prohibidad u otros elementos ilicitos?"
CUNDINAMARCA,CAPARRAPÍ,EL DINDAL,"5,325820","-74,565700",4533,"¿Cómo se califica EL DINDAL; CAPARRAPÍ; CUNDINAMARCA; 5,325820; -74,565700 ; 4533; en todos los riesgos, el riesgo de contaminacioon se refiere a la contanminacion a la carga con sustancias prohibidad u otros elementos ilicitos?"
BOLÍVAR,CALAMAR,CALAMAR,"10,265480","-74,911830",14905,"¿Cómo se califica CALAMAR; CALAMAR; BOLÍVAR; 10,265480; -74,911830 ; 14905; en todos los riesgos, el riesgo de contaminacioon se refiere a la contanminacion a la carga con sustancias prohibidad u otros elementos ilicitos?"
CUNDINAMARCA,GUADUAS,GUADUAS,"5,129550","-74,589750",4264,"¿Cómo se califica GUADUAS; GUADUAS; CUNDINAMARCA; 5,129550; -74,589750 ; 4264; en todos los riesgos, el riesgo de contaminacioon se refiere a la contanminacion a la carga con sustancias prohibidad u otros elementos ilicitos?"
CÓRDOBA,CHINÚ,BAJO DE PIEDRA,"9,090600","-75,406990",12006,"¿Cómo se califica BAJO DE PIEDRA; CHINÚ; CÓRDOBA; 9,090600; -75,406990 ; 12006; en todos los riesgos, el riesgo de contaminacioon se refiere a la contanminacion a la carga con sustancias prohibidad u otros elementos ilicitos?"
ANTIOQUIA,COPACABANA,EL SALADO,"6,371850","-75,489390",1131,"¿Cómo se califica EL SALADO; COPACABANA; ANTIOQUIA; 6,371850; -75,489390 ; 1131; en todos los riesgos, el riesgo de contaminacioon se refiere a la contanminacion a la carga con sustancias prohibidad u otros elementos ilicitos?"
ANTIOQUIA,CAUCASIA,CASERÍO CONJUNTO CAÑA FISTULA,"7,965310","-75,179030",9675,"¿Cómo se califica CASERÍO CONJUNTO CAÑA FISTULA; CAUCASIA; ANTIOQUIA; 7,965310; -75,179030 ; 9675; en todos los riesgos, el riesgo de contaminacioon se refiere a la contanminacion a la carga con sustancias prohibidad u otros elementos ilicitos?"
VALLE DEL CAUCA,BUGALAGRANDE,EL OVERO (SECTOR POBLADO),"4,237520","-76,129390",1569,"¿Cómo se califica EL OVERO (SECTOR POBLADO); BUGALAGRANDE; VALLE DEL CAUCA; 4,237520; -76,129390 ; 1569; en todos los riesgos, el riesgo de contaminacioon se refiere a la contanminacion a la carga con sustancias prohibidad u otros elementos ilicitos?"
ANTIOQUIA,CÁCERES,PUERTO SANTO,"7,827990","-75,205530",7562,"¿Cómo se califica PUERTO SANTO; CÁCERES; ANTIOQUIA; 7,827990; -75,205530 ; 7562; en todos los riesgos, el riesgo de contaminacioon se refiere a la contanminacion a la carga con sustancias prohibidad u otros elementos ilicitos?"
CÓRDOBA,BUENAVISTA,VILLA FÁTIMA,"8,148380","-75,422390",8027,"¿Cómo se califica VILLA FÁTIMA; BUENAVISTA; CÓRDOBA; 8,148380; -75,422390 ; 8027; en todos los riesgos, el riesgo de contaminacioon se refiere a la contanminacion a la carga con sustancias prohibidad u otros elementos ilicitos?"
CUNDINAMARCA,CHÍA,CHÍA,"4,865760","-74,024200",11466,"¿Cómo se califica CHÍA; CHÍA; CUNDINAMARCA; 4,865760; -74,024200 ; 11466; en todos los riesgos, el riesgo de contaminacioon se refiere a la contanminacion a la carga con sustancias prohibidad u otros elementos ilicitos?"
CUNDINAMARCA,LA CALERA,EL SALITRE,"4,700590","-73,981930",11079,"¿Cómo se califica EL SALITRE; LA CALERA; CUNDINAMARCA; 4,700590; -73,981930 ; 11079; en todos los riesgos, el riesgo de contaminacioon se refiere a la contanminacion a la carga con sustancias prohibidad u otros elementos ilicitos?"
CUNDINAMARCA,COTA,COTA,"4,820770","-74,089220",11134,"¿Cómo se califica COTA; COTA; CUNDINAMARCA; 4,820770; -74,089220 ; 11134; en todos los riesgos, el riesgo de contaminacioon se refiere a la contanminacion a la carga con sustancias prohibidad u otros elementos ilicitos?"
CÓRDOBA,CERETÉ,EL QUEMADO,"8,870050","-75,798840",8949,"¿Cómo se califica EL QUEMADO; CERETÉ; CÓRDOBA; 8,870050; -75,798840 ; 8949; en todos los riesgos, el riesgo de contaminacioon se refiere a la contanminacion a la carga con sustancias prohibidad u otros elementos ilicitos?"
ANTIOQUIA,BRICEÑO,BRICEÑO,"7,087020","-75,470590",4568,"¿Cómo se califica BRICEÑO; BRICEÑO; ANTIOQUIA; 7,087020; -75,470590 ; 4568; en todos los riesgos, el riesgo de contaminacioon se refiere a la contanminacion a la carga con sustancias prohibidad u otros elementos ilicitos?"
CÓRDOBA,CERETÉ,RETIRO DE LOS INDIOS,"8,859040","-75,807940",8933,"¿Cómo se califica RETIRO DE LOS INDIOS; CERETÉ; CÓRDOBA; 8,859040; -75,807940 ; 8933; en todos los riesgos, el riesgo de contaminacioon se refiere a la contanminacion a la carga con sustancias prohibidad u otros elementos ilicitos?"
ANTIOQUIA,CÁCERES,RÍO MAN,"7,962270","-75,204000",7734,"¿Cómo se califica RÍO MAN; CÁCERES; ANTIOQUIA; 7,962270; -75,204000 ; 7734; en todos los riesgos, el riesgo de contaminacioon se refiere a la contanminacion a la carga con sustancias prohibidad u otros elementos ilicitos?"
ANTIOQUIA,BARBOSA,BARBOSA,"6,458820","-75,364720",1998,"¿Cómo se califica BARBOSA; BARBOSA; ANTIOQUIA; 6,458820; -75,364720 ; 1998; en todos los riesgos, el riesgo de contaminacioon se refiere a la contanminacion a la carga con sustancias prohibidad u otros elementos ilicitos?"
CÓRDOBA,CHINÚ,BAJO DE PIEDRA,"9,090600","-75,406990",9920,"¿Cómo se califica BAJO DE PIEDRA; CHINÚ; CÓRDOBA; 9,090600; -75,406990 ; 9920; en todos los riesgos, el riesgo de contaminacioon se refiere a la contanminacion a la carga con sustancias prohibidad u otros elementos ilicitos?"
SANTANDER,CIMITARRA,PRIMAVERA,"6,516970","-74,374070",5991,"¿Cómo se califica PRIMAVERA; CIMITARRA; SANTANDER; 6,516970; -74,374070 ; 5991; en todos los riesgos, el riesgo de contaminacioon se refiere a la contanminacion a la carga con sustancias prohibidad u otros elementos ilicitos?"
CÓRDOBA,CHINÚ,VILLA FÁTIMA,"9,045720","-75,450490",11895,"¿Cómo se califica VILLA FÁTIMA; CHINÚ; CÓRDOBA; 9,045720; -75,450490 ; 11895; en todos los riesgos, el riesgo de contaminacioon se refiere a la contanminacion a la carga con sustancias prohibidad u otros elementos ilicitos?"
CÓRDOBA,BUENAVISTA,PUERTO CÓRDOBA,"8,075600","-75,367040",7865,"¿Cómo se califica PUERTO CÓRDOBA; BUENAVISTA; CÓRDOBA; 8,075600; -75,367040 ; 7865; en todos los riesgos, el riesgo de contaminacioon se refiere a la contanminacion a la carga con sustancias prohibidad u otros elementos ilicitos?"
ANTIOQUIA,BARBOSA,EL PARAÍSO,"6,412600","-75,411640",1319,"¿Cómo se califica EL PARAÍSO; BARBOSA; ANTIOQUIA; 6,412600; -75,411640 ; 1319; en todos los riesgos, el riesgo de contaminacioon se refiere a la contanminacion a la carga con sustancias prohibidad u otros elementos ilicitos?"
MAGDALENA,CERRO DE SAN ANTONIO,PUERTO NIÑO (CHARANGA),"10,296260","-74,899200",12862,"¿Cómo se califica PUERTO NIÑO (CHARANGA); CERRO DE SAN ANTONIO; MAGDALENA; 10,296260; -74,899200 ; 12862; en todos los riesgos, el riesgo de contaminacioon se refiere a la contanminacion a la carga con sustancias prohibidad u otros elementos ilicitos?"
ATLÁNTICO,CAMPO DE LA CRUZ,CAMPO DE LA CRUZ,"10,403760","-74,857810",13025,"¿Cómo se califica CAMPO DE LA CRUZ; CAMPO DE LA CRUZ; ATLÁNTICO; 10,403760; -74,857810 ; 13025; en todos los riesgos, el riesgo de contaminacioon se refiere a la contanminacion a la carga con sustancias prohibidad u otros elementos ilicitos?"
CUNDINAMARCA,CHÍA,PUEBLO FUERTE,"4,849360","-74,075660",11202,"¿Cómo se califica PUEBLO FUERTE; CHÍA; CUNDINAMARCA; 4,849360; -74,075660 ; 11202; en todos los riesgos, el riesgo de contaminacioon se refiere a la contanminacion a la carga con sustancias prohibidad u otros elementos ilicitos?"
TOLIMA,COELLO,CALABOZO,"4,265860","-75,001050",6176,"¿Cómo se califica CALABOZO; COELLO; TOLIMA; 4,265860; -75,001050 ; 6176; en todos los riesgos, el riesgo de contaminacioon se refiere a la contanminacion a la carga con sustancias prohibidad u otros elementos ilicitos?"
ANTIOQUIA,BARBOSA,LA PRIMAVERA,"6,415970","-75,398650",1336,"¿Cómo se califica LA PRIMAVERA; BARBOSA; ANTIOQUIA; 6,415970; -75,398650 ; 1336; en todos los riesgos, el riesgo de contaminacioon se refiere a la contanminacion a la carga con sustancias prohibidad u otros elementos ilicitos?"
CÓRDOBA,CERETÉ,MATEO GÓMEZ,"8,849000","-75,821910",8903,"¿Cómo se califica MATEO GÓMEZ; CERETÉ; CÓRDOBA; 8,849000; -75,821910 ; 8903; en todos los riesgos, el riesgo de contaminacioon se refiere a la contanminacion a la carga con sustancias prohibidad u otros elementos ilicitos?"
MAGDALENA,CERRO DE SAN ANTONIO,CERRO DE SAN ANTONIO,"10,306050","-74,893660",12871,"¿Cómo se califica CERRO DE SAN ANTONIO; CERRO DE SAN ANTONIO; MAGDALENA; 10,306050; -74,893660 ; 12871; en todos los riesgos, el riesgo de contaminacioon se refiere a la contanminacion a la carga con sustancias prohibidad u otros elementos ilicitos?"
MAGDALENA,CERRO DE SAN ANTONIO,CERRO DE SAN ANTONIO,"10,306050","-74,893660",14957,"¿Cómo se califica CERRO DE SAN ANTONIO; CERRO DE SAN ANTONIO; MAGDALENA; 10,306050; -74,893660 ; 14957; en todos los riesgos, el riesgo de contaminacioon se refiere a la contanminacion a la carga con sustancias prohibidad u otros elementos ilicitos?"
CÓRDOBA,CHINÚ,TIERRA GRATA,"9,068310","-75,417350",11953,"¿Cómo se califica TIERRA GRATA; CHINÚ; CÓRDOBA; 9,068310; -75,417350 ; 11953; en todos los riesgos, el riesgo de contaminacioon se refiere a la contanminacion a la carga con sustancias prohibidad u otros elementos ilicitos?"
CUNDINAMARCA,CAPARRAPÍ,EL DINDAL,"5,264050","-74,566060",5263,"¿Cómo se califica EL DINDAL; CAPARRAPÍ; CUNDINAMARCA; 5,264050; -74,566060 ; 5263; en todos los riesgos, el riesgo de contaminacioon se refiere a la contanminacion a la carga con sustancias prohibidad u otros elementos ilicitos?"
CÓRDOBA,CHINÚ,CHINÚ,"9,118690","-75,393670",9999,"¿Cómo se califica CHINÚ; CHINÚ; CÓRDOBA; 9,118690; -75,393670 ; 9999; en todos los riesgos, el riesgo de contaminacioon se refiere a la contanminacion a la carga con sustancias prohibidad u otros elementos ilicitos?"
ANTIOQUIA,COPACABANA,EL LLANO,"6,342040","-75,519330",817,"¿Cómo se califica EL LLANO; COPACABANA; ANTIOQUIA; 6,342040; -75,519330 ; 817; en todos los riesgos, el riesgo de contaminacioon se refiere a la contanminacion a la carga con sustancias prohibidad u otros elementos ilicitos?"
VALLE DEL CAUCA,BUGALAGRANDE,MESTIZAL,"4,224270","-76,143780",1544,"¿Cómo se califica MESTIZAL; BUGALAGRANDE; VALLE DEL CAUCA; 4,224270; -76,143780 ; 1544; en todos los riesgos, el riesgo de contaminacioon se refiere a la contanminacion a la carga con sustancias prohibidad u otros elementos ilicitos?"
CÓRDOBA,COTORRA,ABROJAL,"9,056630","-75,824740",9249,"¿Cómo se califica ABROJAL; COTORRA; CÓRDOBA; 9,056630; -75,824740 ; 9249; en todos los riesgos, el riesgo de contaminacioon se refiere a la contanminacion a la carga con sustancias prohibidad u otros elementos ilicitos?"
SUCRE,COROZAL,LAS BRUJAS,"9,345350","-75,283460",10756,"¿Cómo se califica LAS BRUJAS; COROZAL; SUCRE; 9,345350; -75,283460 ; 10756; en todos los riesgos, el riesgo de contaminacioon se refiere a la contanminacion a la carga con sustancias prohibidad u otros elementos ilicitos?"
CUNDINAMARCA,CHÍA,CERCA DE PIEDRA,"4,845470","-74,079670",11179,"¿Cómo se califica CERCA DE PIEDRA; CHÍA; CUNDINAMARCA; 4,845470; -74,079670 ; 11179; en todos los riesgos, el riesgo de contaminacioon se refiere a la contanminacion a la carga con sustancias prohibidad u otros elementos ilicitos?"
TOLIMA,COELLO,LLANO DE LA VIRGEN,"4,246420","-74,878910",6634,"¿Cómo se califica LLANO DE LA VIRGEN; COELLO; TOLIMA; 4,246420; -74,878910 ; 6634; en todos los riesgos, el riesgo de contaminacioon se refiere a la contanminacion a la carga con sustancias prohibidad u otros elementos ilicitos?"
CUNDINAMARCA,CAPARRAPÍ,SAN RAMÓN ALTO,"5,327160","-74,565620",5191,"¿Cómo se califica SAN RAMÓN ALTO; CAPARRAPÍ; CUNDINAMARCA; 5,327160; -74,565620 ; 5191; en todos los riesgos, el riesgo de contaminacioon se refiere a la contanminacion a la carga con sustancias prohibidad u otros elementos ilicitos?"
CUNDINAMARCA,FACATATIVÁ,SAN RAFAEL BAJO,"4,828390","-74,379340",894,"¿Cómo se califica SAN RAFAEL BAJO; FACATATIVÁ; CUNDINAMARCA; 4,828390; -74,379340 ; 894; en todos los riesgos, el riesgo de contaminacioon se refiere a la contanminacion a la carga con sustancias prohibidad u otros elementos ilicitos?"
CUNDINAMARCA,CUCUNUBÁ,CUCUNUBÁ,"5,263510","-73,791090",12956,"¿Cómo se califica CUCUNUBÁ; CUCUNUBÁ; CUNDINAMARCA; 5,263510; -73,791090 ; 12956; en todos los riesgos, el riesgo de contaminacioon se refiere a la contanminacion a la carga con sustancias prohibidad u otros elementos ilicitos?"
CUNDINAMARCA,EL ROSAL,PUENTE EL ROSAL,"4,834260","-74,250320",8583,"¿Cómo se califica PUENTE EL ROSAL; EL ROSAL; CUNDINAMARCA; 4,834260; -74,250320 ; 8583; en todos los riesgos, el riesgo de contaminacioon se refiere a la contanminacion a la carga con sustancias prohibidad u otros elementos ilicitos?"
ANTIOQUIA,DONMATÍAS,DONMATÍAS,"6,508420","-75,395270",2191,"¿Cómo se califica DONMATÍAS; DONMATÍAS; ANTIOQUIA; 6,508420; -75,395270 ; 2191; en todos los riesgos, el riesgo de contaminacioon se refiere a la contanminacion a la carga con sustancias prohibidad u otros elementos ilicitos?"
BOLÍVAR,EL CARMEN DE BOLÍVAR,VERDÚN,"9,654090","-75,137480",11649,"¿Cómo se califica VERDÚN; EL CARMEN DE BOLÍVAR; BOLÍVAR; 9,654090; -75,137480 ; 11649; en todos los riesgos, el riesgo de contaminacioon se refiere a la contanminacion a la carga con sustancias prohibidad u otros elementos ilicitos?"
SANTANDER,CIMITARRA,EL ATERRADO,"6,513060","-74,422120",6022,"¿Cómo se califica EL ATERRADO; CIMITARRA; SANTANDER; 6,513060; -74,422120 ; 6022; en todos los riesgos, el riesgo de contaminacioon se refiere a la contanminacion a la carga con sustancias prohibidad u otros elementos ilicitos?"
CUNDINAMARCA,COTA,RESGUARDO INDIGENA MUISCA DE COTA,"4,797730","-74,106770",11061,"¿Cómo se califica RESGUARDO INDIGENA MUISCA DE COTA; COTA; CUNDINAMARCA; 4,797730; -74,106770 ; 11061; en todos los riesgos, el riesgo de contaminacioon se refiere a la contanminacion a la carga con sustancias prohibidad u otros elementos ilicitos?"
CUNDINAMARCA,CAPARRAPÍ,CAMBULO,"5,230910","-74,574480",5309,"¿Cómo se califica CAMBULO; CAPARRAPÍ; CUNDINAMARCA; 5,230910; -74,574480 ; 5309; en todos los riesgos, el riesgo de contaminacioon se refiere a la contanminacion a la carga con sustancias prohibidad u otros elementos ilicitos?"
CÓRDOBA,CHINÚ,VILLA FÁTIMA,"9,045720","-75,450490",9809,"¿Cómo se califica VILLA FÁTIMA; CHINÚ; CÓRDOBA; 9,045720; -75,450490 ; 9809; en todos los riesgos, el riesgo de contaminacioon se refiere a la contanminacion a la carga con sustancias prohibidad u otros elementos ilicitos?"
ANTIOQUIA,DONMATÍAS,DONMATÍAS,"6,508420","-75,395270",2059,"¿Cómo se califica DONMATÍAS; DONMATÍAS; ANTIOQUIA; 6,508420; -75,395270 ; 2059; en todos los riesgos, el riesgo de contaminacioon se refiere a la contanminacion a la carga con sustancias prohibidad u otros elementos ilicitos?"
CUNDINAMARCA,FACATATIVÁ,LOS MANZANOS,"4,843170","-74,397710",938,"¿Cómo se califica LOS MANZANOS; FACATATIVÁ; CUNDINAMARCA; 4,843170; -74,397710 ; 938; en todos los riesgos, el riesgo de contaminacioon se refiere a la contanminacion a la carga con sustancias prohibidad u otros elementos ilicitos?"
BOLÍVAR,EL CARMEN DE BOLÍVAR,PADULA,"9,688650","-75,120610",11684,"¿Cómo se califica PADULA; EL CARMEN DE BOLÍVAR; BOLÍVAR; 9,688650; -75,120610 ; 11684; en todos los riesgos, el riesgo de contaminacioon se refiere a la contanminacion a la carga con sustancias prohibidad u otros elementos ilicitos?"
VALLE DEL CAUCA,EL CERRITO,EL PLACER,"3,642610","-76,295190",301,"¿Cómo se califica EL PLACER; EL CERRITO; VALLE DEL CAUCA; 3,642610; -76,295190 ; 301; en todos los riesgos, el riesgo de contaminacioon se refiere a la contanminacion a la carga con sustancias prohibidad u otros elementos ilicitos?"
SANTANDER,CIMITARRA,LA TRAVIATA,"6,460000","-74,289780",5834,"¿Cómo se califica LA TRAVIATA; CIMITARRA; SANTANDER; 6,460000; -74,289780 ; 5834; en todos los riesgos, el riesgo de contaminacioon se refiere a la contanminacion a la carga con sustancias prohibidad u otros elementos ilicitos?"
SANTANDER,CIMITARRA,LA YE DE LA TORRE,"6,417280","-74,324740",5799,"¿Cómo se califica LA YE DE LA TORRE; CIMITARRA; SANTANDER; 6,417280; -74,324740 ; 5799; en todos los riesgos, el riesgo de contaminacioon se refiere a la contanminacion a la carga con sustancias prohibidad u otros elementos ilicitos?"
CÓRDOBA,CERETÉ,RUSIA,"8,922240","-75,814880",9113,"¿Cómo se califica RUSIA; CERETÉ; CÓRDOBA; 8,922240; -75,814880 ; 9113; en todos los riesgos, el riesgo de contaminacioon se refiere a la contanminacion a la carga con sustancias prohibidad u otros elementos ilicitos?"
CÓRDOBA,BUENAVISTA,PUERTO CÓRDOBA,"8,075600","-75,367040",7995,"¿Cómo se califica PUERTO CÓRDOBA; BUENAVISTA; CÓRDOBA; 8,075600; -75,367040 ; 7995; en todos los riesgos, el riesgo de contaminacioon se refiere a la contanminacion a la carga con sustancias prohibidad u otros elementos ilicitos?"
SUCRE,COROZAL,COROZAL,"9,327780","-75,283090",10706,"¿Cómo se califica COROZAL; COROZAL; SUCRE; 9,327780; -75,283090 ; 10706; en todos los riesgos, el riesgo de contaminacioon se refiere a la contanminacion a la carga con sustancias prohibidad u otros elementos ilicitos?"
CUNDINAMARCA,FÚQUENE,CAPELLANÍA,"5,394500","-73,779810",13295,"¿Cómo se califica CAPELLANÍA; FÚQUENE; CUNDINAMARCA; 5,394500; -73,779810 ; 13295; en todos los riesgos, el riesgo de contaminacioon se refiere a la contanminacion a la carga con sustancias prohibidad u otros elementos ilicitos?"
ANTIOQUIA,GIRARDOTA,SAN ESTEBAN,"6,383640","-75,465470",1182,"¿Cómo se califica SAN ESTEBAN; GIRARDOTA; ANTIOQUIA; 6,383640; -75,465470 ; 1182; en todos los riesgos, el riesgo de contaminacioon se refiere a la contanminacion a la carga con sustancias prohibidad u otros elementos ilicitos?"
TOLIMA,ESPINAL,CHICORAL,"4,220210","-74,940660",6495,"¿Cómo se califica CHICORAL; ESPINAL; TOLIMA; 4,220210; -74,940660 ; 6495; en todos los riesgos, el riesgo de contaminacioon se refiere a la contanminacion a la carga con sustancias prohibidad u otros elementos ilicitos?"
SUCRE,COROZAL,COROZAL,"9,327780","-75,283090",12792,"¿Cómo se califica COROZAL; COROZAL; SUCRE; 9,327780; -75,283090 ; 12792; en todos los riesgos, el riesgo de contaminacioon se refiere a la contanminacion a la carga con sustancias prohibidad u otros elementos ilicitos?"
ANTIOQUIA,ENVIGADO,ENVIGADO,"6,175020","-75,595450",99,"¿Cómo se califica ENVIGADO; ENVIGADO; ANTIOQUIA; 6,175020; -75,595450 ; 99; en todos los riesgos, el riesgo de contaminacioon se refiere a la contanminacion a la carga con sustancias prohibidad u otros elementos ilicitos?"
SANTANDER,CIMITARRA,SAN JUAN DE LA CARRETERA,"6,491330","-74,297290",5902,"¿Cómo se califica SAN JUAN DE LA CARRETERA; CIMITARRA; SANTANDER; 6,491330; -74,297290 ; 5902; en todos los riesgos, el riesgo de contaminacioon se refiere a la contanminacion a la carga con sustancias prohibidad u otros elementos ilicitos?"
SUCRE,COROZAL,LAS PALMAS,"9,287630","-75,354980",10443,"¿Cómo se califica LAS PALMAS; COROZAL; SUCRE; 9,287630; -75,354980 ; 10443; en todos los riesgos, el riesgo de contaminacioon se refiere a la contanminacion a la carga con sustancias prohibidad u otros elementos ilicitos?"
BOLÍVAR,EL CARMEN DE BOLÍVAR,VERDÚN,"9,654090","-75,137480",13735,"¿Cómo se califica VERDÚN; EL CARMEN DE BOLÍVAR; BOLÍVAR; 9,654090; -75,137480 ; 13735; en todos los riesgos, el riesgo de contaminacioon se refiere a la contanminacion a la carga con sustancias prohibidad u otros elementos ilicitos?"
CUNDINAMARCA,FACATATIVÁ,SAN JOSÉ,"4,802430","-74,340320",784,"¿Cómo se califica SAN JOSÉ; FACATATIVÁ; CUNDINAMARCA; 4,802430; -74,340320 ; 784; en todos los riesgos, el riesgo de contaminacioon se refiere a la contanminacion a la carga con sustancias prohibidad u otros elementos ilicitos?"
TOLIMA,IBAGUÉ,IBAGUÉ,"4,408450","-75,185000",5554,"¿Cómo se califica IBAGUÉ; IBAGUÉ; TOLIMA; 4,408450; -75,185000 ; 5554; en todos los riesgos, el riesgo de contaminacioon se refiere a la contanminacion a la carga con sustancias prohibidad u otros elementos ilicitos?"
MAGDALENA,EL PIÑÓN,EL PIÑÓN,"10,429300","-74,838260",15180,"¿Cómo se califica EL PIÑÓN; EL PIÑÓN; MAGDALENA; 10,429300; -74,838260 ; 15180; en todos los riesgos, el riesgo de contaminacioon se refiere a la contanminacion a la carga con sustancias prohibidad u otros elementos ilicitos?"
BOLÍVAR,EL CARMEN DE BOLÍVAR,EL CARMEN DE BOLÍVAR,"9,773320","-75,130050",13991,"¿Cómo se califica EL CARMEN DE BOLÍVAR; EL CARMEN DE BOLÍVAR; BOLÍVAR; 9,773320; -75,130050 ; 13991; en todos los riesgos, el riesgo de contaminacioon se refiere a la contanminacion a la carga con sustancias prohibidad u otros elementos ilicitos?"
CUNDINAMARCA,FACATATIVÁ,LOS ROBLES,"4,858810","-74,413820",999,"¿Cómo se califica LOS ROBLES; FACATATIVÁ; CUNDINAMARCA; 4,858810; -74,413820 ; 999; en todos los riesgos, el riesgo de contaminacioon se refiere a la contanminacion a la carga con sustancias prohibidad u otros elementos ilicitos?"
TOLIMA,COELLO,POTRERILLO,"4,233250","-74,978090",6307,"¿Cómo se califica POTRERILLO; COELLO; TOLIMA; 4,233250; -74,978090 ; 6307; en todos los riesgos, el riesgo de contaminacioon se refiere a la contanminacion a la carga con sustancias prohibidad u otros elementos ilicitos?"
CUNDINAMARCA,FACATATIVÁ,TIERRA GRATA (EL CRUCE),"4,847180","-74,269160",8558,"¿Cómo se califica TIERRA GRATA (EL CRUCE); FACATATIVÁ; CUNDINAMARCA; 4,847180; -74,269160 ; 8558; en todos los riesgos, el riesgo de contaminacioon se refiere a la contanminacion a la carga con sustancias prohibidad u otros elementos ilicitos?"
VALLE DEL CAUCA,EL CERRITO,EL CERRITO,"3,697210","-76,315870",386,"¿Cómo se califica EL CERRITO; EL CERRITO; VALLE DEL CAUCA; 3,697210; -76,315870 ; 386; en todos los riesgos, el riesgo de contaminacioon se refiere a la contanminacion a la carga con sustancias prohibidad u otros elementos ilicitos?"
VALLE DEL CAUCA,GINEBRA,SABALETAS,"3,737270","-76,323510",430,"¿Cómo se califica SABALETAS; GINEBRA; VALLE DEL CAUCA; 3,737270; -76,323510 ; 430; en todos los riesgos, el riesgo de contaminacioon se refiere a la contanminacion a la carga con sustancias prohibidad u otros elementos ilicitos?"
ANTIOQUIA,ITAGÜÍ,EL PORVENIR,"6,215250","-75,577370",316,"¿Cómo se califica EL PORVENIR; ITAGÜÍ; ANTIOQUIA; 6,215250; -75,577370 ; 316; en todos los riesgos, el riesgo de contaminacioon se refiere a la contanminacion a la carga con sustancias prohibidad u otros elementos ilicitos?"
CUNDINAMARCA,FACATATIVÁ,TIERRA GRATA ALTA,"4,854850","-74,279710",8537,"¿Cómo se califica TIERRA GRATA ALTA; FACATATIVÁ; CUNDINAMARCA; 4,854850; -74,279710 ; 8537; en todos los riesgos, el riesgo de contaminacioon se refiere a la contanminacion a la carga con sustancias prohibidad u otros elementos ilicitos?"
SUCRE,COROZAL,LAS BRUJAS,"9,345350","-75,283460",12842,"¿Cómo se califica LAS BRUJAS; COROZAL; SUCRE; 9,345350; -75,283460 ; 12842; en todos los riesgos, el riesgo de contaminacioon se refiere a la contanminacion a la carga con sustancias prohibidad u otros elementos ilicitos?"
TOLIMA,FLANDES,FLANDES,"4,292730","-74,805280",6864,"¿Cómo se califica FLANDES; FLANDES; TOLIMA; 4,292730; -74,805280 ; 6864; en todos los riesgos, el riesgo de contaminacioon se refiere a la contanminacion a la carga con sustancias prohibidad u otros elementos ilicitos?"
ANTIOQUIA,COPACABANA,COPACABANA,"6,357940","-75,499570",930,"¿Cómo se califica COPACABANA; COPACABANA; ANTIOQUIA; 6,357940; -75,499570 ; 930; en todos los riesgos, el riesgo de contaminacioon se refiere a la contanminacion a la carga con sustancias prohibidad u otros elementos ilicitos?"
CUNDINAMARCA,GUADUAS,ALTO DEL TRIGO,"5,026030","-74,510110",6724,"¿Cómo se califica ALTO DEL TRIGO; GUADUAS; CUNDINAMARCA; 5,026030; -74,510110 ; 6724; en todos los riesgos, el riesgo de contaminacioon se refiere a la contanminacion a la carga con sustancias prohibidad u otros elementos ilicitos?"
BOLÍVAR,EL CARMEN DE BOLÍVAR,PADULA,"9,688650","-75,120610",13770,"¿Cómo se califica PADULA; EL CARMEN DE BOLÍVAR; BOLÍVAR; 9,688650; -75,120610 ; 13770; en todos los riesgos, el riesgo de contaminacioon se refiere a la contanminacion a la carga con sustancias prohibidad u otros elementos ilicitos?"
ANTIOQUIA,GIRARDOTA,LA PALMA,"6,409320","-75,421910",1172,"¿Cómo se califica LA PALMA; GIRARDOTA; ANTIOQUIA; 6,409320; -75,421910 ; 1172; en todos los riesgos, el riesgo de contaminacioon se refiere a la contanminacion a la carga con sustancias prohibidad u otros elementos ilicitos?"
CÓRDOBA,LA APARTADA,CAMPO ALEGRE,"8,027650","-75,290200",7781,"¿Cómo se califica CAMPO ALEGRE; LA APARTADA; CÓRDOBA; 8,027650; -75,290200 ; 7781; en todos los riesgos, el riesgo de contaminacioon se refiere a la contanminacion a la carga con sustancias prohibidad u otros elementos ilicitos?"
CUNDINAMARCA,FUNZA,FUNZA,"4,742550","-74,174220",10843,"¿Cómo se califica FUNZA; FUNZA; CUNDINAMARCA; 4,742550; -74,174220 ; 10843; en todos los riesgos, el riesgo de contaminacioon se refiere a la contanminacion a la carga con sustancias prohibidad u otros elementos ilicitos?"
CUNDINAMARCA,COGUA,RINCÓN SANTO - SECTOR ZAMORA,"5,060070","-73,954100",11982,"¿Cómo se califica RINCÓN SANTO - SECTOR ZAMORA; COGUA; CUNDINAMARCA; 5,060070; -73,954100 ; 11982; en todos los riesgos, el riesgo de contaminacioon se refiere a la contanminacion a la carga con sustancias prohibidad u otros elementos ilicitos?"
CUNDINAMARCA,FÚQUENE,FÚQUENE,"5,403990","-73,795860",13369,"¿Cómo se califica FÚQUENE; FÚQUENE; CUNDINAMARCA; 5,403990; -73,795860 ; 13369; en todos los riesgos, el riesgo de contaminacioon se refiere a la contanminacion a la carga con sustancias prohibidad u otros elementos ilicitos?"
ANTIOQUIA,COPACABANA,EL SALADO,"6,371850","-75,489390",999,"¿Cómo se califica EL SALADO; COPACABANA; ANTIOQUIA; 6,371850; -75,489390 ; 999; en todos los riesgos, el riesgo de contaminacioon se refiere a la contanminacion a la carga con sustancias prohibidad u otros elementos ilicitos?"
CUNDINAMARCA,GUADUAS,LA CABAÑA,"5,066380","-74,560540",3663,"¿Cómo se califica LA CABAÑA; GUADUAS; CUNDINAMARCA; 5,066380; -74,560540 ; 3663; en todos los riesgos, el riesgo de contaminacioon se refiere a la contanminacion a la carga con sustancias prohibidad u otros elementos ilicitos?"
ANTIOQUIA,BARBOSA,EL PARAÍSO,"6,412600","-75,411640",1187,"¿Cómo se califica EL PARAÍSO; BARBOSA; ANTIOQUIA; 6,412600; -75,411640 ; 1187; en todos los riesgos, el riesgo de contaminacioon se refiere a la contanminacion a la carga con sustancias prohibidad u otros elementos ilicitos?"
ANTIOQUIA,GIRARDOTA,LA PALMA,"6,409320","-75,421910",1304,"¿Cómo se califica LA PALMA; GIRARDOTA; ANTIOQUIA; 6,409320; -75,421910 ; 1304; en todos los riesgos, el riesgo de contaminacioon se refiere a la contanminacion a la carga con sustancias prohibidad u otros elementos ilicitos?"
ANTIOQUIA,MACEO,MACEO,"6,621810","-74,794520",7508,"¿Cómo se califica MACEO; MACEO; ANTIOQUIA; 6,621810; -74,794520 ; 7508; en todos los riesgos, el riesgo de contaminacioon se refiere a la contanminacion a la carga con sustancias prohibidad u otros elementos ilicitos?"
CUNDINAMARCA,FACATATIVÁ,FACATATIVÁ,"4,809780","-74,356240",815,"¿Cómo se califica FACATATIVÁ; FACATATIVÁ; CUNDINAMARCA; 4,809780; -74,356240 ; 815; en todos los riesgos, el riesgo de contaminacioon se refiere a la contanminacion a la carga con sustancias prohibidad u otros elementos ilicitos?"
SUCRE,COROZAL,LAS PALMAS,"9,287630","-75,354980",12529,"¿Cómo se califica LAS PALMAS; COROZAL; SUCRE; 9,287630; -75,354980 ; 12529; en todos los riesgos, el riesgo de contaminacioon se refiere a la contanminacion a la carga con sustancias prohibidad u otros elementos ilicitos?"
ANTIOQUIA,GIRARDOTA,LOMA DE LOS OCHOA,"6,390250","-75,446270",1233,"¿Cómo se califica LOMA DE LOS OCHOA; GIRARDOTA; ANTIOQUIA; 6,390250; -75,446270 ; 1233; en todos los riesgos, el riesgo de contaminacioon se refiere a la contanminacion a la carga con sustancias prohibidad u otros elementos ilicitos?"
CUNDINAMARCA,CHÍA,SINDAMANOY I,"4,904070","-74,003620",11526,"¿Cómo se califica SINDAMANOY I; CHÍA; CUNDINAMARCA; 4,904070; -74,003620 ; 11526; en todos los riesgos, el riesgo de contaminacioon se refiere a la contanminacion a la carga con sustancias prohibidad u otros elementos ilicitos?"
TOLIMA,IBAGUÉ,COELLO - COCORA,"4,407010","-75,282270",5323,"¿Cómo se califica COELLO - COCORA; IBAGUÉ; TOLIMA; 4,407010; -75,282270 ; 5323; en todos los riesgos, el riesgo de contaminacioon se refiere a la contanminacion a la carga con sustancias prohibidad u otros elementos ilicitos?"
CUNDINAMARCA,FACATATIVÁ,PUEBLO VIEJO,"4,815270","-74,361770",828,"¿Cómo se califica PUEBLO VIEJO; FACATATIVÁ; CUNDINAMARCA; 4,815270; -74,361770 ; 828; en todos los riesgos, el riesgo de contaminacioon se refiere a la contanminacion a la carga con sustancias prohibidad u otros elementos ilicitos?"
CUNDINAMARCA,LA VEGA,EL VINO,"4,878110","-74,300300",8418,"¿Cómo se califica EL VINO; LA VEGA; CUNDINAMARCA; 4,878110; -74,300300 ; 8418; en todos los riesgos, el riesgo de contaminacioon se refiere a la contanminacion a la carga con sustancias prohibidad u otros elementos ilicitos?"
ANTIOQUIA,ITAGÜÍ,ITAGÜÍ,"6,174180","-75,596950",234,"¿Cómo se califica ITAGÜÍ; ITAGÜÍ; ANTIOQUIA; 6,174180; -75,596950 ; 234; en todos los riesgos, el riesgo de contaminacioon se refiere a la contanminacion a la carga con sustancias prohibidad u otros elementos ilicitos?"
CUNDINAMARCA,FUNZA,EL PAPAYO,"4,735360","-74,244670",570,"¿Cómo se califica EL PAPAYO; FUNZA; CUNDINAMARCA; 4,735360; -74,244670 ; 570; en todos los riesgos, el riesgo de contaminacioon se refiere a la contanminacion a la carga con sustancias prohibidad u otros elementos ilicitos?"
CUNDINAMARCA,CHÍA,ENCENILLOS DE SINDAMANOY,"4,908620","-74,001650",11533,"¿Cómo se califica ENCENILLOS DE SINDAMANOY; CHÍA; CUNDINAMARCA; 4,908620; -74,001650 ; 11533; en todos los riesgos, el riesgo de contaminacioon se refiere a la contanminacion a la carga con sustancias prohibidad u otros elementos ilicitos?"
ANTIOQUIA,GIRARDOTA,SAN ESTEBAN,"6,383640","-75,465470",1050,"¿Cómo se califica SAN ESTEBAN; GIRARDOTA; ANTIOQUIA; 6,383640; -75,465470 ; 1050; en todos los riesgos, el riesgo de contaminacioon se refiere a la contanminacion a la carga con sustancias prohibidad u otros elementos ilicitos?"
TOLIMA,COELLO,GUALANDAY,"4,283530","-75,021620",6119,"¿Cómo se califica GUALANDAY; COELLO; TOLIMA; 4,283530; -75,021620 ; 6119; en todos los riesgos, el riesgo de contaminacioon se refiere a la contanminacion a la carga con sustancias prohibidad u otros elementos ilicitos?"
ATLÁNTICO,GALAPA,GALAPA,"10,951860","-74,905000",16718,"¿Cómo se califica GALAPA; GALAPA; ATLÁNTICO; 10,951860; -74,905000 ; 16718; en todos los riesgos, el riesgo de contaminacioon se refiere a la contanminacion a la carga con sustancias prohibidad u otros elementos ilicitos?"
ANTIOQUIA,GIRARDOTA,EL PARAÍSO,"6,384290","-75,456510",1067,"¿Cómo se califica EL PARAÍSO; GIRARDOTA; ANTIOQUIA; 6,384290; -75,456510 ; 1067; en todos los riesgos, el riesgo de contaminacioon se refiere a la contanminacion a la carga con sustancias prohibidad u otros elementos ilicitos?"
ANTIOQUIA,GIRARDOTA,LOMA DE LOS OCHOA,"6,390250","-75,446270",1101,"¿Cómo se califica LOMA DE LOS OCHOA; GIRARDOTA; ANTIOQUIA; 6,390250; -75,446270 ; 1101; en todos los riesgos, el riesgo de contaminacioon se refiere a la contanminacion a la carga con sustancias prohibidad u otros elementos ilicitos?"
ANTIOQUIA,ENVIGADO,ENVIGADO,"6,181470","-75,589900",261,"¿Cómo se califica ENVIGADO; ENVIGADO; ANTIOQUIA; 6,181470; -75,589900 ; 261; en todos los riesgos, el riesgo de contaminacioon se refiere a la contanminacion a la carga con sustancias prohibidad u otros elementos ilicitos?"
CUNDINAMARCA,GIRARDOT,PIAMONTE,"4,379130","-74,774290",7184,"¿Cómo se califica PIAMONTE; GIRARDOT; CUNDINAMARCA; 4,379130; -74,774290 ; 7184; en todos los riesgos, el riesgo de contaminacioon se refiere a la contanminacion a la carga con sustancias prohibidad u otros elementos ilicitos?"
CÓRDOBA,COTORRA,PASO DE LAS FLORES,"9,027890","-75,827980",9232,"¿Cómo se califica PASO DE LAS FLORES; COTORRA; CÓRDOBA; 9,027890; -75,827980 ; 9232; en todos los riesgos, el riesgo de contaminacioon se refiere a la contanminacion a la carga con sustancias prohibidad u otros elementos ilicitos?"
VALLE DEL CAUCA,GUADALAJARA DE BUGA,GUADALAJARA DE BUGA,"3,922670","-76,291930",839,"¿Cómo se califica GUADALAJARA DE BUGA; GUADALAJARA DE BUGA; VALLE DEL CAUCA; 3,922670; -76,291930 ; 839; en todos los riesgos, el riesgo de contaminacioon se refiere a la contanminacion a la carga con sustancias prohibidad u otros elementos ilicitos?"
CUNDINAMARCA,COGUA,EL OLIVO,"5,075500","-73,937940",12005,"¿Cómo se califica EL OLIVO; COGUA; CUNDINAMARCA; 5,075500; -73,937940 ; 12005; en todos los riesgos, el riesgo de contaminacioon se refiere a la contanminacion a la carga con sustancias prohibidad u otros elementos ilicitos?"
VALLE DEL CAUCA,GUADALAJARA DE BUGA,QUEBRADASECA,"3,880410","-76,313130",723,"¿Cómo se califica QUEBRADASECA; GUADALAJARA DE BUGA; VALLE DEL CAUCA; 3,880410; -76,313130 ; 723; en todos los riesgos, el riesgo de contaminacioon se refiere a la contanminacion a la carga con sustancias prohibidad u otros elementos ilicitos?"
ANTIOQUIA,GIRARDOTA,SAN ANDRÉS,"6,397850","-75,434670",1133,"¿Cómo se califica SAN ANDRÉS; GIRARDOTA; ANTIOQUIA; 6,397850; -75,434670 ; 1133; en todos los riesgos, el riesgo de contaminacioon se refiere a la contanminacion a la carga con sustancias prohibidad u otros elementos ilicitos?"
VALLE DEL CAUCA,GUADALAJARA DE BUGA,EL VÍNCULO,"3,831420","-76,301230",594,"¿Cómo se califica EL VÍNCULO; GUADALAJARA DE BUGA; VALLE DEL CAUCA; 3,831420; -76,301230 ; 594; en todos los riesgos, el riesgo de contaminacioon se refiere a la contanminacion a la carga con sustancias prohibidad u otros elementos ilicitos?"
CÓRDOBA,LORICA,EL PLAYÓN,"9,181180","-75,815490",9397,"¿Cómo se califica EL PLAYÓN; LORICA; CÓRDOBA; 9,181180; -75,815490 ; 9397; en todos los riesgos, el riesgo de contaminacioon se refiere a la contanminacion a la carga con sustancias prohibidad u otros elementos ilicitos?"
TOLIMA,IBAGUÉ,APARCO,"4,365730","-75,135000",5730,"¿Cómo se califica APARCO; IBAGUÉ; TOLIMA; 4,365730; -75,135000 ; 5730; en todos los riesgos, el riesgo de contaminacioon se refiere a la contanminacion a la carga con sustancias prohibidad u otros elementos ilicitos?"
BOLÍVAR,EL GUAMO,SAN JOSÉ DE LATA,"10,108430","-75,054990",12525,"¿Cómo se califica SAN JOSÉ DE LATA; EL GUAMO; BOLÍVAR; 10,108430; -75,054990 ; 12525; en todos los riesgos, el riesgo de contaminacioon se refiere a la contanminacion a la carga con sustancias prohibidad u otros elementos ilicitos?"
CUNDINAMARCA,GUADUAS,ALTO DEL TRIGO,"5,012910","-74,541210",3374,"¿Cómo se califica ALTO DEL TRIGO; GUADUAS; CUNDINAMARCA; 5,012910; -74,541210 ; 3374; en todos los riesgos, el riesgo de contaminacioon se refiere a la contanminacion a la carga con sustancias prohibidad u otros elementos ilicitos?"
CUNDINAMARCA,COTA,LOS MANZANOS,"4,830210","-74,089550",11157,"¿Cómo se califica LOS MANZANOS; COTA; CUNDINAMARCA; 4,830210; -74,089550 ; 11157; en todos los riesgos, el riesgo de contaminacioon se refiere a la contanminacion a la carga con sustancias prohibidad u otros elementos ilicitos?"
VALLE DEL CAUCA,GUACARÍ,GUACARÍ,"3,775040","-76,326160",475,"¿Cómo se califica GUACARÍ; GUACARÍ; VALLE DEL CAUCA; 3,775040; -76,326160 ; 475; en todos los riesgos, el riesgo de contaminacioon se refiere a la contanminacion a la carga con sustancias prohibidad u otros elementos ilicitos?"
ANTIOQUIA,GIRARDOTA,SAN ANDRÉS,"6,397850","-75,434670",1265,"¿Cómo se califica SAN ANDRÉS; GIRARDOTA; ANTIOQUIA; 6,397850; -75,434670 ; 1265; en todos los riesgos, el riesgo de contaminacioon se refiere a la contanminacion a la carga con sustancias prohibidad u otros elementos ilicitos?"
VALLE DEL CAUCA,GUACARÍ,EL TRIUNFO,"3,709680","-76,319290",402,"¿Cómo se califica EL TRIUNFO; GUACARÍ; VALLE DEL CAUCA; 3,709680; -76,319290 ; 402; en todos los riesgos, el riesgo de contaminacioon se refiere a la contanminacion a la carga con sustancias prohibidad u otros elementos ilicitos?"
CÓRDOBA,MONTERÍA,EL QUINCE,"8,663330","-75,791040",8600,"¿Cómo se califica EL QUINCE; MONTERÍA; CÓRDOBA; 8,663330; -75,791040 ; 8600; en todos los riesgos, el riesgo de contaminacioon se refiere a la contanminacion a la carga con sustancias prohibidad u otros elementos ilicitos?"
TOLIMA,IBAGUÉ,LA MIEL,"4,339340","-75,101380",5862,"¿Cómo se califica LA MIEL; IBAGUÉ; TOLIMA; 4,339340; -75,101380 ; 5862; en todos los riesgos, el riesgo de contaminacioon se refiere a la contanminacion a la carga con sustancias prohibidad u otros elementos ilicitos?"
CUNDINAMARCA,FUNZA,FUNZA,"4,697500","-74,208770",434,"¿Cómo se califica FUNZA; FUNZA; CUNDINAMARCA; 4,697500; -74,208770 ; 434; en todos los riesgos, el riesgo de contaminacioon se refiere a la contanminacion a la carga con sustancias prohibidad u otros elementos ilicitos?"
CUNDINAMARCA,GUADUAS,GUADUERO,"5,230580","-74,574300",4404,"¿Cómo se califica GUADUERO; GUADUAS; CUNDINAMARCA; 5,230580; -74,574300 ; 4404; en todos los riesgos, el riesgo de contaminacioon se refiere a la contanminacion a la carga con sustancias prohibidad u otros elementos ilicitos?"
CUNDINAMARCA,COTA,RESGUARDO INDIGENA MUISCA DE COTA,"4,801060","-74,146790",9269,"¿Cómo se califica RESGUARDO INDIGENA MUISCA DE COTA; COTA; CUNDINAMARCA; 4,801060; -74,146790 ; 9269; en todos los riesgos, el riesgo de contaminacioon se refiere a la contanminacion a la carga con sustancias prohibidad u otros elementos ilicitos?"
VALLE DEL CAUCA,GUADALAJARA DE BUGA,SAN ANTONIO,"3,958410","-76,267010",921,"¿Cómo se califica SAN ANTONIO; GUADALAJARA DE BUGA; VALLE DEL CAUCA; 3,958410; -76,267010 ; 921; en todos los riesgos, el riesgo de contaminacioon se refiere a la contanminacion a la carga con sustancias prohibidad u otros elementos ilicitos?"
TOLIMA,IBAGUÉ,MARTINICA PARTE ALTA,"4,424270","-75,213640",5484,"¿Cómo se califica MARTINICA PARTE ALTA; IBAGUÉ; TOLIMA; 4,424270; -75,213640 ; 5484; en todos los riesgos, el riesgo de contaminacioon se refiere a la contanminacion a la carga con sustancias prohibidad u otros elementos ilicitos?"
VALLE DEL CAUCA,GUADALAJARA DE BUGA,LA UNIDAD,"3,858470","-76,296630",641,"¿Cómo se califica LA UNIDAD; GUADALAJARA DE BUGA; VALLE DEL CAUCA; 3,858470; -76,296630 ; 641; en todos los riesgos, el riesgo de contaminacioon se refiere a la contanminacion a la carga con sustancias prohibidad u otros elementos ilicitos?"
CÓRDOBA,MONTERÍA,LOS GARZONES,"8,833330","-75,832970",8877,"¿Cómo se califica LOS GARZONES; MONTERÍA; CÓRDOBA; 8,833330; -75,832970 ; 8877; en todos los riesgos, el riesgo de contaminacioon se refiere a la contanminacion a la carga con sustancias prohibidad u otros elementos ilicitos?"
ANTIOQUIA,ITAGÜÍ,EL PORVENIR,"6,211780","-75,567070",506,"¿Cómo se califica EL PORVENIR; ITAGÜÍ; ANTIOQUIA; 6,211780; -75,567070 ; 506; en todos los riesgos, el riesgo de contaminacioon se refiere a la contanminacion a la carga con sustancias prohibidad u otros elementos ilicitos?"
TOLIMA,IBAGUÉ,BUENOS AIRES,"4,314020","-75,062110",6019,"¿Cómo se califica BUENOS AIRES; IBAGUÉ; TOLIMA; 4,314020; -75,062110 ; 6019; en todos los riesgos, el riesgo de contaminacioon se refiere a la contanminacion a la carga con sustancias prohibidad u otros elementos ilicitos?"
CUNDINAMARCA,GUADUAS,GUADUERO,"5,134430","-74,591260",5445,"¿Cómo se califica GUADUERO; GUADUAS; CUNDINAMARCA; 5,134430; -74,591260 ; 5445; en todos los riesgos, el riesgo de contaminacioon se refiere a la contanminacion a la carga con sustancias prohibidad u otros elementos ilicitos?"
ANTIOQUIA,EL BAGRE,LAS SARDINAS EL PUENTE,"7,565530","-74,880900",9043,"¿Cómo se califica LAS SARDINAS EL PUENTE; EL BAGRE; ANTIOQUIA; 7,565530; -74,880900 ; 9043; en todos los riesgos, el riesgo de contaminacioon se refiere a la contanminacion a la carga con sustancias prohibidad u otros elementos ilicitos?"
VALLE DEL CAUCA,GUADALAJARA DE BUGA,ZANJÓN HONDO,"3,850320","-76,297670",624,"¿Cómo se califica ZANJÓN HONDO; GUADALAJARA DE BUGA; VALLE DEL CAUCA; 3,850320; -76,297670 ; 624; en todos los riesgos, el riesgo de contaminacioon se refiere a la contanminacion a la carga con sustancias prohibidad u otros elementos ilicitos?"
ANTIOQUIA,MACEO,LA FLORESTA,"6,499720","-74,756590",7221,"¿Cómo se califica LA FLORESTA; MACEO; ANTIOQUIA; 6,499720; -74,756590 ; 7221; en todos los riesgos, el riesgo de contaminacioon se refiere a la contanminacion a la carga con sustancias prohibidad u otros elementos ilicitos?"
CALDAS,LA DORADA,DOÑA JUANA,"5,514160","-74,637460",4805,"¿Cómo se califica DOÑA JUANA; LA DORADA; CALDAS; 5,514160; -74,637460 ; 4805; en todos los riesgos, el riesgo de contaminacioon se refiere a la contanminacion a la carga con sustancias prohibidad u otros elementos ilicitos?"
SUCRE,MORROA,BREMEN,"9,317500","-75,333220",12607,"¿Cómo se califica BREMEN; MORROA; SUCRE; 9,317500; -75,333220 ; 12607; en todos los riesgos, el riesgo de contaminacioon se refiere a la contanminacion a la carga con sustancias prohibidad u otros elementos ilicitos?"
TOLIMA,IBAGUÉ,LAURELES,"4,409240","-75,338890",4798,"¿Cómo se califica LAURELES; IBAGUÉ; TOLIMA; 4,409240; -75,338890 ; 4798; en todos los riesgos, el riesgo de contaminacioon se refiere a la contanminacion a la carga con sustancias prohibidad u otros elementos ilicitos?"
CUNDINAMARCA,GIRARDOT,BARZALOSA,"4,364270","-74,785920",7131,"¿Cómo se califica BARZALOSA; GIRARDOT; CUNDINAMARCA; 4,364270; -74,785920 ; 7131; en todos los riesgos, el riesgo de contaminacioon se refiere a la contanminacion a la carga con sustancias prohibidad u otros elementos ilicitos?"
TOLIMA,IBAGUÉ,TAPIAS,"4,410500","-75,335750",4829,"¿Cómo se califica TAPIAS; IBAGUÉ; TOLIMA; 4,410500; -75,335750 ; 4829; en todos los riesgos, el riesgo de contaminacioon se refiere a la contanminacion a la carga con sustancias prohibidad u otros elementos ilicitos?"
BOLÍVAR,EL CARMEN DE BOLÍVAR,EL CARMEN DE BOLÍVAR,"9,773320","-75,130050",11906,"¿Cómo se califica EL CARMEN DE BOLÍVAR; EL CARMEN DE BOLÍVAR; BOLÍVAR; 9,773320; -75,130050 ; 11906; en todos los riesgos, el riesgo de contaminacioon se refiere a la contanminacion a la carga con sustancias prohibidad u otros elementos ilicitos?"
CÓRDOBA,LA APARTADA,CAMPO ALEGRE,"8,027650","-75,290200",9825,"¿Cómo se califica CAMPO ALEGRE; LA APARTADA; CÓRDOBA; 8,027650; -75,290200 ; 9825; en todos los riesgos, el riesgo de contaminacioon se refiere a la contanminacion a la carga con sustancias prohibidad u otros elementos ilicitos?"
SUCRE,LOS PALMITOS,EL PIÑAL,"9,493450","-75,230500",13291,"¿Cómo se califica EL PIÑAL; LOS PALMITOS; SUCRE; 9,493450; -75,230500 ; 13291; en todos los riesgos, el riesgo de contaminacioon se refiere a la contanminacion a la carga con sustancias prohibidad u otros elementos ilicitos?"
SUCRE,LOS PALMITOS,EL PIÑAL,"9,493450","-75,230500",11205,"¿Cómo se califica EL PIÑAL; LOS PALMITOS; SUCRE; 9,493450; -75,230500 ; 11205; en todos los riesgos, el riesgo de contaminacioon se refiere a la contanminacion a la carga con sustancias prohibidad u otros elementos ilicitos?"
SUCRE,MORROA,MORROA,"9,320490","-75,305730",12697,"¿Cómo se califica MORROA; MORROA; SUCRE; 9,320490; -75,305730 ; 12697; en todos los riesgos, el riesgo de contaminacioon se refiere a la contanminacion a la carga con sustancias prohibidad u otros elementos ilicitos?"
ATLÁNTICO,JUAN DE ACOSTA,JUAN DE ACOSTA,"10,832850","-75,042470",14973,"¿Cómo se califica JUAN DE ACOSTA; JUAN DE ACOSTA; ATLÁNTICO; 10,832850; -75,042470 ; 14973; en todos los riesgos, el riesgo de contaminacioon se refiere a la contanminacion a la carga con sustancias prohibidad u otros elementos ilicitos?"
VALLE DEL CAUCA,GUACARÍ,SONSO,"3,807880","-76,308120",531,"¿Cómo se califica SONSO; GUACARÍ; VALLE DEL CAUCA; 3,807880; -76,308120 ; 531; en todos los riesgos, el riesgo de contaminacioon se refiere a la contanminacion a la carga con sustancias prohibidad u otros elementos ilicitos?"
TOLIMA,IBAGUÉ,ALTO DE GUALANDAY,"4,292070","-75,043360",6092,"¿Cómo se califica ALTO DE GUALANDAY; IBAGUÉ; TOLIMA; 4,292070; -75,043360 ; 6092; en todos los riesgos, el riesgo de contaminacioon se refiere a la contanminacion a la carga con sustancias prohibidad u otros elementos ilicitos?"
BOLÍVAR,EL GUAMO,SAN JOSÉ DE LATA,"10,108430","-75,054990",14611,"¿Cómo se califica SAN JOSÉ DE LATA; EL GUAMO; BOLÍVAR; 10,108430; -75,054990 ; 14611; en todos los riesgos, el riesgo de contaminacioon se refiere a la contanminacion a la carga con sustancias prohibidad u otros elementos ilicitos?"
CUNDINAMARCA,LA VEGA,LA VEGA,"4,963690","-74,325400",7863,"¿Cómo se califica LA VEGA; LA VEGA; CUNDINAMARCA; 4,963690; -74,325400 ; 7863; en todos los riesgos, el riesgo de contaminacioon se refiere a la contanminacion a la carga con sustancias prohibidad u otros elementos ilicitos?"
ANTIOQUIA,MARINILLA,MARINILLA,"6,144040","-75,308160",1578,"¿Cómo se califica MARINILLA; MARINILLA; ANTIOQUIA; 6,144040; -75,308160 ; 1578; en todos los riesgos, el riesgo de contaminacioon se refiere a la contanminacion a la carga con sustancias prohibidad u otros elementos ilicitos?"
QUINDÍO,LA TEBAIDA,FUNDACIÓN AMANECER,"4,447470","-75,823780",2247,"¿Cómo se califica FUNDACIÓN AMANECER; LA TEBAIDA; QUINDÍO; 4,447470; -75,823780 ; 2247; en todos los riesgos, el riesgo de contaminacioon se refiere a la contanminacion a la carga con sustancias prohibidad u otros elementos ilicitos?"
SUCRE,MORROA,SABANAS DE CALI,"9,355190","-75,283940",10780,"¿Cómo se califica SABANAS DE CALI; MORROA; SUCRE; 9,355190; -75,283940 ; 10780; en todos los riesgos, el riesgo de contaminacioon se refiere a la contanminacion a la carga con sustancias prohibidad u otros elementos ilicitos?"
ANTIOQUIA,ITAGÜÍ,ITAGÜÍ,"6,173990","-75,596920",242,"¿Cómo se califica ITAGÜÍ; ITAGÜÍ; ANTIOQUIA; 6,173990; -75,596920 ; 242; en todos los riesgos, el riesgo de contaminacioon se refiere a la contanminacion a la carga con sustancias prohibidad u otros elementos ilicitos?"
TOLIMA,IBAGUÉ,EL TOTUMO,"4,389780","-75,159960",5613,"¿Cómo se califica EL TOTUMO; IBAGUÉ; TOLIMA; 4,389780; -75,159960 ; 5613; en todos los riesgos, el riesgo de contaminacioon se refiere a la contanminacion a la carga con sustancias prohibidad u otros elementos ilicitos?"
CÓRDOBA,LA APARTADA,CAMPO ALEGRE,"8,027650","-75,290200",7911,"¿Cómo se califica CAMPO ALEGRE; LA APARTADA; CÓRDOBA; 8,027650; -75,290200 ; 7911; en todos los riesgos, el riesgo de contaminacioon se refiere a la contanminacion a la carga con sustancias prohibidad u otros elementos ilicitos?"
MAGDALENA,EL PIÑÓN,EL PIÑÓN,"10,429300","-74,838260",13095,"¿Cómo se califica EL PIÑÓN; EL PIÑÓN; MAGDALENA; 10,429300; -74,838260 ; 13095; en todos los riesgos, el riesgo de contaminacioon se refiere a la contanminacion a la carga con sustancias prohibidad u otros elementos ilicitos?"
CÓRDOBA,LA APARTADA,LA APARTADA,"8,057650","-75,345990",7839,"¿Cómo se califica LA APARTADA; LA APARTADA; CÓRDOBA; 8,057650; -75,345990 ; 7839; en todos los riesgos, el riesgo de contaminacioon se refiere a la contanminacion a la carga con sustancias prohibidad u otros elementos ilicitos?"
ANTIOQUIA,ITAGÜÍ,ITAGÜÍ,"6,174200","-75,612240",9,"¿Cómo se califica ITAGÜÍ; ITAGÜÍ; ANTIOQUIA; 6,174200; -75,612240 ; 9; en todos los riesgos, el riesgo de contaminacioon se refiere a la contanminacion a la carga con sustancias prohibidad u otros elementos ilicitos?"
ANTIOQUIA,MACEO,SAN JOSÉ DEL NUS (JOSÉ DE NUESTRA SEÑORA),"6,522780","-74,804560",7352,"¿Cómo se califica SAN JOSÉ DEL NUS (JOSÉ DE NUESTRA SEÑORA); MACEO; ANTIOQUIA; 6,522780; -74,804560 ; 7352; en todos los riesgos, el riesgo de contaminacioon se refiere a la contanminacion a la carga con sustancias prohibidad u otros elementos ilicitos?"
CUNDINAMARCA,NEMOCÓN,EL ORATORIO,"5,101320","-73,914270",12024,"¿Cómo se califica EL ORATORIO; NEMOCÓN; CUNDINAMARCA; 5,101320; -73,914270 ; 12024; en todos los riesgos, el riesgo de contaminacioon se refiere a la contanminacion a la carga con sustancias prohibidad u otros elementos ilicitos?"
CALDAS,LA DORADA,DOÑA JUANA,"5,561460","-74,625050",4966,"¿Cómo se califica DOÑA JUANA; LA DORADA; CALDAS; 5,561460; -74,625050 ; 4966; en todos los riesgos, el riesgo de contaminacioon se refiere a la contanminacion a la carga con sustancias prohibidad u otros elementos ilicitos?"
CUNDINAMARCA,LA CALERA,LA CALERA,"4,721010","-73,968220",11178,"¿Cómo se califica LA CALERA; LA CALERA; CUNDINAMARCA; 4,721010; -73,968220 ; 11178; en todos los riesgos, el riesgo de contaminacioon se refiere a la contanminacion a la carga con sustancias prohibidad u otros elementos ilicitos?"
ANTIOQUIA,LA ESTRELLA,LA ESTRELLA,"6,152870","-75,631870",99,"¿Cómo se califica LA ESTRELLA; LA ESTRELLA; ANTIOQUIA; 6,152870; -75,631870 ; 99; en todos los riesgos, el riesgo de contaminacioon se refiere a la contanminacion a la carga con sustancias prohibidad u otros elementos ilicitos?"
ANTIOQUIA,EL SANTUARIO,EL SANTUARIO,"6,099060","-75,224540",1790,"¿Cómo se califica EL SANTUARIO; EL SANTUARIO; ANTIOQUIA; 6,099060; -75,224540 ; 1790; en todos los riesgos, el riesgo de contaminacioon se refiere a la contanminacion a la carga con sustancias prohibidad u otros elementos ilicitos?"
CÓRDOBA,LA APARTADA,LA APARTADA,"8,057650","-75,345990",7969,"¿Cómo se califica LA APARTADA; LA APARTADA; CÓRDOBA; 8,057650; -75,345990 ; 7969; en todos los riesgos, el riesgo de contaminacioon se refiere a la contanminacion a la carga con sustancias prohibidad u otros elementos ilicitos?"
ANTIOQUIA,MEDELLÍN,"MEDELLÍN, DISTRITO ESPECIAL DE CIENCIA, TECNOLOGÍA E INNOVACIÓN","6,255460","-75,573720",304,"¿Cómo se califica MEDELLÍN, DISTRITO ESPECIAL DE CIENCIA, TECNOLOGÍA E INNOVACIÓN; MEDELLÍN; ANTIOQUIA; 6,255460; -75,573720 ; 304; en todos los riesgos, el riesgo de contaminacioon se refiere a la contanminacion a la carga con sustancias prohibidad u otros elementos ilicitos?"
CUNDINAMARCA,MADRID,PUENTE DE PIEDRA,"4,822260","-74,194390",8810,"¿Cómo se califica PUENTE DE PIEDRA; MADRID; CUNDINAMARCA; 4,822260; -74,194390 ; 8810; en todos los riesgos, el riesgo de contaminacioon se refiere a la contanminacion a la carga con sustancias prohibidad u otros elementos ilicitos?"
ATLÁNTICO,PALMAR DE VARELA,PALMAR DE VARELA,"10,746850","-74,767540",15580,"¿Cómo se califica PALMAR DE VARELA; PALMAR DE VARELA; ATLÁNTICO; 10,746850; -74,767540 ; 15580; en todos los riesgos, el riesgo de contaminacioon se refiere a la contanminacion a la carga con sustancias prohibidad u otros elementos ilicitos?"
QUINDÍO,LA TEBAIDA,LA TEBAIDA,"4,452520","-75,770730",2359,"¿Cómo se califica LA TEBAIDA; LA TEBAIDA; QUINDÍO; 4,452520; -75,770730 ; 2359; en todos los riesgos, el riesgo de contaminacioon se refiere a la contanminacion a la carga con sustancias prohibidad u otros elementos ilicitos?"
CUNDINAMARCA,LA MESA,SAN JAVIER,"4,646290","-74,438630",8727,"¿Cómo se califica SAN JAVIER; LA MESA; CUNDINAMARCA; 4,646290; -74,438630 ; 8727; en todos los riesgos, el riesgo de contaminacioon se refiere a la contanminacion a la carga con sustancias prohibidad u otros elementos ilicitos?"
CUNDINAMARCA,LA MESA,LA MESA,"4,643290","-74,448250",8663,"¿Cómo se califica LA MESA; LA MESA; CUNDINAMARCA; 4,643290; -74,448250 ; 8663; en todos los riesgos, el riesgo de contaminacioon se refiere a la contanminacion a la carga con sustancias prohibidad u otros elementos ilicitos?"
CUNDINAMARCA,FUNZA,FUNZA,"4,681110","-74,153560",9753,"¿Cómo se califica FUNZA; FUNZA; CUNDINAMARCA; 4,681110; -74,153560 ; 9753; en todos los riesgos, el riesgo de contaminacioon se refiere a la contanminacion a la carga con sustancias prohibidad u otros elementos ilicitos?"
CALDAS,LA DORADA,LA AGUSTINA,"5,576070","-74,624130",4751,"¿Cómo se califica LA AGUSTINA; LA DORADA; CALDAS; 5,576070; -74,624130 ; 4751; en todos los riesgos, el riesgo de contaminacioon se refiere a la contanminacion a la carga con sustancias prohibidad u otros elementos ilicitos?"
ANTIOQUIA,GIRARDOTA,EL PARAÍSO,"6,384290","-75,456510",1199,"¿Cómo se califica EL PARAÍSO; GIRARDOTA; ANTIOQUIA; 6,384290; -75,456510 ; 1199; en todos los riesgos, el riesgo de contaminacioon se refiere a la contanminacion a la carga con sustancias prohibidad u otros elementos ilicitos?"
ATLÁNTICO,MALAMBO,MALAMBO,"10,885520","-74,769410",13840,"¿Cómo se califica MALAMBO; MALAMBO; ATLÁNTICO; 10,885520; -74,769410 ; 13840; en todos los riesgos, el riesgo de contaminacioon se refiere a la contanminacion a la carga con sustancias prohibidad u otros elementos ilicitos?"
SUCRE,OVEJAS,PEDREGAL,"9,576440","-75,198020",11427,"¿Cómo se califica PEDREGAL; OVEJAS; SUCRE; 9,576440; -75,198020 ; 11427; en todos los riesgos, el riesgo de contaminacioon se refiere a la contanminacion a la carga con sustancias prohibidad u otros elementos ilicitos?"
VALLE DEL CAUCA,PALMIRA,PALMIRA,"3,546940","-76,310100",99,"¿Cómo se califica PALMIRA; PALMIRA; VALLE DEL CAUCA; 3,546940; -76,310100 ; 99; en todos los riesgos, el riesgo de contaminacioon se refiere a la contanminacion a la carga con sustancias prohibidad u otros elementos ilicitos?"
SUCRE,LOS PALMITOS,LOS PALMITOS,"9,423260","-75,245230",13062,"¿Cómo se califica LOS PALMITOS; LOS PALMITOS; SUCRE; 9,423260; -75,245230 ; 13062; en todos los riesgos, el riesgo de contaminacioon se refiere a la contanminacion a la carga con sustancias prohibidad u otros elementos ilicitos?"
ANTIOQUIA,LA ESTRELLA,LA ESTRELLA,"6,152870","-75,631870",99,"¿Cómo se califica LA ESTRELLA; LA ESTRELLA; ANTIOQUIA; 6,152870; -75,631870 ; 99; en todos los riesgos, el riesgo de contaminacioon se refiere a la contanminacion a la carga con sustancias prohibidad u otros elementos ilicitos?"
TOLIMA,FLANDES,CONDOMINIO VILLA ESPERANZA,"4,260270","-74,825880",6753,"¿Cómo se califica CONDOMINIO VILLA ESPERANZA; FLANDES; TOLIMA; 4,260270; -74,825880 ; 6753; en todos los riesgos, el riesgo de contaminacioon se refiere a la contanminacion a la carga con sustancias prohibidad u otros elementos ilicitos?"
QUINDÍO,LA TEBAIDA,CONDOMINIO MORACAWA,"4,451440","-75,802930",2271,"¿Cómo se califica CONDOMINIO MORACAWA; LA TEBAIDA; QUINDÍO; 4,451440; -75,802930 ; 2271; en todos los riesgos, el riesgo de contaminacioon se refiere a la contanminacion a la carga con sustancias prohibidad u otros elementos ilicitos?"
VALLE DEL CAUCA,GUACARÍ,GUACAS,"3,787560","-76,318770",492,"¿Cómo se califica GUACAS; GUACARÍ; VALLE DEL CAUCA; 3,787560; -76,318770 ; 492; en todos los riesgos, el riesgo de contaminacioon se refiere a la contanminacion a la carga con sustancias prohibidad u otros elementos ilicitos?"
CUNDINAMARCA,MOSQUERA,MOSQUERA,"4,711390","-74,212280",10757,"¿Cómo se califica MOSQUERA; MOSQUERA; CUNDINAMARCA; 4,711390; -74,212280 ; 10757; en todos los riesgos, el riesgo de contaminacioon se refiere a la contanminacion a la carga con sustancias prohibidad u otros elementos ilicitos?"
CÓRDOBA,PLANETA RICA,EL REPARO,"8,390730","-75,580010",10250,"¿Cómo se califica EL REPARO; PLANETA RICA; CÓRDOBA; 8,390730; -75,580010 ; 10250; en todos los riesgos, el riesgo de contaminacioon se refiere a la contanminacion a la carga con sustancias prohibidad u otros elementos ilicitos?"
CÓRDOBA,LORICA,MATA DE CAÑA,"9,084960","-75,820330",9280,"¿Cómo se califica MATA DE CAÑA; LORICA; CÓRDOBA; 9,084960; -75,820330 ; 9280; en todos los riesgos, el riesgo de contaminacioon se refiere a la contanminacion a la carga con sustancias prohibidad u otros elementos ilicitos?"
CÓRDOBA,LORICA,SANTA CRUZ DE LORICA,"9,240790","-75,816100",9499,"¿Cómo se califica SANTA CRUZ DE LORICA; LORICA; CÓRDOBA; 9,240790; -75,816100 ; 9499; en todos los riesgos, el riesgo de contaminacioon se refiere a la contanminacion a la carga con sustancias prohibidad u otros elementos ilicitos?"
ATLÁNTICO,MALAMBO,MALAMBO,"10,885520","-74,769410",15925,"¿Cómo se califica MALAMBO; MALAMBO; ATLÁNTICO; 10,885520; -74,769410 ; 15925; en todos los riesgos, el riesgo de contaminacioon se refiere a la contanminacion a la carga con sustancias prohibidad u otros elementos ilicitos?"
CUNDINAMARCA,FACATATIVÁ,SANTA MARTHA - LA ESPERANZA,"4,791750","-74,335600",756,"¿Cómo se califica SANTA MARTHA - LA ESPERANZA; FACATATIVÁ; CUNDINAMARCA; 4,791750; -74,335600 ; 756; en todos los riesgos, el riesgo de contaminacioon se refiere a la contanminacion a la carga con sustancias prohibidad u otros elementos ilicitos?"
CÓRDOBA,LORICA,LA PALMA,"9,215110","-75,813880",9430,"¿Cómo se califica LA PALMA; LORICA; CÓRDOBA; 9,215110; -75,813880 ; 9430; en todos los riesgos, el riesgo de contaminacioon se refiere a la contanminacion a la carga con sustancias prohibidad u otros elementos ilicitos?"
CÓRDOBA,MONTERÍA,EL DOCE,"8,704440","-75,825780",8649,"¿Cómo se califica EL DOCE; MONTERÍA; CÓRDOBA; 8,704440; -75,825780 ; 8649; en todos los riesgos, el riesgo de contaminacioon se refiere a la contanminacion a la carga con sustancias prohibidad u otros elementos ilicitos?"
CÓRDOBA,LORICA,COTOCA ARRIBA,"9,148710","-75,836580",9332,"¿Cómo se califica COTOCA ARRIBA; LORICA; CÓRDOBA; 9,148710; -75,836580 ; 9332; en todos los riesgos, el riesgo de contaminacioon se refiere a la contanminacion a la carga con sustancias prohibidad u otros elementos ilicitos?"
CÓRDOBA,PLANETA RICA,LAS PELONAS,"8,448890","-75,527730",10483,"¿Cómo se califica LAS PELONAS; PLANETA RICA; CÓRDOBA; 8,448890; -75,527730 ; 10483; en todos los riesgos, el riesgo de contaminacioon se refiere a la contanminacion a la carga con sustancias prohibidad u otros elementos ilicitos?"
ANTIOQUIA,ENVIGADO,ENVIGADO,"6,181340","-75,590160",247,"¿Cómo se califica ENVIGADO; ENVIGADO; ANTIOQUIA; 6,181340; -75,590160 ; 247; en todos los riesgos, el riesgo de contaminacioon se refiere a la contanminacion a la carga con sustancias prohibidad u otros elementos ilicitos?"
CUNDINAMARCA,MADRID,MADRID,"4,750150","-74,293370",658,"¿Cómo se califica MADRID; MADRID; CUNDINAMARCA; 4,750150; -74,293370 ; 658; en todos los riesgos, el riesgo de contaminacioon se refiere a la contanminacion a la carga con sustancias prohibidad u otros elementos ilicitos?"
CÓRDOBA,LA APARTADA,LA APARTADA,"8,057650","-75,345990",9883,"¿Cómo se califica LA APARTADA; LA APARTADA; CÓRDOBA; 8,057650; -75,345990 ; 9883; en todos los riesgos, el riesgo de contaminacioon se refiere a la contanminacion a la carga con sustancias prohibidad u otros elementos ilicitos?"
CUNDINAMARCA,FACATATIVÁ,LA YERBABUENA,"4,850460","-74,404120",954,"¿Cómo se califica LA YERBABUENA; FACATATIVÁ; CUNDINAMARCA; 4,850460; -74,404120 ; 954; en todos los riesgos, el riesgo de contaminacioon se refiere a la contanminacion a la carga con sustancias prohibidad u otros elementos ilicitos?"
CUNDINAMARCA,MADRID,LA CUESTA,"4,856460","-74,173310",8957,"¿Cómo se califica LA CUESTA; MADRID; CUNDINAMARCA; 4,856460; -74,173310 ; 8957; en todos los riesgos, el riesgo de contaminacioon se refiere a la contanminacion a la carga con sustancias prohibidad u otros elementos ilicitos?"
SUCRE,MORROA,EL RINCÓN,"9,371350","-75,272800",12907,"¿Cómo se califica EL RINCÓN; MORROA; SUCRE; 9,371350; -75,272800 ; 12907; en todos los riesgos, el riesgo de contaminacioon se refiere a la contanminacion a la carga con sustancias prohibidad u otros elementos ilicitos?"
CÓRDOBA,MONTERÍA,BESITO VOLAO,"8,730070","-75,847480",8681,"¿Cómo se califica BESITO VOLAO; MONTERÍA; CÓRDOBA; 8,730070; -75,847480 ; 8681; en todos los riesgos, el riesgo de contaminacioon se refiere a la contanminacion a la carga con sustancias prohibidad u otros elementos ilicitos?"
CÓRDOBA,PLANETA RICA,EL REPARO,"8,400130","-75,570390",8330,"¿Cómo se califica EL REPARO; PLANETA RICA; CÓRDOBA; 8,400130; -75,570390 ; 8330; en todos los riesgos, el riesgo de contaminacioon se refiere a la contanminacion a la carga con sustancias prohibidad u otros elementos ilicitos?"
CUNDINAMARCA,FUNZA,SAN ANTONIO LOS PINOS,"4,718410","-74,238530",541,"¿Cómo se califica SAN ANTONIO LOS PINOS; FUNZA; CUNDINAMARCA; 4,718410; -74,238530 ; 541; en todos los riesgos, el riesgo de contaminacioon se refiere a la contanminacion a la carga con sustancias prohibidad u otros elementos ilicitos?"
ANTIOQUIA,MEDELLÍN,"MEDELLÍN, DISTRITO ESPECIAL DE CIENCIA, TECNOLOGÍA E INNOVACIÓN","6,225670","-75,550760",650,"¿Cómo se califica MEDELLÍN, DISTRITO ESPECIAL DE CIENCIA, TECNOLOGÍA E INNOVACIÓN; MEDELLÍN; ANTIOQUIA; 6,225670; -75,550760 ; 650; en todos los riesgos, el riesgo de contaminacioon se refiere a la contanminacion a la carga con sustancias prohibidad u otros elementos ilicitos?"
CÓRDOBA,BUENAVISTA,PUERTO CÓRDOBA,"8,075600","-75,367040",9909,"¿Cómo se califica PUERTO CÓRDOBA; BUENAVISTA; CÓRDOBA; 8,075600; -75,367040 ; 9909; en todos los riesgos, el riesgo de contaminacioon se refiere a la contanminacion a la carga con sustancias prohibidad u otros elementos ilicitos?"
CUNDINAMARCA,GACHANCIPÁ,EL ROBLE SUR,"4,981530","-73,904230",11767,"¿Cómo se califica EL ROBLE SUR; GACHANCIPÁ; CUNDINAMARCA; 4,981530; -73,904230 ; 11767; en todos los riesgos, el riesgo de contaminacioon se refiere a la contanminacion a la carga con sustancias prohibidad u otros elementos ilicitos?"
ANTIOQUIA,MEDELLÍN,SANTA ELENA,"6,222340","-75,508580",745,"¿Cómo se califica SANTA ELENA; MEDELLÍN; ANTIOQUIA; 6,222340; -75,508580 ; 745; en todos los riesgos, el riesgo de contaminacioon se refiere a la contanminacion a la carga con sustancias prohibidad u otros elementos ilicitos?"
CUNDINAMARCA,NEMOCÓN,PATIO BONITO,"5,159960","-73,896780",12120,"¿Cómo se califica PATIO BONITO; NEMOCÓN; CUNDINAMARCA; 5,159960; -73,896780 ; 12120; en todos los riesgos, el riesgo de contaminacioon se refiere a la contanminacion a la carga con sustancias prohibidad u otros elementos ilicitos?"
SUCRE,MORROA,LAS FLORES,"9,318460","-75,320680",10562,"¿Cómo se califica LAS FLORES; MORROA; SUCRE; 9,318460; -75,320680 ; 10562; en todos los riesgos, el riesgo de contaminacioon se refiere a la contanminacion a la carga con sustancias prohibidad u otros elementos ilicitos?"
CÓRDOBA,PLANETA RICA,PAMPLONA,"8,367980","-75,564720",8158,"¿Cómo se califica PAMPLONA; PLANETA RICA; CÓRDOBA; 8,367980; -75,564720 ; 8158; en todos los riesgos, el riesgo de contaminacioon se refiere a la contanminacion a la carga con sustancias prohibidad u otros elementos ilicitos?"
SUCRE,LOS PALMITOS,EL COLEY,"9,360150","-75,280650",12871,"¿Cómo se califica EL COLEY; LOS PALMITOS; SUCRE; 9,360150; -75,280650 ; 12871; en todos los riesgos, el riesgo de contaminacioon se refiere a la contanminacion a la carga con sustancias prohibidad u otros elementos ilicitos?"
ANTIOQUIA,MEDELLÍN,"MEDELLÍN, DISTRITO ESPECIAL DE CIENCIA, TECNOLOGÍA E INNOVACIÓN","6,255460","-75,573720",436,"¿Cómo se califica MEDELLÍN, DISTRITO ESPECIAL DE CIENCIA, TECNOLOGÍA E INNOVACIÓN; MEDELLÍN; ANTIOQUIA; 6,255460; -75,573720 ; 436; en todos los riesgos, el riesgo de contaminacioon se refiere a la contanminacion a la carga con sustancias prohibidad u otros elementos ilicitos?"
CUNDINAMARCA,CHÍA,EL ESPEJO,"4,861400","-74,061500",11279,"¿Cómo se califica EL ESPEJO; CHÍA; CUNDINAMARCA; 4,861400; -74,061500 ; 11279; en todos los riesgos, el riesgo de contaminacioon se refiere a la contanminacion a la carga con sustancias prohibidad u otros elementos ilicitos?"
CUNDINAMARCA,GIRARDOT,GIRARDOT,"4,338870","-74,804530",7037,"¿Cómo se califica GIRARDOT; GIRARDOT; CUNDINAMARCA; 4,338870; -74,804530 ; 7037; en todos los riesgos, el riesgo de contaminacioon se refiere a la contanminacion a la carga con sustancias prohibidad u otros elementos ilicitos?"
ANTIOQUIA,MEDELLÍN,TCC Principal,"6,298060","-75,566400",443,"¿Cómo se califica TCC Principal; MEDELLÍN; ANTIOQUIA; 6,298060; -75,566400 ; 443; en todos los riesgos, el riesgo de contaminacioon se refiere a la contanminacion a la carga con sustancias prohibidad u otros elementos ilicitos?"
CUNDINAMARCA,PUERTO SALGAR,COLORADOS,"5,505840","-74,627510",4890,"¿Cómo se califica COLORADOS; PUERTO SALGAR; CUNDINAMARCA; 5,505840; -74,627510 ; 4890; en todos los riesgos, el riesgo de contaminacioon se refiere a la contanminacion a la carga con sustancias prohibidad u otros elementos ilicitos?"
SUCRE,OVEJAS,SAN FRANCISCO,"9,620110","-75,157830",13659,"¿Cómo se califica SAN FRANCISCO; OVEJAS; SUCRE; 9,620110; -75,157830 ; 13659; en todos los riesgos, el riesgo de contaminacioon se refiere a la contanminacion a la carga con sustancias prohibidad u otros elementos ilicitos?"
ATLÁNTICO,PONEDERA,PONEDERA,"10,679730","-74,749040",15488,"¿Cómo se califica PONEDERA; PONEDERA; ATLÁNTICO; 10,679730; -74,749040 ; 15488; en todos los riesgos, el riesgo de contaminacioon se refiere a la contanminacion a la carga con sustancias prohibidad u otros elementos ilicitos?"
SUCRE,MORROA,EL RINCÓN,"9,371350","-75,272800",10821,"¿Cómo se califica EL RINCÓN; MORROA; SUCRE; 9,371350; -75,272800 ; 10821; en todos los riesgos, el riesgo de contaminacioon se refiere a la contanminacion a la carga con sustancias prohibidad u otros elementos ilicitos?"
CÓRDOBA,MONTERÍA,MONTERÍA,"8,769880","-75,850650",8784,"¿Cómo se califica MONTERÍA; MONTERÍA; CÓRDOBA; 8,769880; -75,850650 ; 8784; en todos los riesgos, el riesgo de contaminacioon se refiere a la contanminacion a la carga con sustancias prohibidad u otros elementos ilicitos?"
CÓRDOBA,LORICA,NARIÑO,"9,171650","-75,821860",9378,"¿Cómo se califica NARIÑO; LORICA; CÓRDOBA; 9,171650; -75,821860 ; 9378; en todos los riesgos, el riesgo de contaminacioon se refiere a la contanminacion a la carga con sustancias prohibidad u otros elementos ilicitos?"
CUNDINAMARCA,GUADUAS,LA CABAÑA,"5,029290","-74,507180",6758,"¿Cómo se califica LA CABAÑA; GUADUAS; CUNDINAMARCA; 5,029290; -74,507180 ; 6758; en todos los riesgos, el riesgo de contaminacioon se refiere a la contanminacion a la carga con sustancias prohibidad u otros elementos ilicitos?"
ANTIOQUIA,MEDELLÍN,TCC Principal,"6,298060","-75,566400",575,"¿Cómo se califica TCC Principal; MEDELLÍN; ANTIOQUIA; 6,298060; -75,566400 ; 575; en todos los riesgos, el riesgo de contaminacioon se refiere a la contanminacion a la carga con sustancias prohibidad u otros elementos ilicitos?"
SUCRE,OVEJAS,DAMASCO,"9,601890","-75,180520",11486,"¿Cómo se califica DAMASCO; OVEJAS; SUCRE; 9,601890; -75,180520 ; 11486; en todos los riesgos, el riesgo de contaminacioon se refiere a la contanminacion a la carga con sustancias prohibidad u otros elementos ilicitos?"
CUNDINAMARCA,NEMOCÓN,EL PLAN,"5,124180","-73,906330",12060,"¿Cómo se califica EL PLAN; NEMOCÓN; CUNDINAMARCA; 5,124180; -73,906330 ; 12060; en todos los riesgos, el riesgo de contaminacioon se refiere a la contanminacion a la carga con sustancias prohibidad u otros elementos ilicitos?"
ANTIOQUIA,PUERTO BERRÍO,DORADO - CALAMAR,"6,465370","-74,675520",6847,"¿Cómo se califica DORADO - CALAMAR; PUERTO BERRÍO; ANTIOQUIA; 6,465370; -74,675520 ; 6847; en todos los riesgos, el riesgo de contaminacioon se refiere a la contanminacion a la carga con sustancias prohibidad u otros elementos ilicitos?"
CÓRDOBA,PLANETA RICA,PLANETA RICA,"8,429160","-75,557940",10342,"¿Cómo se califica PLANETA RICA; PLANETA RICA; CÓRDOBA; 8,429160; -75,557940 ; 10342; en todos los riesgos, el riesgo de contaminacioon se refiere a la contanminacion a la carga con sustancias prohibidad u otros elementos ilicitos?"
SUCRE,MORROA,BREMEN,"9,317500","-75,333220",10521,"¿Cómo se califica BREMEN; MORROA; SUCRE; 9,317500; -75,333220 ; 10521; en todos los riesgos, el riesgo de contaminacioon se refiere a la contanminacion a la carga con sustancias prohibidad u otros elementos ilicitos?"
SUCRE,MORROA,LAS FLORES,"9,318460","-75,320680",12648,"¿Cómo se califica LAS FLORES; MORROA; SUCRE; 9,318460; -75,320680 ; 12648; en todos los riesgos, el riesgo de contaminacioon se refiere a la contanminacion a la carga con sustancias prohibidad u otros elementos ilicitos?"
CUNDINAMARCA,GUADUAS,GUADUAS,"5,041380","-74,581640",5803,"¿Cómo se califica GUADUAS; GUADUAS; CUNDINAMARCA; 5,041380; -74,581640 ; 5803; en todos los riesgos, el riesgo de contaminacioon se refiere a la contanminacion a la carga con sustancias prohibidad u otros elementos ilicitos?"
CUNDINAMARCA,NOCAIMA,TOBIA CHICA,"5,028540","-74,366290",7556,"¿Cómo se califica TOBIA CHICA; NOCAIMA; CUNDINAMARCA; 5,028540; -74,366290 ; 7556; en todos los riesgos, el riesgo de contaminacioon se refiere a la contanminacion a la carga con sustancias prohibidad u otros elementos ilicitos?"
CÓRDOBA,PLANETA RICA,EL REPARO,"8,400130","-75,570390",8200,"¿Cómo se califica EL REPARO; PLANETA RICA; CÓRDOBA; 8,400130; -75,570390 ; 8200; en todos los riesgos, el riesgo de contaminacioon se refiere a la contanminacion a la carga con sustancias prohibidad u otros elementos ilicitos?"
CÓRDOBA,PLANETA RICA,PAMPLONA,"8,367980","-75,564720",10202,"¿Cómo se califica PAMPLONA; PLANETA RICA; CÓRDOBA; 8,367980; -75,564720 ; 10202; en todos los riesgos, el riesgo de contaminacioon se refiere a la contanminacion a la carga con sustancias prohibidad u otros elementos ilicitos?"
CUNDINAMARCA,PUERTO SALGAR,COLORADOS,"5,445580","-74,598890",4979,"¿Cómo se califica COLORADOS; PUERTO SALGAR; CUNDINAMARCA; 5,445580; -74,598890 ; 4979; en todos los riesgos, el riesgo de contaminacioon se refiere a la contanminacion a la carga con sustancias prohibidad u otros elementos ilicitos?"
CÓRDOBA,PLANETA RICA,PLAZA BONITA,"8,328470","-75,545030",8113,"¿Cómo se califica PLAZA BONITA; PLANETA RICA; CÓRDOBA; 8,328470; -75,545030 ; 8113; en todos los riesgos, el riesgo de contaminacioon se refiere a la contanminacion a la carga con sustancias prohibidad u otros elementos ilicitos?"
CALDAS,LA DORADA,LA AGUSTINA,"5,679230","-74,612090",5013,"¿Cómo se califica LA AGUSTINA; LA DORADA; CALDAS; 5,679230; -74,612090 ; 5013; en todos los riesgos, el riesgo de contaminacioon se refiere a la contanminacion a la carga con sustancias prohibidad u otros elementos ilicitos?"
CUNDINAMARCA,MOSQUERA,MOSQUERA,"4,701840","-74,231240",483,"¿Cómo se califica MOSQUERA; MOSQUERA; CUNDINAMARCA; 4,701840; -74,231240 ; 483; en todos los riesgos, el riesgo de contaminacioon se refiere a la contanminacion a la carga con sustancias prohibidad u otros elementos ilicitos?"
CUNDINAMARCA,GIRARDOT,BERLÍN,"4,397140","-74,750370",7242,"¿Cómo se califica BERLÍN; GIRARDOT; CUNDINAMARCA; 4,397140; -74,750370 ; 7242; en todos los riesgos, el riesgo de contaminacioon se refiere a la contanminacion a la carga con sustancias prohibidad u otros elementos ilicitos?"
ANTIOQUIA,MEDELLÍN,EL PLAN,"6,223290","-75,531150",706,"¿Cómo se califica EL PLAN; MEDELLÍN; ANTIOQUIA; 6,223290; -75,531150 ; 706; en todos los riesgos, el riesgo de contaminacioon se refiere a la contanminacion a la carga con sustancias prohibidad u otros elementos ilicitos?"
ANTIOQUIA,PUERTO NARE,PUERTO NARE,"6,196080","-74,559160",5550,"¿Cómo se califica PUERTO NARE; PUERTO NARE; ANTIOQUIA; 6,196080; -74,559160 ; 5550; en todos los riesgos, el riesgo de contaminacioon se refiere a la contanminacion a la carga con sustancias prohibidad u otros elementos ilicitos?"
ATLÁNTICO,PONEDERA,SANTA RITA,"10,614590","-74,768780",15400,"¿Cómo se califica SANTA RITA; PONEDERA; ATLÁNTICO; 10,614590; -74,768780 ; 15400; en todos los riesgos, el riesgo de contaminacioon se refiere a la contanminacion a la carga con sustancias prohibidad u otros elementos ilicitos?"
CÓRDOBA,PUEBLO NUEVO,PUEBLO NUEVO,"8,527580","-75,504970",8564,"¿Cómo se califica PUEBLO NUEVO; PUEBLO NUEVO; CÓRDOBA; 8,527580; -75,504970 ; 8564; en todos los riesgos, el riesgo de contaminacioon se refiere a la contanminacion a la carga con sustancias prohibidad u otros elementos ilicitos?"
ATLÁNTICO,PONEDERA,PUERTO GIRALDO,"10,549020","-74,802850",15350,"¿Cómo se califica PUERTO GIRALDO; PONEDERA; ATLÁNTICO; 10,549020; -74,802850 ; 15350; en todos los riesgos, el riesgo de contaminacioon se refiere a la contanminacion a la carga con sustancias prohibidad u otros elementos ilicitos?"
SUCRE,MORROA,MORROA,"9,320490","-75,305730",10611,"¿Cómo se califica MORROA; MORROA; SUCRE; 9,320490; -75,305730 ; 10611; en todos los riesgos, el riesgo de contaminacioon se refiere a la contanminacion a la carga con sustancias prohibidad u otros elementos ilicitos?"
SUCRE,OVEJAS,OVEJAS,"9,549070","-75,217750",11372,"¿Cómo se califica OVEJAS; OVEJAS; SUCRE; 9,549070; -75,217750 ; 11372; en todos los riesgos, el riesgo de contaminacioon se refiere a la contanminacion a la carga con sustancias prohibidad u otros elementos ilicitos?"
ANTIOQUIA,GIRARDOTA,LA CALLE,"6,402760","-75,429280",1154,"¿Cómo se califica LA CALLE; GIRARDOTA; ANTIOQUIA; 6,402760; -75,429280 ; 1154; en todos los riesgos, el riesgo de contaminacioon se refiere a la contanminacion a la carga con sustancias prohibidad u otros elementos ilicitos?"
CÓRDOBA,MONTERÍA,PATIO BONITO,"8,628360","-75,761760",8559,"¿Cómo se califica PATIO BONITO; MONTERÍA; CÓRDOBA; 8,628360; -75,761760 ; 8559; en todos los riesgos, el riesgo de contaminacioon se refiere a la contanminacion a la carga con sustancias prohibidad u otros elementos ilicitos?"
CÓRDOBA,LA APARTADA,PUERTO CÓRDOBA,"8,067490","-75,357030",7853,"¿Cómo se califica PUERTO CÓRDOBA; LA APARTADA; CÓRDOBA; 8,067490; -75,357030 ; 7853; en todos los riesgos, el riesgo de contaminacioon se refiere a la contanminacion a la carga con sustancias prohibidad u otros elementos ilicitos?"
ATLÁNTICO,PONEDERA,SANTA RITA,"10,614590","-74,768780",13315,"¿Cómo se califica SANTA RITA; PONEDERA; ATLÁNTICO; 10,614590; -74,768780 ; 13315; en todos los riesgos, el riesgo de contaminacioon se refiere a la contanminacion a la carga con sustancias prohibidad u otros elementos ilicitos?"
CÓRDOBA,PUEBLO NUEVO,LA MAGDALENA,"8,615770","-75,482850",10829,"¿Cómo se califica LA MAGDALENA; PUEBLO NUEVO; CÓRDOBA; 8,615770; -75,482850 ; 10829; en todos los riesgos, el riesgo de contaminacioon se refiere a la contanminacion a la carga con sustancias prohibidad u otros elementos ilicitos?"
CÓRDOBA,PUEBLO NUEVO,LA GRANJITA,"8,479220","-75,518890",8466,"¿Cómo se califica LA GRANJITA; PUEBLO NUEVO; CÓRDOBA; 8,479220; -75,518890 ; 8466; en todos los riesgos, el riesgo de contaminacioon se refiere a la contanminacion a la carga con sustancias prohibidad u otros elementos ilicitos?"
ANTIOQUIA,PUERTO BERRÍO,LA CARLOTA,"6,482270","-74,588380",6428,"¿Cómo se califica LA CARLOTA; PUERTO BERRÍO; ANTIOQUIA; 6,482270; -74,588380 ; 6428; en todos los riesgos, el riesgo de contaminacioon se refiere a la contanminacion a la carga con sustancias prohibidad u otros elementos ilicitos?"
SUCRE,OVEJAS,SAN FRANCISCO,"9,620110","-75,157830",11573,"¿Cómo se califica SAN FRANCISCO; OVEJAS; SUCRE; 9,620110; -75,157830 ; 11573; en todos los riesgos, el riesgo de contaminacioon se refiere a la contanminacion a la carga con sustancias prohibidad u otros elementos ilicitos?"
ANTIOQUIA,GIRARDOTA,LA CALLE,"6,402760","-75,429280",1286,"¿Cómo se califica LA CALLE; GIRARDOTA; ANTIOQUIA; 6,402760; -75,429280 ; 1286; en todos los riesgos, el riesgo de contaminacioon se refiere a la contanminacion a la carga con sustancias prohibidad u otros elementos ilicitos?"
CUNDINAMARCA,MOSQUERA,QUINTAS DE SERREZUELA,"4,717290","-74,238290",537,"¿Cómo se califica QUINTAS DE SERREZUELA; MOSQUERA; CUNDINAMARCA; 4,717290; -74,238290 ; 537; en todos los riesgos, el riesgo de contaminacioon se refiere a la contanminacion a la carga con sustancias prohibidad u otros elementos ilicitos?"
CÓRDOBA,PLANETA RICA,CAROLINA,"8,496840","-75,633660",8419,"¿Cómo se califica CAROLINA; PLANETA RICA; CÓRDOBA; 8,496840; -75,633660 ; 8419; en todos los riesgos, el riesgo de contaminacioon se refiere a la contanminacion a la carga con sustancias prohibidad u otros elementos ilicitos?"
ANTIOQUIA,PUERTO BERRÍO,MINAS DEL VAPOR,"6,450050","-74,638700",6719,"¿Cómo se califica MINAS DEL VAPOR; PUERTO BERRÍO; ANTIOQUIA; 6,450050; -74,638700 ; 6719; en todos los riesgos, el riesgo de contaminacioon se refiere a la contanminacion a la carga con sustancias prohibidad u otros elementos ilicitos?"
CÓRDOBA,PLANETA RICA,LOS CERROS,"8,519940","-75,668110",8445,"¿Cómo se califica LOS CERROS; PLANETA RICA; CÓRDOBA; 8,519940; -75,668110 ; 8445; en todos los riesgos, el riesgo de contaminacioon se refiere a la contanminacion a la carga con sustancias prohibidad u otros elementos ilicitos?"
ATLÁNTICO,PUERTO COLOMBIA,PUERTO COLOMBIA,"11,010750","-74,906110",14480,"¿Cómo se califica PUERTO COLOMBIA; PUERTO COLOMBIA; ATLÁNTICO; 11,010750; -74,906110 ; 14480; en todos los riesgos, el riesgo de contaminacioon se refiere a la contanminacion a la carga con sustancias prohibidad u otros elementos ilicitos?"
SUCRE,OVEJAS,DAMASCO,"9,601890","-75,180520",13572,"¿Cómo se califica DAMASCO; OVEJAS; SUCRE; 9,601890; -75,180520 ; 13572; en todos los riesgos, el riesgo de contaminacioon se refiere a la contanminacion a la carga con sustancias prohibidad u otros elementos ilicitos?"
CUNDINAMARCA,MOSQUERA,QUINTAS DE SERREZUELA,"4,701750","-74,231750",10051,"¿Cómo se califica QUINTAS DE SERREZUELA; MOSQUERA; CUNDINAMARCA; 4,701750; -74,231750 ; 10051; en todos los riesgos, el riesgo de contaminacioon se refiere a la contanminacion a la carga con sustancias prohibidad u otros elementos ilicitos?"
VALLE DEL CAUCA,GUADALAJARA DE BUGA,LA CAMPIÑA,"3,948510","-76,274300",904,"¿Cómo se califica LA CAMPIÑA; GUADALAJARA DE BUGA; VALLE DEL CAUCA; 3,948510; -76,274300 ; 904; en todos los riesgos, el riesgo de contaminacioon se refiere a la contanminacion a la carga con sustancias prohibidad u otros elementos ilicitos?"
SUCRE,OVEJAS,PEDREGAL,"9,576440","-75,198020",13513,"¿Cómo se califica PEDREGAL; OVEJAS; SUCRE; 9,576440; -75,198020 ; 13513; en todos los riesgos, el riesgo de contaminacioon se refiere a la contanminacion a la carga con sustancias prohibidad u otros elementos ilicitos?"
BOYACÁ,PUERTO BOYACÁ,CRUCE PALAGUA,"6,125790","-74,554650",5489,"¿Cómo se califica CRUCE PALAGUA; PUERTO BOYACÁ; BOYACÁ; 6,125790; -74,554650 ; 5489; en todos los riesgos, el riesgo de contaminacioon se refiere a la contanminacion a la carga con sustancias prohibidad u otros elementos ilicitos?"
BOYACÁ,PUERTO BOYACÁ,KILÓMETRO 25,"5,825610","-74,585380",5186,"¿Cómo se califica KILÓMETRO 25; PUERTO BOYACÁ; BOYACÁ; 5,825610; -74,585380 ; 5186; en todos los riesgos, el riesgo de contaminacioon se refiere a la contanminacion a la carga con sustancias prohibidad u otros elementos ilicitos?"
CÓRDOBA,LA APARTADA,PUERTO CÓRDOBA,"8,067490","-75,357030",7983,"¿Cómo se califica PUERTO CÓRDOBA; LA APARTADA; CÓRDOBA; 8,067490; -75,357030 ; 7983; en todos los riesgos, el riesgo de contaminacioon se refiere a la contanminacion a la carga con sustancias prohibidad u otros elementos ilicitos?"
BOYACÁ,PUERTO BOYACÁ,PUERTO SERVIEZ,"6,232080","-74,525300",5583,"¿Cómo se califica PUERTO SERVIEZ; PUERTO BOYACÁ; BOYACÁ; 6,232080; -74,525300 ; 5583; en todos los riesgos, el riesgo de contaminacioon se refiere a la contanminacion a la carga con sustancias prohibidad u otros elementos ilicitos?"
CÓRDOBA,PLANETA RICA,PAMPLONA,"8,367980","-75,564720",8288,"¿Cómo se califica PAMPLONA; PLANETA RICA; CÓRDOBA; 8,367980; -75,564720 ; 8288; en todos los riesgos, el riesgo de contaminacioon se refiere a la contanminacion a la carga con sustancias prohibidad u otros elementos ilicitos?"
VALLE DEL CAUCA,PALMIRA,AMAIME,"3,619610","-76,304160",236,"¿Cómo se califica AMAIME; PALMIRA; VALLE DEL CAUCA; 3,619610; -76,304160 ; 236; en todos los riesgos, el riesgo de contaminacioon se refiere a la contanminacion a la carga con sustancias prohibidad u otros elementos ilicitos?"
TOLIMA,IBAGUÉ,LOS TÚNELES,"4,419270","-75,249350",5412,"¿Cómo se califica LOS TÚNELES; IBAGUÉ; TOLIMA; 4,419270; -75,249350 ; 5412; en todos los riesgos, el riesgo de contaminacioon se refiere a la contanminacion a la carga con sustancias prohibidad u otros elementos ilicitos?"
CÓRDOBA,PLANETA RICA,LAS PELONAS,"8,448890","-75,527730",8397,"¿Cómo se califica LAS PELONAS; PLANETA RICA; CÓRDOBA; 8,448890; -75,527730 ; 8397; en todos los riesgos, el riesgo de contaminacioon se refiere a la contanminacion a la carga con sustancias prohibidad u otros elementos ilicitos?"
CUNDINAMARCA,PUERTO SALGAR,MORRO COLORADO,"5,707780","-74,618250",5027,"¿Cómo se califica MORRO COLORADO; PUERTO SALGAR; CUNDINAMARCA; 5,707780; -74,618250 ; 5027; en todos los riesgos, el riesgo de contaminacioon se refiere a la contanminacion a la carga con sustancias prohibidad u otros elementos ilicitos?"
ANTIOQUIA,RIONEGRO,PARCELACIÓN COLINAS DE PAIMADÓ,"6,147140","-75,423470",977,"¿Cómo se califica PARCELACIÓN COLINAS DE PAIMADÓ; RIONEGRO; ANTIOQUIA; 6,147140; -75,423470 ; 977; en todos los riesgos, el riesgo de contaminacioon se refiere a la contanminacion a la carga con sustancias prohibidad u otros elementos ilicitos?"
CUNDINAMARCA,PUERTO SALGAR,MORRO COLORADO,"5,683780","-74,611630",4729,"¿Cómo se califica MORRO COLORADO; PUERTO SALGAR; CUNDINAMARCA; 5,683780; -74,611630 ; 4729; en todos los riesgos, el riesgo de contaminacioon se refiere a la contanminacion a la carga con sustancias prohibidad u otros elementos ilicitos?"
CUNDINAMARCA,MOSQUERA,PENCAL,"4,676150","-74,332890",9462,"¿Cómo se califica PENCAL; MOSQUERA; CUNDINAMARCA; 4,676150; -74,332890 ; 9462; en todos los riesgos, el riesgo de contaminacioon se refiere a la contanminacion a la carga con sustancias prohibidad u otros elementos ilicitos?"
ATLÁNTICO,PONEDERA,PONEDERA,"10,679730","-74,749040",13403,"¿Cómo se califica PONEDERA; PONEDERA; ATLÁNTICO; 10,679730; -74,749040 ; 13403; en todos los riesgos, el riesgo de contaminacioon se refiere a la contanminacion a la carga con sustancias prohibidad u otros elementos ilicitos?"
CÓRDOBA,PLANETA RICA,PLANETA RICA,"8,456820","-75,598990",8406,"¿Cómo se califica PLANETA RICA; PLANETA RICA; CÓRDOBA; 8,456820; -75,598990 ; 8406; en todos los riesgos, el riesgo de contaminacioon se refiere a la contanminacion a la carga con sustancias prohibidad u otros elementos ilicitos?"
ANTIOQUIA,ITAGÜÍ,EL PORVENIR,"6,215250","-75,577370",184,"¿Cómo se califica EL PORVENIR; ITAGÜÍ; ANTIOQUIA; 6,215250; -75,577370 ; 184; en todos los riesgos, el riesgo de contaminacioon se refiere a la contanminacion a la carga con sustancias prohibidad u otros elementos ilicitos?"
ATLÁNTICO,PALMAR DE VARELA,PALMAR DE VARELA,"10,746850","-74,767540",13495,"¿Cómo se califica PALMAR DE VARELA; PALMAR DE VARELA; ATLÁNTICO; 10,746850; -74,767540 ; 13495; en todos los riesgos, el riesgo de contaminacioon se refiere a la contanminacion a la carga con sustancias prohibidad u otros elementos ilicitos?"
ANTIOQUIA,REMEDIOS,OTÚ,"7,027340","-74,715590",8095,"¿Cómo se califica OTÚ; REMEDIOS; ANTIOQUIA; 7,027340; -74,715590 ; 8095; en todos los riesgos, el riesgo de contaminacioon se refiere a la contanminacion a la carga con sustancias prohibidad u otros elementos ilicitos?"
ANTIOQUIA,RIONEGRO,PARCELACIÓN VEGAS DE GUADALCANAL,"6,150660","-75,390060",1109,"¿Cómo se califica PARCELACIÓN VEGAS DE GUADALCANAL; RIONEGRO; ANTIOQUIA; 6,150660; -75,390060 ; 1109; en todos los riesgos, el riesgo de contaminacioon se refiere a la contanminacion a la carga con sustancias prohibidad u otros elementos ilicitos?"
CÓRDOBA,SAHAGÚN,EL VIAJANO,"8,637630","-75,486150",10905,"¿Cómo se califica EL VIAJANO; SAHAGÚN; CÓRDOBA; 8,637630; -75,486150 ; 10905; en todos los riesgos, el riesgo de contaminacioon se refiere a la contanminacion a la carga con sustancias prohibidad u otros elementos ilicitos?"
ANTIOQUIA,PUERTO TRIUNFO,PUERTO TRIUNFO,"5,860870","-74,603290",4492,"¿Cómo se califica PUERTO TRIUNFO; PUERTO TRIUNFO; ANTIOQUIA; 5,860870; -74,603290 ; 4492; en todos los riesgos, el riesgo de contaminacioon se refiere a la contanminacion a la carga con sustancias prohibidad u otros elementos ilicitos?"
ATLÁNTICO,PONEDERA,PUERTO GIRALDO,"10,549020","-74,802850",13265,"¿Cómo se califica PUERTO GIRALDO; PONEDERA; ATLÁNTICO; 10,549020; -74,802850 ; 13265; en todos los riesgos, el riesgo de contaminacioon se refiere a la contanminacion a la carga con sustancias prohibidad u otros elementos ilicitos?"
CÓRDOBA,PUEBLO NUEVO,EL VARAL,"8,566550","-75,483780",8661,"¿Cómo se califica EL VARAL; PUEBLO NUEVO; CÓRDOBA; 8,566550; -75,483780 ; 8661; en todos los riesgos, el riesgo de contaminacioon se refiere a la contanminacion a la carga con sustancias prohibidad u otros elementos ilicitos?"
SUCRE,LOS PALMITOS,LOS PALMITOS,"9,423260","-75,245230",10976,"¿Cómo se califica LOS PALMITOS; LOS PALMITOS; SUCRE; 9,423260; -75,245230 ; 10976; en todos los riesgos, el riesgo de contaminacioon se refiere a la contanminacion a la carga con sustancias prohibidad u otros elementos ilicitos?"
CÓRDOBA,PUEBLO NUEVO,EL VARAL,"8,566550","-75,483780",10747,"¿Cómo se califica EL VARAL; PUEBLO NUEVO; CÓRDOBA; 8,566550; -75,483780 ; 10747; en todos los riesgos, el riesgo de contaminacioon se refiere a la contanminacion a la carga con sustancias prohibidad u otros elementos ilicitos?"
ANTIOQUIA,RIONEGRO,CONDOMINIO SIERRAS DE MAYORI,"6,154960","-75,436170",899,"¿Cómo se califica CONDOMINIO SIERRAS DE MAYORI; RIONEGRO; ANTIOQUIA; 6,154960; -75,436170 ; 899; en todos los riesgos, el riesgo de contaminacioon se refiere a la contanminacion a la carga con sustancias prohibidad u otros elementos ilicitos?"
CÓRDOBA,SAHAGÚN,COLOMBOY,"8,761180","-75,491990",11326,"¿Cómo se califica COLOMBOY; SAHAGÚN; CÓRDOBA; 8,761180; -75,491990 ; 11326; en todos los riesgos, el riesgo de contaminacioon se refiere a la contanminacion a la carga con sustancias prohibidad u otros elementos ilicitos?"
CÓRDOBA,SAHAGÚN,GUAIMARO,"8,862160","-75,464320",9464,"¿Cómo se califica GUAIMARO; SAHAGÚN; CÓRDOBA; 8,862160; -75,464320 ; 9464; en todos los riesgos, el riesgo de contaminacioon se refiere a la contanminacion a la carga con sustancias prohibidad u otros elementos ilicitos?"
ANTIOQUIA,RIONEGRO,BARRO BLANCO,"6,151370","-75,415250",999,"¿Cómo se califica BARRO BLANCO; RIONEGRO; ANTIOQUIA; 6,151370; -75,415250 ; 999; en todos los riesgos, el riesgo de contaminacioon se refiere a la contanminacion a la carga con sustancias prohibidad u otros elementos ilicitos?"
ANTIOQUIA,PUERTO BERRÍO,PUERTO BERRÍO,"6,488960","-74,463910",6097,"¿Cómo se califica PUERTO BERRÍO; PUERTO BERRÍO; ANTIOQUIA; 6,488960; -74,463910 ; 6097; en todos los riesgos, el riesgo de contaminacioon se refiere a la contanminacion a la carga con sustancias prohibidad u otros elementos ilicitos?"
ATLÁNTICO,PUERTO COLOMBIA,PUERTO COLOMBIA,"10,963350","-74,900580",16640,"¿Cómo se califica PUERTO COLOMBIA; PUERTO COLOMBIA; ATLÁNTICO; 10,963350; -74,900580 ; 16640; en todos los riesgos, el riesgo de contaminacioon se refiere a la contanminacion a la carga con sustancias prohibidad u otros elementos ilicitos?"
CÓRDOBA,LORICA,TIERRALTA,"9,105830","-75,821670",9307,"¿Cómo se califica TIERRALTA; LORICA; CÓRDOBA; 9,105830; -75,821670 ; 9307; en todos los riesgos, el riesgo de contaminacioon se refiere a la contanminacion a la carga con sustancias prohibidad u otros elementos ilicitos?"
CÓRDOBA,PUEBLO NUEVO,PUEBLO NUEVO,"8,527580","-75,504970",10650,"¿Cómo se califica PUEBLO NUEVO; PUEBLO NUEVO; CÓRDOBA; 8,527580; -75,504970 ; 10650; en todos los riesgos, el riesgo de contaminacioon se refiere a la contanminacion a la carga con sustancias prohibidad u otros elementos ilicitos?"
ANTIOQUIA,SABANETA,SABANETA,"6,161730","-75,608530",190,"¿Cómo se califica SABANETA; SABANETA; ANTIOQUIA; 6,161730; -75,608530 ; 190; en todos los riesgos, el riesgo de contaminacioon se refiere a la contanminacion a la carga con sustancias prohibidad u otros elementos ilicitos?"
CÓRDOBA,SAHAGÚN,EL VIAJANO,"8,637630","-75,486150",8819,"¿Cómo se califica EL VIAJANO; SAHAGÚN; CÓRDOBA; 8,637630; -75,486150 ; 8819; en todos los riesgos, el riesgo de contaminacioon se refiere a la contanminacion a la carga con sustancias prohibidad u otros elementos ilicitos?"
VALLE DEL CAUCA,SAN PEDRO,GUAYABAL,"4,005940","-76,225120",999,"¿Cómo se califica GUAYABAL; SAN PEDRO; VALLE DEL CAUCA; 4,005940; -76,225120 ; 999; en todos los riesgos, el riesgo de contaminacioon se refiere a la contanminacion a la carga con sustancias prohibidad u otros elementos ilicitos?"
CÓRDOBA,SAHAGÚN,KILÓMETRO 32,"8,706000","-75,496990",11185,"¿Cómo se califica KILÓMETRO 32; SAHAGÚN; CÓRDOBA; 8,706000; -75,496990 ; 11185; en todos los riesgos, el riesgo de contaminacioon se refiere a la contanminacion a la carga con sustancias prohibidad u otros elementos ilicitos?"
BOYACÁ,PUERTO BOYACÁ,KILÓMETRO 25,"5,768830","-74,620420",4658,"¿Cómo se califica KILÓMETRO 25; PUERTO BOYACÁ; BOYACÁ; 5,768830; -74,620420 ; 4658; en todos los riesgos, el riesgo de contaminacioon se refiere a la contanminacion a la carga con sustancias prohibidad u otros elementos ilicitos?"
ANTIOQUIA,PUERTO BERRÍO,MALENA,"6,500040","-74,510400",6168,"¿Cómo se califica MALENA; PUERTO BERRÍO; ANTIOQUIA; 6,500040; -74,510400 ; 6168; en todos los riesgos, el riesgo de contaminacioon se refiere a la contanminacion a la carga con sustancias prohibidad u otros elementos ilicitos?"
CUNDINAMARCA,EL ROSAL,EL ROSAL,"4,839720","-74,258170",8568,"¿Cómo se califica EL ROSAL; EL ROSAL; CUNDINAMARCA; 4,839720; -74,258170 ; 8568; en todos los riesgos, el riesgo de contaminacioon se refiere a la contanminacion a la carga con sustancias prohibidad u otros elementos ilicitos?"
BOYACÁ,PUERTO BOYACÁ,EL TRIQUE,"5,907390","-74,564220",5278,"¿Cómo se califica EL TRIQUE; PUERTO BOYACÁ; BOYACÁ; 5,907390; -74,564220 ; 5278; en todos los riesgos, el riesgo de contaminacioon se refiere a la contanminacion a la carga con sustancias prohibidad u otros elementos ilicitos?"
CÓRDOBA,SAHAGÚN,KILÓMETRO 34,"8,689110","-75,496000",11108,"¿Cómo se califica KILÓMETRO 34; SAHAGÚN; CÓRDOBA; 8,689110; -75,496000 ; 11108; en todos los riesgos, el riesgo de contaminacioon se refiere a la contanminacion a la carga con sustancias prohibidad u otros elementos ilicitos?"
CÓRDOBA,SAHAGÚN,LA BALSA,"8,808080","-75,506940",11431,"¿Cómo se califica LA BALSA; SAHAGÚN; CÓRDOBA; 8,808080; -75,506940 ; 11431; en todos los riesgos, el riesgo de contaminacioon se refiere a la contanminacion a la carga con sustancias prohibidad u otros elementos ilicitos?"
CÓRDOBA,SAHAGÚN,EL ROBLE,"8,891040","-75,458950",11569,"¿Cómo se califica EL ROBLE; SAHAGÚN; CÓRDOBA; 8,891040; -75,458950 ; 11569; en todos los riesgos, el riesgo de contaminacioon se refiere a la contanminacion a la carga con sustancias prohibidad u otros elementos ilicitos?"
CÓRDOBA,SAHAGÚN,BRUSELAS,"8,727170","-75,496290",9157,"¿Cómo se califica BRUSELAS; SAHAGÚN; CÓRDOBA; 8,727170; -75,496290 ; 9157; en todos los riesgos, el riesgo de contaminacioon se refiere a la contanminacion a la carga con sustancias prohibidad u otros elementos ilicitos?"
CÓRDOBA,PUEBLO NUEVO,LA MAGDALENA,"8,615770","-75,482850",8743,"¿Cómo se califica LA MAGDALENA; PUEBLO NUEVO; CÓRDOBA; 8,615770; -75,482850 ; 8743; en todos los riesgos, el riesgo de contaminacioon se refiere a la contanminacion a la carga con sustancias prohibidad u otros elementos ilicitos?"
BOYACÁ,PUERTO BOYACÁ,KILÓMETRO DOS Y MEDIO,"5,962310","-74,563950",5339,"¿Cómo se califica KILÓMETRO DOS Y MEDIO; PUERTO BOYACÁ; BOYACÁ; 5,962310; -74,563950 ; 5339; en todos los riesgos, el riesgo de contaminacioon se refiere a la contanminacion a la carga con sustancias prohibidad u otros elementos ilicitos?"
CUNDINAMARCA,FUNZA,EL COCLI,"4,739910","-74,247290",575,"¿Cómo se califica EL COCLI; FUNZA; CUNDINAMARCA; 4,739910; -74,247290 ; 575; en todos los riesgos, el riesgo de contaminacioon se refiere a la contanminacion a la carga con sustancias prohibidad u otros elementos ilicitos?"
ANTIOQUIA,PUERTO NARE,LAS ANGELITAS,"6,078840","-74,552050",5477,"¿Cómo se califica LAS ANGELITAS; PUERTO NARE; ANTIOQUIA; 6,078840; -74,552050 ; 5477; en todos los riesgos, el riesgo de contaminacioon se refiere a la contanminacion a la carga con sustancias prohibidad u otros elementos ilicitos?"
ANTIOQUIA,SABANETA,SABANETA,"6,161730","-75,608530",190,"¿Cómo se califica SABANETA; SABANETA; ANTIOQUIA; 6,161730; -75,608530 ; 190; en todos los riesgos, el riesgo de contaminacioon se refiere a la contanminacion a la carga con sustancias prohibidad u otros elementos ilicitos?"
CÓRDOBA,SAHAGÚN,SAN ANDRESITO,"8,660920","-75,495000",11023,"¿Cómo se califica SAN ANDRESITO; SAHAGÚN; CÓRDOBA; 8,660920; -75,495000 ; 11023; en todos los riesgos, el riesgo de contaminacioon se refiere a la contanminacion a la carga con sustancias prohibidad u otros elementos ilicitos?"
VALLE DEL CAUCA,SAN PEDRO,PRESIDENTE,"3,971870","-76,253260",944,"¿Cómo se califica PRESIDENTE; SAN PEDRO; VALLE DEL CAUCA; 3,971870; -76,253260 ; 944; en todos los riesgos, el riesgo de contaminacioon se refiere a la contanminacion a la carga con sustancias prohibidad u otros elementos ilicitos?"
CÓRDOBA,SAHAGÚN,LA YE,"8,823040","-75,496160",9393,"¿Cómo se califica LA YE; SAHAGÚN; CÓRDOBA; 8,823040; -75,496160 ; 9393; en todos los riesgos, el riesgo de contaminacioon se refiere a la contanminacion a la carga con sustancias prohibidad u otros elementos ilicitos?"
CUNDINAMARCA,FACATATIVÁ,LOS ANDES,"4,858130","-74,409820",979,"¿Cómo se califica LOS ANDES; FACATATIVÁ; CUNDINAMARCA; 4,858130; -74,409820 ; 979; en todos los riesgos, el riesgo de contaminacioon se refiere a la contanminacion a la carga con sustancias prohibidad u otros elementos ilicitos?"
CUNDINAMARCA,PUERTO SALGAR,PUERTO SALGAR,"5,505740","-74,627690",4847,"¿Cómo se califica PUERTO SALGAR; PUERTO SALGAR; CUNDINAMARCA; 5,505740; -74,627690 ; 4847; en todos los riesgos, el riesgo de contaminacioon se refiere a la contanminacion a la carga con sustancias prohibidad u otros elementos ilicitos?"
SUCRE,LOS PALMITOS,EL COLEY,"9,360150","-75,280650",10785,"¿Cómo se califica EL COLEY; LOS PALMITOS; SUCRE; 9,360150; -75,280650 ; 10785; en todos los riesgos, el riesgo de contaminacioon se refiere a la contanminacion a la carga con sustancias prohibidad u otros elementos ilicitos?"
CÓRDOBA,LORICA,PALO DE AGUA,"9,158810","-75,832060",9356,"¿Cómo se califica PALO DE AGUA; LORICA; CÓRDOBA; 9,158810; -75,832060 ; 9356; en todos los riesgos, el riesgo de contaminacioon se refiere a la contanminacion a la carga con sustancias prohibidad u otros elementos ilicitos?"
CÓRDOBA,SAHAGÚN,LAS AGUADITAS,"8,781090","-75,498020",11364,"¿Cómo se califica LAS AGUADITAS; SAHAGÚN; CÓRDOBA; 8,781090; -75,498020 ; 11364; en todos los riesgos, el riesgo de contaminacioon se refiere a la contanminacion a la carga con sustancias prohibidad u otros elementos ilicitos?"
CÓRDOBA,SAHAGÚN,GUAIMARO,"8,862160","-75,464320",11550,"¿Cómo se califica GUAIMARO; SAHAGÚN; CÓRDOBA; 8,862160; -75,464320 ; 11550; en todos los riesgos, el riesgo de contaminacioon se refiere a la contanminacion a la carga con sustancias prohibidad u otros elementos ilicitos?"
CÓRDOBA,SAN PELAYO,CARRILLO,"9,003580","-75,830710",9218,"¿Cómo se califica CARRILLO; SAN PELAYO; CÓRDOBA; 9,003580; -75,830710 ; 9218; en todos los riesgos, el riesgo de contaminacioon se refiere a la contanminacion a la carga con sustancias prohibidad u otros elementos ilicitos?"
BOLÍVAR,SAN JACINTO,SAN JACINTO,"9,894180","-75,108560",12232,"¿Cómo se califica SAN JACINTO; SAN JACINTO; BOLÍVAR; 9,894180; -75,108560 ; 12232; en todos los riesgos, el riesgo de contaminacioon se refiere a la contanminacion a la carga con sustancias prohibidad u otros elementos ilicitos?"
BOYACÁ,PUERTO BOYACÁ,PUERTO BOYACÁ,"5,980320","-74,558980",5365,"¿Cómo se califica PUERTO BOYACÁ; PUERTO BOYACÁ; BOYACÁ; 5,980320; -74,558980 ; 5365; en todos los riesgos, el riesgo de contaminacioon se refiere a la contanminacion a la carga con sustancias prohibidad u otros elementos ilicitos?"
ATLÁNTICO,SABANAGRANDE,SABANAGRANDE,"10,824690","-74,767830",13692,"¿Cómo se califica SABANAGRANDE; SABANAGRANDE; ATLÁNTICO; 10,824690; -74,767830 ; 13692; en todos los riesgos, el riesgo de contaminacioon se refiere a la contanminacion a la carga con sustancias prohibidad u otros elementos ilicitos?"
CUNDINAMARCA,MADRID,EL CORZO,"4,781810","-74,326040",717,"¿Cómo se califica EL CORZO; MADRID; CUNDINAMARCA; 4,781810; -74,326040 ; 717; en todos los riesgos, el riesgo de contaminacioon se refiere a la contanminacion a la carga con sustancias prohibidad u otros elementos ilicitos?"
VALLE DEL CAUCA,PALMIRA,LA HERRADURA,"3,583050","-76,325350",196,"¿Cómo se califica LA HERRADURA; PALMIRA; VALLE DEL CAUCA; 3,583050; -76,325350 ; 196; en todos los riesgos, el riesgo de contaminacioon se refiere a la contanminacion a la carga con sustancias prohibidad u otros elementos ilicitos?"
BOLÍVAR,SAN JACINTO,SAN JACINTO,"9,894180","-75,108560",14317,"¿Cómo se califica SAN JACINTO; SAN JACINTO; BOLÍVAR; 9,894180; -75,108560 ; 14317; en todos los riesgos, el riesgo de contaminacioon se refiere a la contanminacion a la carga con sustancias prohibidad u otros elementos ilicitos?"
ANTIOQUIA,RIONEGRO,PARCELACIÓN TORRE MOLINOS,"6,143390","-75,432110",959,"¿Cómo se califica PARCELACIÓN TORRE MOLINOS; RIONEGRO; ANTIOQUIA; 6,143390; -75,432110 ; 959; en todos los riesgos, el riesgo de contaminacioon se refiere a la contanminacion a la carga con sustancias prohibidad u otros elementos ilicitos?"
CUNDINAMARCA,SASAIMA,SANTA INÉS,"4,924050","-74,428240",1751,"¿Cómo se califica SANTA INÉS; SASAIMA; CUNDINAMARCA; 4,924050; -74,428240 ; 1751; en todos los riesgos, el riesgo de contaminacioon se refiere a la contanminacion a la carga con sustancias prohibidad u otros elementos ilicitos?"
CÓRDOBA,SAHAGÚN,NUEVA ESPERANZA,"9,004420","-75,456410",9747,"¿Cómo se califica NUEVA ESPERANZA; SAHAGÚN; CÓRDOBA; 9,004420; -75,456410 ; 9747; en todos los riesgos, el riesgo de contaminacioon se refiere a la contanminacion a la carga con sustancias prohibidad u otros elementos ilicitos?"
ATLÁNTICO,PUERTO COLOMBIA,SALGAR,"10,972440","-74,946460",14565,"¿Cómo se califica SALGAR; PUERTO COLOMBIA; ATLÁNTICO; 10,972440; -74,946460 ; 14565; en todos los riesgos, el riesgo de contaminacioon se refiere a la contanminacion a la carga con sustancias prohibidad u otros elementos ilicitos?"
ANTIOQUIA,RIONEGRO,JAMAICA PARCELACIÓN CAMPESTRE,"6,172840","-75,436800",858,"¿Cómo se califica JAMAICA PARCELACIÓN CAMPESTRE; RIONEGRO; ANTIOQUIA; 6,172840; -75,436800 ; 858; en todos los riesgos, el riesgo de contaminacioon se refiere a la contanminacion a la carga con sustancias prohibidad u otros elementos ilicitos?"
ANTIOQUIA,MEDELLÍN,MEDIA LUNA,"6,223950","-75,512100",744,"¿Cómo se califica MEDIA LUNA; MEDELLÍN; ANTIOQUIA; 6,223950; -75,512100 ; 744; en todos los riesgos, el riesgo de contaminacioon se refiere a la contanminacion a la carga con sustancias prohibidad u otros elementos ilicitos?"
ANTIOQUIA,PUERTO TRIUNFO,LA MERCEDES,"5,914730","-74,774700",4202,"¿Cómo se califica LA MERCEDES; PUERTO TRIUNFO; ANTIOQUIA; 5,914730; -74,774700 ; 4202; en todos los riesgos, el riesgo de contaminacioon se refiere a la contanminacion a la carga con sustancias prohibidad u otros elementos ilicitos?"
CÓRDOBA,SAHAGÚN,SAHAGÚN,"8,953920","-75,454500",9632,"¿Cómo se califica SAHAGÚN; SAHAGÚN; CÓRDOBA; 8,953920; -75,454500 ; 9632; en todos los riesgos, el riesgo de contaminacioon se refiere a la contanminacion a la carga con sustancias prohibidad u otros elementos ilicitos?"
SUCRE,SAMPUÉS,CALLE FRÍA (SAMPUES),"9,251240","-75,406080",10371,"¿Cómo se califica CALLE FRÍA (SAMPUES); SAMPUÉS; SUCRE; 9,251240; -75,406080 ; 10371; en todos los riesgos, el riesgo de contaminacioon se refiere a la contanminacion a la carga con sustancias prohibidad u otros elementos ilicitos?"
ATLÁNTICO,SOLEDAD,SOLEDAD,"10,950100","-74,785570",16129,"¿Cómo se califica SOLEDAD; SOLEDAD; ATLÁNTICO; 10,950100; -74,785570 ; 16129; en todos los riesgos, el riesgo de contaminacioon se refiere a la contanminacion a la carga con sustancias prohibidad u otros elementos ilicitos?"
CÓRDOBA,SAHAGÚN,LAS AGUADITAS,"8,781090","-75,498020",9278,"¿Cómo se califica LAS AGUADITAS; SAHAGÚN; CÓRDOBA; 8,781090; -75,498020 ; 9278; en todos los riesgos, el riesgo de contaminacioon se refiere a la contanminacion a la carga con sustancias prohibidad u otros elementos ilicitos?"
CUNDINAMARCA,PUERTO SALGAR,PUERTO LIBRE,"5,768480","-74,620610",5098,"¿Cómo se califica PUERTO LIBRE; PUERTO SALGAR; CUNDINAMARCA; 5,768480; -74,620610 ; 5098; en todos los riesgos, el riesgo de contaminacioon se refiere a la contanminacion a la carga con sustancias prohibidad u otros elementos ilicitos?"
CÓRDOBA,SAHAGÚN,COLOMBOY,"8,761180","-75,491990",9240,"¿Cómo se califica COLOMBOY; SAHAGÚN; CÓRDOBA; 8,761180; -75,491990 ; 9240; en todos los riesgos, el riesgo de contaminacioon se refiere a la contanminacion a la carga con sustancias prohibidad u otros elementos ilicitos?"
CÓRDOBA,MONTERÍA,EL TAPAO,"8,799220","-75,850150",8835,"¿Cómo se califica EL TAPAO; MONTERÍA; CÓRDOBA; 8,799220; -75,850150 ; 8835; en todos los riesgos, el riesgo de contaminacioon se refiere a la contanminacion a la carga con sustancias prohibidad u otros elementos ilicitos?"
CUNDINAMARCA,QUEBRADANEGRA,LA MAGDALENA,"5,071250","-74,442700",7247,"¿Cómo se califica LA MAGDALENA; QUEBRADANEGRA; CUNDINAMARCA; 5,071250; -74,442700 ; 7247; en todos los riesgos, el riesgo de contaminacioon se refiere a la contanminacion a la carga con sustancias prohibidad u otros elementos ilicitos?"
ANTIOQUIA,SAN LUIS,LA TEBAIDA,"5,980610","-74,969730",3211,"¿Cómo se califica LA TEBAIDA; SAN LUIS; ANTIOQUIA; 5,980610; -74,969730 ; 3211; en todos los riesgos, el riesgo de contaminacioon se refiere a la contanminacion a la carga con sustancias prohibidad u otros elementos ilicitos?"
ANTIOQUIA,SAN LUIS,EL SILENCIO PERLA VERDE,"5,991940","-75,036190",2981,"¿Cómo se califica EL SILENCIO PERLA VERDE; SAN LUIS; ANTIOQUIA; 5,991940; -75,036190 ; 2981; en todos los riesgos, el riesgo de contaminacioon se refiere a la contanminacion a la carga con sustancias prohibidad u otros elementos ilicitos?"
VALLE DEL CAUCA,SEVILLA,QUEBRADANUEVA,"4,389400","-75,937550",1957,"¿Cómo se califica QUEBRADANUEVA; SEVILLA; VALLE DEL CAUCA; 4,389400; -75,937550 ; 1957; en todos los riesgos, el riesgo de contaminacioon se refiere a la contanminacion a la carga con sustancias prohibidad u otros elementos ilicitos?"
CÓRDOBA,SAN CARLOS,EL CHARCO,"8,544270","-75,688200",8492,"¿Cómo se califica EL CHARCO; SAN CARLOS; CÓRDOBA; 8,544270; -75,688200 ; 8492; en todos los riesgos, el riesgo de contaminacioon se refiere a la contanminacion a la carga con sustancias prohibidad u otros elementos ilicitos?"
ANTIOQUIA,PUERTO TRIUNFO,SANTIAGO BERRIO,"5,891030","-74,616530",4470,"¿Cómo se califica SANTIAGO BERRIO; PUERTO TRIUNFO; ANTIOQUIA; 5,891030; -74,616530 ; 4470; en todos los riesgos, el riesgo de contaminacioon se refiere a la contanminacion a la carga con sustancias prohibidad u otros elementos ilicitos?"
CÓRDOBA,PUEBLO NUEVO,EL CAMPANO,"8,589440","-75,486580",8690,"¿Cómo se califica EL CAMPANO; PUEBLO NUEVO; CÓRDOBA; 8,589440; -75,486580 ; 8690; en todos los riesgos, el riesgo de contaminacioon se refiere a la contanminacion a la carga con sustancias prohibidad u otros elementos ilicitos?"
CUNDINAMARCA,MOSQUERA,LOS PUENTES,"4,686280","-74,251390",9999,"¿Cómo se califica LOS PUENTES; MOSQUERA; CUNDINAMARCA; 4,686280; -74,251390 ; 9999; en todos los riesgos, el riesgo de contaminacioon se refiere a la contanminacion a la carga con sustancias prohibidad u otros elementos ilicitos?"
ANTIOQUIA,RIONEGRO,GALICIA PARTE BAJA,"6,176320","-75,354820",1390,"¿Cómo se califica GALICIA PARTE BAJA; RIONEGRO; ANTIOQUIA; 6,176320; -75,354820 ; 1390; en todos los riesgos, el riesgo de contaminacioon se refiere a la contanminacion a la carga con sustancias prohibidad u otros elementos ilicitos?"
ANTIOQUIA,SANTA ROSA DE OSOS,HOYORRICO,"6,623010","-75,444440",2614,"¿Cómo se califica HOYORRICO; SANTA ROSA DE OSOS; ANTIOQUIA; 6,623010; -75,444440 ; 2614; en todos los riesgos, el riesgo de contaminacioon se refiere a la contanminacion a la carga con sustancias prohibidad u otros elementos ilicitos?"
ANTIOQUIA,SANTA ROSA DE OSOS,HOYORRICO,"6,623010","-75,444440",2746,"¿Cómo se califica HOYORRICO; SANTA ROSA DE OSOS; ANTIOQUIA; 6,623010; -75,444440 ; 2746; en todos los riesgos, el riesgo de contaminacioon se refiere a la contanminacion a la carga con sustancias prohibidad u otros elementos ilicitos?"
ANTIOQUIA,TARAZÁ,TARAZÁ,"7,595490","-75,377070",6857,"¿Cómo se califica TARAZÁ; TARAZÁ; ANTIOQUIA; 7,595490; -75,377070 ; 6857; en todos los riesgos, el riesgo de contaminacioon se refiere a la contanminacion a la carga con sustancias prohibidad u otros elementos ilicitos?"
BOLÍVAR,SAN JUAN NEPOMUCENO,SAN JUAN NEPOMUCENO,"9,991160","-75,078120",14485,"¿Cómo se califica SAN JUAN NEPOMUCENO; SAN JUAN NEPOMUCENO; BOLÍVAR; 9,991160; -75,078120 ; 14485; en todos los riesgos, el riesgo de contaminacioon se refiere a la contanminacion a la carga con sustancias prohibidad u otros elementos ilicitos?"
ANTIOQUIA,PUERTO TRIUNFO,TRES RANCHOS,"5,917300","-74,783680",4166,"¿Cómo se califica TRES RANCHOS; PUERTO TRIUNFO; ANTIOQUIA; 5,917300; -74,783680 ; 4166; en todos los riesgos, el riesgo de contaminacioon se refiere a la contanminacion a la carga con sustancias prohibidad u otros elementos ilicitos?"
CUNDINAMARCA,PUERTO SALGAR,PUERTO SALGAR,"5,512500","-74,637420",4904,"¿Cómo se califica PUERTO SALGAR; PUERTO SALGAR; CUNDINAMARCA; 5,512500; -74,637420 ; 4904; en todos los riesgos, el riesgo de contaminacioon se refiere a la contanminacion a la carga con sustancias prohibidad u otros elementos ilicitos?"
CUNDINAMARCA,MOSQUERA,MOSQUERA,"4,697110","-74,209520",9601,"¿Cómo se califica MOSQUERA; MOSQUERA; CUNDINAMARCA; 4,697110; -74,209520 ; 9601; en todos los riesgos, el riesgo de contaminacioon se refiere a la contanminacion a la carga con sustancias prohibidad u otros elementos ilicitos?"
ANTIOQUIA,RIONEGRO,RIONEGRO,"6,162250","-75,363590",1319,"¿Cómo se califica RIONEGRO; RIONEGRO; ANTIOQUIA; 6,162250; -75,363590 ; 1319; en todos los riesgos, el riesgo de contaminacioon se refiere a la contanminacion a la carga con sustancias prohibidad u otros elementos ilicitos?"
CUNDINAMARCA,SASAIMA,SANTA CRUZ,"4,947560","-74,423710",1929,"¿Cómo se califica SANTA CRUZ; SASAIMA; CUNDINAMARCA; 4,947560; -74,423710 ; 1929; en todos los riesgos, el riesgo de contaminacioon se refiere a la contanminacion a la carga con sustancias prohibidad u otros elementos ilicitos?"
ANTIOQUIA,SANTA ROSA DE OSOS,RÍO GRANDE,"6,570500","-75,407100",2341,"¿Cómo se califica RÍO GRANDE; SANTA ROSA DE OSOS; ANTIOQUIA; 6,570500; -75,407100 ; 2341; en todos los riesgos, el riesgo de contaminacioon se refiere a la contanminacion a la carga con sustancias prohibidad u otros elementos ilicitos?"
CUNDINAMARCA,TOCAIMA,TOCAIMA,"4,485280","-74,608860",7724,"¿Cómo se califica TOCAIMA; TOCAIMA; CUNDINAMARCA; 4,485280; -74,608860 ; 7724; en todos los riesgos, el riesgo de contaminacioon se refiere a la contanminacion a la carga con sustancias prohibidad u otros elementos ilicitos?"
ANTIOQUIA,SANTA ROSA DE OSOS,SANTA ROSA DE OSOS,"6,726230","-75,486190",3121,"¿Cómo se califica SANTA ROSA DE OSOS; SANTA ROSA DE OSOS; ANTIOQUIA; 6,726230; -75,486190 ; 3121; en todos los riesgos, el riesgo de contaminacioon se refiere a la contanminacion a la carga con sustancias prohibidad u otros elementos ilicitos?"
ANTIOQUIA,REMEDIOS,LA CRUZADA,"7,101580","-74,757650",8232,"¿Cómo se califica LA CRUZADA; REMEDIOS; ANTIOQUIA; 7,101580; -74,757650 ; 8232; en todos los riesgos, el riesgo de contaminacioon se refiere a la contanminacion a la carga con sustancias prohibidad u otros elementos ilicitos?"
VALLE DEL CAUCA,GUADALAJARA DE BUGA,PUEBLO NUEVO,"3,973520","-76,250830",948,"¿Cómo se califica PUEBLO NUEVO; GUADALAJARA DE BUGA; VALLE DEL CAUCA; 3,973520; -76,250830 ; 948; en todos los riesgos, el riesgo de contaminacioon se refiere a la contanminacion a la carga con sustancias prohibidad u otros elementos ilicitos?"
SUCRE,OVEJAS,OVEJAS,"9,549070","-75,217750",13458,"¿Cómo se califica OVEJAS; OVEJAS; SUCRE; 9,549070; -75,217750 ; 13458; en todos los riesgos, el riesgo de contaminacioon se refiere a la contanminacion a la carga con sustancias prohibidad u otros elementos ilicitos?"
ATLÁNTICO,SABANAGRANDE,SABANAGRANDE,"10,824690","-74,767830",15777,"¿Cómo se califica SABANAGRANDE; SABANAGRANDE; ATLÁNTICO; 10,824690; -74,767830 ; 15777; en todos los riesgos, el riesgo de contaminacioon se refiere a la contanminacion a la carga con sustancias prohibidad u otros elementos ilicitos?"
ATLÁNTICO,SOLEDAD,SOLEDAD,"10,950100","-74,785570",14044,"¿Cómo se califica SOLEDAD; SOLEDAD; ATLÁNTICO; 10,950100; -74,785570 ; 14044; en todos los riesgos, el riesgo de contaminacioon se refiere a la contanminacion a la carga con sustancias prohibidad u otros elementos ilicitos?"
CUNDINAMARCA,SASAIMA,SASAIMA,"4,982490","-74,455430",2327,"¿Cómo se califica SASAIMA; SASAIMA; CUNDINAMARCA; 4,982490; -74,455430 ; 2327; en todos los riesgos, el riesgo de contaminacioon se refiere a la contanminacion a la carga con sustancias prohibidad u otros elementos ilicitos?"
ATLÁNTICO,TUBARÁ,EL MORRO,"10,922420","-75,021210",14712,"¿Cómo se califica EL MORRO; TUBARÁ; ATLÁNTICO; 10,922420; -75,021210 ; 14712; en todos los riesgos, el riesgo de contaminacioon se refiere a la contanminacion a la carga con sustancias prohibidad u otros elementos ilicitos?"
BOLÍVAR,SAN JUAN NEPOMUCENO,SAN PEDRO CONSOLADO,"10,044370","-75,079060",12442,"¿Cómo se califica SAN PEDRO CONSOLADO; SAN JUAN NEPOMUCENO; BOLÍVAR; 10,044370; -75,079060 ; 12442; en todos los riesgos, el riesgo de contaminacioon se refiere a la contanminacion a la carga con sustancias prohibidad u otros elementos ilicitos?"
CUNDINAMARCA,PUERTO SALGAR,PUERTO LIBRE,"5,709190","-74,619220",4719,"¿Cómo se califica PUERTO LIBRE; PUERTO SALGAR; CUNDINAMARCA; 5,709190; -74,619220 ; 4719; en todos los riesgos, el riesgo de contaminacioon se refiere a la contanminacion a la carga con sustancias prohibidad u otros elementos ilicitos?"
ANTIOQUIA,RIONEGRO,ALTO BONITO,"6,150570","-75,389900",1114,"¿Cómo se califica ALTO BONITO; RIONEGRO; ANTIOQUIA; 6,150570; -75,389900 ; 1114; en todos los riesgos, el riesgo de contaminacioon se refiere a la contanminacion a la carga con sustancias prohibidad u otros elementos ilicitos?"
CUNDINAMARCA,NOCAIMA,NOCAIMA,"5,030240","-74,366690",7551,"¿Cómo se califica NOCAIMA; NOCAIMA; CUNDINAMARCA; 5,030240; -74,366690 ; 7551; en todos los riesgos, el riesgo de contaminacioon se refiere a la contanminacion a la carga con sustancias prohibidad u otros elementos ilicitos?"
ANTIOQUIA,SAN LUIS,SOPETRÁN,"5,948990","-74,860750",3825,"¿Cómo se califica SOPETRÁN; SAN LUIS; ANTIOQUIA; 5,948990; -74,860750 ; 3825; en todos los riesgos, el riesgo de contaminacioon se refiere a la contanminacion a la carga con sustancias prohibidad u otros elementos ilicitos?"
CUNDINAMARCA,SUTATAUSA,LAS PEÑAS,"5,202690","-73,794100",12634,"¿Cómo se califica LAS PEÑAS; SUTATAUSA; CUNDINAMARCA; 5,202690; -73,794100 ; 12634; en todos los riesgos, el riesgo de contaminacioon se refiere a la contanminacion a la carga con sustancias prohibidad u otros elementos ilicitos?"
SUCRE,SAMPUÉS,MATA DE CAÑA,"9,225600","-75,411020",10296,"¿Cómo se califica MATA DE CAÑA; SAMPUÉS; SUCRE; 9,225600; -75,411020 ; 10296; en todos los riesgos, el riesgo de contaminacioon se refiere a la contanminacion a la carga con sustancias prohibidad u otros elementos ilicitos?"
VALLE DEL CAUCA,SAN PEDRO,SAN PEDRO,"4,000700","-76,228610",997,"¿Cómo se califica SAN PEDRO; SAN PEDRO; VALLE DEL CAUCA; 4,000700; -76,228610 ; 997; en todos los riesgos, el riesgo de contaminacioon se refiere a la contanminacion a la carga con sustancias prohibidad u otros elementos ilicitos?"
ATLÁNTICO,SANTO TOMÁS,SANTO TOMÁS,"10,773690","-74,764300",15622,"¿Cómo se califica SANTO TOMÁS; SANTO TOMÁS; ATLÁNTICO; 10,773690; -74,764300 ; 15622; en todos los riesgos, el riesgo de contaminacioon se refiere a la contanminacion a la carga con sustancias prohibidad u otros elementos ilicitos?"
CÓRDOBA,SAHAGÚN,BRUSELAS,"8,727170","-75,496290",11243,"¿Cómo se califica BRUSELAS; SAHAGÚN; CÓRDOBA; 8,727170; -75,496290 ; 11243; en todos los riesgos, el riesgo de contaminacioon se refiere a la contanminacion a la carga con sustancias prohibidad u otros elementos ilicitos?"
ANTIOQUIA,SABANETA,MARÍA AUXILIADORA,"6,163840","-75,603620",209,"¿Cómo se califica MARÍA AUXILIADORA; SABANETA; ANTIOQUIA; 6,163840; -75,603620 ; 209; en todos los riesgos, el riesgo de contaminacioon se refiere a la contanminacion a la carga con sustancias prohibidad u otros elementos ilicitos?"
CÓRDOBA,PLANETA RICA,PLAZA BONITA,"8,328470","-75,545030",10157,"¿Cómo se califica PLAZA BONITA; PLANETA RICA; CÓRDOBA; 8,328470; -75,545030 ; 10157; en todos los riesgos, el riesgo de contaminacioon se refiere a la contanminacion a la carga con sustancias prohibidad u otros elementos ilicitos?"
CUNDINAMARCA,TENA,LA GRAN VÍA,"4,672590","-74,405320",9014,"¿Cómo se califica LA GRAN VÍA; TENA; CUNDINAMARCA; 4,672590; -74,405320 ; 9014; en todos los riesgos, el riesgo de contaminacioon se refiere a la contanminacion a la carga con sustancias prohibidad u otros elementos ilicitos?"
SUCRE,SAMPUÉS,SAMPUÉS,"9,197050","-75,391160",12312,"¿Cómo se califica SAMPUÉS; SAMPUÉS; SUCRE; 9,197050; -75,391160 ; 12312; en todos los riesgos, el riesgo de contaminacioon se refiere a la contanminacion a la carga con sustancias prohibidad u otros elementos ilicitos?"
BOLÍVAR,SAN JUAN NEPOMUCENO,SAN PEDRO CONSOLADO,"10,044370","-75,079060",14528,"¿Cómo se califica SAN PEDRO CONSOLADO; SAN JUAN NEPOMUCENO; BOLÍVAR; 10,044370; -75,079060 ; 14528; en todos los riesgos, el riesgo de contaminacioon se refiere a la contanminacion a la carga con sustancias prohibidad u otros elementos ilicitos?"
ANTIOQUIA,RIONEGRO,PARCELACIÓN LA QUERENCIA,"6,177460","-75,450480",766,"¿Cómo se califica PARCELACIÓN LA QUERENCIA; RIONEGRO; ANTIOQUIA; 6,177460; -75,450480 ; 766; en todos los riesgos, el riesgo de contaminacioon se refiere a la contanminacion a la carga con sustancias prohibidad u otros elementos ilicitos?"
MAGDALENA,REMOLINO,REMOLINO,"10,704590","-74,750440",13420,"¿Cómo se califica REMOLINO; REMOLINO; MAGDALENA; 10,704590; -74,750440 ; 13420; en todos los riesgos, el riesgo de contaminacioon se refiere a la contanminacion a la carga con sustancias prohibidad u otros elementos ilicitos?"
CÓRDOBA,SAHAGÚN,SAHAGÚN,"8,953920","-75,454500",11718,"¿Cómo se califica SAHAGÚN; SAHAGÚN; CÓRDOBA; 8,953920; -75,454500 ; 11718; en todos los riesgos, el riesgo de contaminacioon se refiere a la contanminacion a la carga con sustancias prohibidad u otros elementos ilicitos?"
CÓRDOBA,SAHAGÚN,EL ROBLE,"8,891040","-75,458950",9483,"¿Cómo se califica EL ROBLE; SAHAGÚN; CÓRDOBA; 8,891040; -75,458950 ; 9483; en todos los riesgos, el riesgo de contaminacioon se refiere a la contanminacion a la carga con sustancias prohibidad u otros elementos ilicitos?"
CÓRDOBA,PLANETA RICA,PLAZA BONITA,"8,328470","-75,545030",8243,"¿Cómo se califica PLAZA BONITA; PLANETA RICA; CÓRDOBA; 8,328470; -75,545030 ; 8243; en todos los riesgos, el riesgo de contaminacioon se refiere a la contanminacion a la carga con sustancias prohibidad u otros elementos ilicitos?"
CÓRDOBA,PUEBLO NUEVO,EL CAMPANO,"8,589440","-75,486580",10776,"¿Cómo se califica EL CAMPANO; PUEBLO NUEVO; CÓRDOBA; 8,589440; -75,486580 ; 10776; en todos los riesgos, el riesgo de contaminacioon se refiere a la contanminacion a la carga con sustancias prohibidad u otros elementos ilicitos?"
SUCRE,SINCELEJO,POLICARPA,"9,276270","-75,371320",12517,"¿Cómo se califica POLICARPA; SINCELEJO; SUCRE; 9,276270; -75,371320 ; 12517; en todos los riesgos, el riesgo de contaminacioon se refiere a la contanminacion a la carga con sustancias prohibidad u otros elementos ilicitos?"
CÓRDOBA,SAN CARLOS,GUACHARACAL,"8,574250","-75,713210",8523,"¿Cómo se califica GUACHARACAL; SAN CARLOS; CÓRDOBA; 8,574250; -75,713210 ; 8523; en todos los riesgos, el riesgo de contaminacioon se refiere a la contanminacion a la carga con sustancias prohibidad u otros elementos ilicitos?"
CUNDINAMARCA,SOPÓ,LA DIANA,"4,943810","-73,954880",11626,"¿Cómo se califica LA DIANA; SOPÓ; CUNDINAMARCA; 4,943810; -73,954880 ; 11626; en todos los riesgos, el riesgo de contaminacioon se refiere a la contanminacion a la carga con sustancias prohibidad u otros elementos ilicitos?"
MAGDALENA,SITIONUEVO,PALERMO,"10,984410","-74,775990",16205,"¿Cómo se califica PALERMO; SITIONUEVO; MAGDALENA; 10,984410; -74,775990 ; 16205; en todos los riesgos, el riesgo de contaminacioon se refiere a la contanminacion a la carga con sustancias prohibidad u otros elementos ilicitos?"
BOLÍVAR,SAN JUAN NEPOMUCENO,SAN JUAN NEPOMUCENO,"9,991160","-75,078120",12399,"¿Cómo se califica SAN JUAN NEPOMUCENO; SAN JUAN NEPOMUCENO; BOLÍVAR; 9,991160; -75,078120 ; 12399; en todos los riesgos, el riesgo de contaminacioon se refiere a la contanminacion a la carga con sustancias prohibidad u otros elementos ilicitos?"
CÓRDOBA,SAHAGÚN,LA BALSA,"8,808080","-75,506940",9345,"¿Cómo se califica LA BALSA; SAHAGÚN; CÓRDOBA; 8,808080; -75,506940 ; 9345; en todos los riesgos, el riesgo de contaminacioon se refiere a la contanminacion a la carga con sustancias prohibidad u otros elementos ilicitos?"
CÓRDOBA,PUEBLO NUEVO,LA GRANJITA,"8,479220","-75,518890",10552,"¿Cómo se califica LA GRANJITA; PUEBLO NUEVO; CÓRDOBA; 8,479220; -75,518890 ; 10552; en todos los riesgos, el riesgo de contaminacioon se refiere a la contanminacion a la carga con sustancias prohibidad u otros elementos ilicitos?"
CÓRDOBA,SAHAGÚN,GUAIMARITO,"8,832990","-75,484610",9412,"¿Cómo se califica GUAIMARITO; SAHAGÚN; CÓRDOBA; 8,832990; -75,484610 ; 9412; en todos los riesgos, el riesgo de contaminacioon se refiere a la contanminacion a la carga con sustancias prohibidad u otros elementos ilicitos?"
ANTIOQUIA,TARAZÁ,PIEDRAS,"7,568070","-75,382450",6752,"¿Cómo se califica PIEDRAS; TARAZÁ; ANTIOQUIA; 7,568070; -75,382450 ; 6752; en todos los riesgos, el riesgo de contaminacioon se refiere a la contanminacion a la carga con sustancias prohibidad u otros elementos ilicitos?"
TOLIMA,IBAGUÉ,BRICEÑO,"4,288480","-75,038740",6101,"¿Cómo se califica BRICEÑO; IBAGUÉ; TOLIMA; 4,288480; -75,038740 ; 6101; en todos los riesgos, el riesgo de contaminacioon se refiere a la contanminacion a la carga con sustancias prohibidad u otros elementos ilicitos?"
ATLÁNTICO,TUBARÁ,PLAYA MENDOZA,"10,894920","-75,039480",14756,"¿Cómo se califica PLAYA MENDOZA; TUBARÁ; ATLÁNTICO; 10,894920; -75,039480 ; 14756; en todos los riesgos, el riesgo de contaminacioon se refiere a la contanminacion a la carga con sustancias prohibidad u otros elementos ilicitos?"
ANTIOQUIA,SONSÓN,EL ALTO DEL POLLO,"5,900220","-74,753860",4245,"¿Cómo se califica EL ALTO DEL POLLO; SONSÓN; ANTIOQUIA; 5,900220; -74,753860 ; 4245; en todos los riesgos, el riesgo de contaminacioon se refiere a la contanminacion a la carga con sustancias prohibidad u otros elementos ilicitos?"
ANTIOQUIA,TARAZÁ,EL DOCE,"7,485710","-75,332970",6433,"¿Cómo se califica EL DOCE; TARAZÁ; ANTIOQUIA; 7,485710; -75,332970 ; 6433; en todos los riesgos, el riesgo de contaminacioon se refiere a la contanminacion a la carga con sustancias prohibidad u otros elementos ilicitos?"
CÓRDOBA,SAHAGÚN,SAN ANDRESITO,"8,660920","-75,495000",8937,"¿Cómo se califica SAN ANDRESITO; SAHAGÚN; CÓRDOBA; 8,660920; -75,495000 ; 8937; en todos los riesgos, el riesgo de contaminacioon se refiere a la contanminacion a la carga con sustancias prohibidad u otros elementos ilicitos?"
ANTIOQUIA,PUERTO BERRÍO,EL BRASIL,"6,467660","-74,616340",6613,"¿Cómo se califica EL BRASIL; PUERTO BERRÍO; ANTIOQUIA; 6,467660; -74,616340 ; 6613; en todos los riesgos, el riesgo de contaminacioon se refiere a la contanminacion a la carga con sustancias prohibidad u otros elementos ilicitos?"
ANTIOQUIA,SAN LUIS,EL SILENCIO - EL VENTIADERO,"5,994060","-75,035200",2988,"¿Cómo se califica EL SILENCIO - EL VENTIADERO; SAN LUIS; ANTIOQUIA; 5,994060; -75,035200 ; 2988; en todos los riesgos, el riesgo de contaminacioon se refiere a la contanminacion a la carga con sustancias prohibidad u otros elementos ilicitos?"
CUNDINAMARCA,TAUSA,BOQUERÓN,"5,184830","-73,860350",12185,"¿Cómo se califica BOQUERÓN; TAUSA; CUNDINAMARCA; 5,184830; -73,860350 ; 12185; en todos los riesgos, el riesgo de contaminacioon se refiere a la contanminacion a la carga con sustancias prohibidad u otros elementos ilicitos?"
VALLE DEL CAUCA,SAN PEDRO,MONTE GRANDE,"3,993350","-76,233530",979,"¿Cómo se califica MONTE GRANDE; SAN PEDRO; VALLE DEL CAUCA; 3,993350; -76,233530 ; 979; en todos los riesgos, el riesgo de contaminacioon se refiere a la contanminacion a la carga con sustancias prohibidad u otros elementos ilicitos?"
VALLE DEL CAUCA,TULUÁ,AGUACLARA,"4,136860","-76,180070",1323,"¿Cómo se califica AGUACLARA; TULUÁ; VALLE DEL CAUCA; 4,136860; -76,180070 ; 1323; en todos los riesgos, el riesgo de contaminacioon se refiere a la contanminacion a la carga con sustancias prohibidad u otros elementos ilicitos?"
ATLÁNTICO,SUAN,SUAN,"10,356460","-74,871220",15042,"¿Cómo se califica SUAN; SUAN; ATLÁNTICO; 10,356460; -74,871220 ; 15042; en todos los riesgos, el riesgo de contaminacioon se refiere a la contanminacion a la carga con sustancias prohibidad u otros elementos ilicitos?"
CÓRDOBA,SAHAGÚN,KILÓMETRO 34,"8,689110","-75,496000",9022,"¿Cómo se califica KILÓMETRO 34; SAHAGÚN; CÓRDOBA; 8,689110; -75,496000 ; 9022; en todos los riesgos, el riesgo de contaminacioon se refiere a la contanminacion a la carga con sustancias prohibidad u otros elementos ilicitos?"
CÓRDOBA,SAHAGÚN,LA YE,"8,823040","-75,496160",11479,"¿Cómo se califica LA YE; SAHAGÚN; CÓRDOBA; 8,823040; -75,496160 ; 11479; en todos los riesgos, el riesgo de contaminacioon se refiere a la contanminacion a la carga con sustancias prohibidad u otros elementos ilicitos?"
BOYACÁ,PUERTO BOYACÁ,EL TRIQUE,"5,827350","-74,585410",4563,"¿Cómo se califica EL TRIQUE; PUERTO BOYACÁ; BOYACÁ; 5,827350; -74,585410 ; 4563; en todos los riesgos, el riesgo de contaminacioon se refiere a la contanminacion a la carga con sustancias prohibidad u otros elementos ilicitos?"
ANTIOQUIA,SEGOVIA,FRAGUAS,"7,270530","-74,830090",8514,"¿Cómo se califica FRAGUAS; SEGOVIA; ANTIOQUIA; 7,270530; -74,830090 ; 8514; en todos los riesgos, el riesgo de contaminacioon se refiere a la contanminacion a la carga con sustancias prohibidad u otros elementos ilicitos?"
CUNDINAMARCA,TOCAIMA,PUBENZA,"4,409390","-74,714510",7365,"¿Cómo se califica PUBENZA; TOCAIMA; CUNDINAMARCA; 4,409390; -74,714510 ; 7365; en todos los riesgos, el riesgo de contaminacioon se refiere a la contanminacion a la carga con sustancias prohibidad u otros elementos ilicitos?"
ANTIOQUIA,SEGOVIA,EL CHISPERO,"7,156540","-74,784550",8318,"¿Cómo se califica EL CHISPERO; SEGOVIA; ANTIOQUIA; 7,156540; -74,784550 ; 8318; en todos los riesgos, el riesgo de contaminacioon se refiere a la contanminacion a la carga con sustancias prohibidad u otros elementos ilicitos?"
VALLE DEL CAUCA,ZARZAL,LA PAILA,"4,348230","-76,049690",1729,"¿Cómo se califica LA PAILA; ZARZAL; VALLE DEL CAUCA; 4,348230; -76,049690 ; 1729; en todos los riesgos, el riesgo de contaminacioon se refiere a la contanminacion a la carga con sustancias prohibidad u otros elementos ilicitos?"
ANTIOQUIA,TARAZÁ,PUERTO ANTIOQUIA,"7,535320","-75,362010",6523,"¿Cómo se califica PUERTO ANTIOQUIA; TARAZÁ; ANTIOQUIA; 7,535320; -75,362010 ; 6523; en todos los riesgos, el riesgo de contaminacioon se refiere a la contanminacion a la carga con sustancias prohibidad u otros elementos ilicitos?"
SUCRE,SAMPUÉS,SAMPUÉS,"9,197050","-75,391160",10226,"¿Cómo se califica SAMPUÉS; SAMPUÉS; SUCRE; 9,197050; -75,391160 ; 10226; en todos los riesgos, el riesgo de contaminacioon se refiere a la contanminacion a la carga con sustancias prohibidad u otros elementos ilicitos?"
CÓRDOBA,SAHAGÚN,GUAIMARITO,"8,832990","-75,484610",11498,"¿Cómo se califica GUAIMARITO; SAHAGÚN; CÓRDOBA; 8,832990; -75,484610 ; 11498; en todos los riesgos, el riesgo de contaminacioon se refiere a la contanminacion a la carga con sustancias prohibidad u otros elementos ilicitos?"
ANTIOQUIA,PUERTO TRIUNFO,DORADAL,"5,900180","-74,689210",4357,"¿Cómo se califica DORADAL; PUERTO TRIUNFO; ANTIOQUIA; 5,900180; -74,689210 ; 4357; en todos los riesgos, el riesgo de contaminacioon se refiere a la contanminacion a la carga con sustancias prohibidad u otros elementos ilicitos?"
CUNDINAMARCA,TENJO,BARRIO LOS CATADI,"4,743080","-74,173610",9405,"¿Cómo se califica BARRIO LOS CATADI; TENJO; CUNDINAMARCA; 4,743080; -74,173610 ; 9405; en todos los riesgos, el riesgo de contaminacioon se refiere a la contanminacion a la carga con sustancias prohibidad u otros elementos ilicitos?"
ANTIOQUIA,VALDIVIA,PUERTO RAUDAL,"7,399800","-75,306900",6279,"¿Cómo se califica PUERTO RAUDAL; VALDIVIA; ANTIOQUIA; 7,399800; -75,306900 ; 6279; en todos los riesgos, el riesgo de contaminacioon se refiere a la contanminacion a la carga con sustancias prohibidad u otros elementos ilicitos?"
VALLE DEL CAUCA,SEVILLA,COROZAL,"4,406960","-75,906190",2026,"¿Cómo se califica COROZAL; SEVILLA; VALLE DEL CAUCA; 4,406960; -75,906190 ; 2026; en todos los riesgos, el riesgo de contaminacioon se refiere a la contanminacion a la carga con sustancias prohibidad u otros elementos ilicitos?"
VALLE DEL CAUCA,ZARZAL,VALLEJUELO,"4,365800","-75,973120",1830,"¿Cómo se califica VALLEJUELO; ZARZAL; VALLE DEL CAUCA; 4,365800; -75,973120 ; 1830; en todos los riesgos, el riesgo de contaminacioon se refiere a la contanminacion a la carga con sustancias prohibidad u otros elementos ilicitos?"
CUNDINAMARCA,TENA,TENA,"4,667270","-74,345050",9353,"¿Cómo se califica TENA; TENA; CUNDINAMARCA; 4,667270; -74,345050 ; 9353; en todos los riesgos, el riesgo de contaminacioon se refiere a la contanminacion a la carga con sustancias prohibidad u otros elementos ilicitos?"
CÓRDOBA,LA APARTADA,PUERTO CÓRDOBA,"8,067490","-75,357030",9897,"¿Cómo se califica PUERTO CÓRDOBA; LA APARTADA; CÓRDOBA; 8,067490; -75,357030 ; 9897; en todos los riesgos, el riesgo de contaminacioon se refiere a la contanminacion a la carga con sustancias prohibidad u otros elementos ilicitos?"
SUCRE,SAMPUÉS,CALLE FRÍA (SAMPUES),"9,251240","-75,406080",12457,"¿Cómo se califica CALLE FRÍA (SAMPUES); SAMPUÉS; SUCRE; 9,251240; -75,406080 ; 12457; en todos los riesgos, el riesgo de contaminacioon se refiere a la contanminacion a la carga con sustancias prohibidad u otros elementos ilicitos?"
CÓRDOBA,PLANETA RICA,PLANETA RICA,"8,429160","-75,557940",8256,"¿Cómo se califica PLANETA RICA; PLANETA RICA; CÓRDOBA; 8,429160; -75,557940 ; 8256; en todos los riesgos, el riesgo de contaminacioon se refiere a la contanminacion a la carga con sustancias prohibidad u otros elementos ilicitos?"
ANTIOQUIA,YARUMAL,MINA VIEJA,"7,072920","-75,450100",4437,"¿Cómo se califica MINA VIEJA; YARUMAL; ANTIOQUIA; 7,072920; -75,450100 ; 4437; en todos los riesgos, el riesgo de contaminacioon se refiere a la contanminacion a la carga con sustancias prohibidad u otros elementos ilicitos?"
ANTIOQUIA,VEGACHÍ,VEGACHÍ,"6,813510","-74,789600",7778,"¿Cómo se califica VEGACHÍ; VEGACHÍ; ANTIOQUIA; 6,813510; -74,789600 ; 7778; en todos los riesgos, el riesgo de contaminacioon se refiere a la contanminacion a la carga con sustancias prohibidad u otros elementos ilicitos?"
CUNDINAMARCA,TENJO,BARRIO LOS CATADI,"4,779400","-74,139120",10958,"¿Cómo se califica BARRIO LOS CATADI; TENJO; CUNDINAMARCA; 4,779400; -74,139120 ; 10958; en todos los riesgos, el riesgo de contaminacioon se refiere a la contanminacion a la carga con sustancias prohibidad u otros elementos ilicitos?"
CUNDINAMARCA,VILLA DE SAN DIEGO DE UBATÉ,TAUSAVITA ALTO,"5,279020","-73,802600",12976,"¿Cómo se califica TAUSAVITA ALTO; VILLA DE SAN DIEGO DE UBATÉ; CUNDINAMARCA; 5,279020; -73,802600 ; 12976; en todos los riesgos, el riesgo de contaminacioon se refiere a la contanminacion a la carga con sustancias prohibidad u otros elementos ilicitos?"
ANTIOQUIA,VALDIVIA,VALDIVIA,"7,220850","-75,412950",5383,"¿Cómo se califica VALDIVIA; VALDIVIA; ANTIOQUIA; 7,220850; -75,412950 ; 5383; en todos los riesgos, el riesgo de contaminacioon se refiere a la contanminacion a la carga con sustancias prohibidad u otros elementos ilicitos?"
SUCRE,SAMPUÉS,ACHIOTE ARRIBA,"9,178330","-75,391920",12250,"¿Cómo se califica ACHIOTE ARRIBA; SAMPUÉS; SUCRE; 9,178330; -75,391920 ; 12250; en todos los riesgos, el riesgo de contaminacioon se refiere a la contanminacion a la carga con sustancias prohibidad u otros elementos ilicitos?"
SUCRE,SAMPUÉS,MATA DE CAÑA,"9,225600","-75,411020",12382,"¿Cómo se califica MATA DE CAÑA; SAMPUÉS; SUCRE; 9,225600; -75,411020 ; 12382; en todos los riesgos, el riesgo de contaminacioon se refiere a la contanminacion a la carga con sustancias prohibidad u otros elementos ilicitos?"
ANTIOQUIA,PUERTO TRIUNFO,LA FLORIDA,"5,919660","-74,806280",4098,"¿Cómo se califica LA FLORIDA; PUERTO TRIUNFO; ANTIOQUIA; 5,919660; -74,806280 ; 4098; en todos los riesgos, el riesgo de contaminacioon se refiere a la contanminacion a la carga con sustancias prohibidad u otros elementos ilicitos?"
ANTIOQUIA,YARUMAL,MINA VIEJA,"7,072920","-75,450100",4569,"¿Cómo se califica MINA VIEJA; YARUMAL; ANTIOQUIA; 7,072920; -75,450100 ; 4569; en todos los riesgos, el riesgo de contaminacioon se refiere a la contanminacion a la carga con sustancias prohibidad u otros elementos ilicitos?"
CUNDINAMARCA,VILLETA,VILLETA,"5,029280","-74,507090",2823,"¿Cómo se califica VILLETA; VILLETA; CUNDINAMARCA; 5,029280; -74,507090 ; 2823; en todos los riesgos, el riesgo de contaminacioon se refiere a la contanminacion a la carga con sustancias prohibidad u otros elementos ilicitos?"
ATLÁNTICO,SUAN,SUAN,"10,356460","-74,871220",12956,"¿Cómo se califica SUAN; SUAN; ATLÁNTICO; 10,356460; -74,871220 ; 12956; en todos los riesgos, el riesgo de contaminacioon se refiere a la contanminacion a la carga con sustancias prohibidad u otros elementos ilicitos?"
ANTIOQUIA,ZARAGOZA,LA CALIENTE,"7,304050","-74,835760",8567,"¿Cómo se califica LA CALIENTE; ZARAGOZA; ANTIOQUIA; 7,304050; -74,835760 ; 8567; en todos los riesgos, el riesgo de contaminacioon se refiere a la contanminacion a la carga con sustancias prohibidad u otros elementos ilicitos?"
CUNDINAMARCA,TENJO,CASCAJERA,"4,872150","-74,148190",9066,"¿Cómo se califica CASCAJERA; TENJO; CUNDINAMARCA; 4,872150; -74,148190 ; 9066; en todos los riesgos, el riesgo de contaminacioon se refiere a la contanminacion a la carga con sustancias prohibidad u otros elementos ilicitos?"
QUINDÍO,LA TEBAIDA,LA SILVIA,"4,449420","-75,816670",2253,"¿Cómo se califica LA SILVIA; LA TEBAIDA; QUINDÍO; 4,449420; -75,816670 ; 2253; en todos los riesgos, el riesgo de contaminacioon se refiere a la contanminacion a la carga con sustancias prohibidad u otros elementos ilicitos?"
SUCRE,SAMPUÉS,PIEDRAS BLANCAS,"9,165940","-75,393030",12236,"¿Cómo se califica PIEDRAS BLANCAS; SAMPUÉS; SUCRE; 9,165940; -75,393030 ; 12236; en todos los riesgos, el riesgo de contaminacioon se refiere a la contanminacion a la carga con sustancias prohibidad u otros elementos ilicitos?"
ANTIOQUIA,REMEDIOS,SANTA ISABEL,"6,986960","-74,760690",8013,"¿Cómo se califica SANTA ISABEL; REMEDIOS; ANTIOQUIA; 6,986960; -74,760690 ; 8013; en todos los riesgos, el riesgo de contaminacioon se refiere a la contanminacion a la carga con sustancias prohibidad u otros elementos ilicitos?"
CÓRDOBA,SAN PELAYO,SAN PELAYO,"8,968940","-75,834930",9167,"¿Cómo se califica SAN PELAYO; SAN PELAYO; CÓRDOBA; 8,968940; -75,834930 ; 9167; en todos los riesgos, el riesgo de contaminacioon se refiere a la contanminacion a la carga con sustancias prohibidad u otros elementos ilicitos?"
ANTIOQUIA,PUERTO TRIUNFO,PUERTO PERALES NUEVO,"6,016490","-74,561840",5394,"¿Cómo se califica PUERTO PERALES NUEVO; PUERTO TRIUNFO; ANTIOQUIA; 6,016490; -74,561840 ; 5394; en todos los riesgos, el riesgo de contaminacioon se refiere a la contanminacion a la carga con sustancias prohibidad u otros elementos ilicitos?"
CUNDINAMARCA,TENJO,TENJO,"4,865960","-74,141110",9119,"¿Cómo se califica TENJO; TENJO; CUNDINAMARCA; 4,865960; -74,141110 ; 9119; en todos los riesgos, el riesgo de contaminacioon se refiere a la contanminacion a la carga con sustancias prohibidad u otros elementos ilicitos?"
CUNDINAMARCA,ZIPAQUIRÁ,EL CODITO,"5,049030","-73,961820",11961,"¿Cómo se califica EL CODITO; ZIPAQUIRÁ; CUNDINAMARCA; 5,049030; -73,961820 ; 11961; en todos los riesgos, el riesgo de contaminacioon se refiere a la contanminacion a la carga con sustancias prohibidad u otros elementos ilicitos?"
CUNDINAMARCA,TENJO,GRATAMIRA,"4,832980","-74,134060",9191,"¿Cómo se califica GRATAMIRA; TENJO; CUNDINAMARCA; 4,832980; -74,134060 ; 9191; en todos los riesgos, el riesgo de contaminacioon se refiere a la contanminacion a la carga con sustancias prohibidad u otros elementos ilicitos?"
SUCRE,SAMPUÉS,MATEO PÉREZ,"9,202210","-75,398480",12317,"¿Cómo se califica MATEO PÉREZ; SAMPUÉS; SUCRE; 9,202210; -75,398480 ; 12317; en todos los riesgos, el riesgo de contaminacioon se refiere a la contanminacion a la carga con sustancias prohibidad u otros elementos ilicitos?"
ANTIOQUIA,SAN FRANCISCO,RÍO CLARO,"5,922900","-74,835890",4038,"¿Cómo se califica RÍO CLARO; SAN FRANCISCO; ANTIOQUIA; 5,922900; -74,835890 ; 4038; en todos los riesgos, el riesgo de contaminacioon se refiere a la contanminacion a la carga con sustancias prohibidad u otros elementos ilicitos?"
ANTIOQUIA,REMEDIOS,REMEDIOS,"7,048720","-74,706120",8132,"¿Cómo se califica REMEDIOS; REMEDIOS; ANTIOQUIA; 7,048720; -74,706120 ; 8132; en todos los riesgos, el riesgo de contaminacioon se refiere a la contanminacion a la carga con sustancias prohibidad u otros elementos ilicitos?"
SUCRE,SINCELEJO,LA GALLERA,"9,247070","-75,411020",10355,"¿Cómo se califica LA GALLERA; SINCELEJO; SUCRE; 9,247070; -75,411020 ; 10355; en todos los riesgos, el riesgo de contaminacioon se refiere a la contanminacion a la carga con sustancias prohibidad u otros elementos ilicitos?"
CÓRDOBA,COTORRA,CAIMÁN,"9,012710","-75,829740",9225,"¿Cómo se califica CAIMÁN; COTORRA; CÓRDOBA; 9,012710; -75,829740 ; 9225; en todos los riesgos, el riesgo de contaminacioon se refiere a la contanminacion a la carga con sustancias prohibidad u otros elementos ilicitos?"
VALLE DEL CAUCA,SAN PEDRO,TODOS LOS SANTOS,"3,984730","-76,239200",968,"¿Cómo se califica TODOS LOS SANTOS; SAN PEDRO; VALLE DEL CAUCA; 3,984730; -76,239200 ; 968; en todos los riesgos, el riesgo de contaminacioon se refiere a la contanminacion a la carga con sustancias prohibidad u otros elementos ilicitos?"
CUNDINAMARCA,ZIPAQUIRÁ,LA ESCUELA,"5,037130","-73,971860",11950,"¿Cómo se califica LA ESCUELA; ZIPAQUIRÁ; CUNDINAMARCA; 5,037130; -73,971860 ; 11950; en todos los riesgos, el riesgo de contaminacioon se refiere a la contanminacion a la carga con sustancias prohibidad u otros elementos ilicitos?"
CUNDINAMARCA,TOCAIMA,LA SALADA,"4,435590","-74,680450",7473,"¿Cómo se califica LA SALADA; TOCAIMA; CUNDINAMARCA; 4,435590; -74,680450 ; 7473; en todos los riesgos, el riesgo de contaminacioon se refiere a la contanminacion a la carga con sustancias prohibidad u otros elementos ilicitos?"
CÓRDOBA,SAN PELAYO,PELAYITO,"8,946540","-75,829300",9126,"¿Cómo se califica PELAYITO; SAN PELAYO; CÓRDOBA; 8,946540; -75,829300 ; 9126; en todos los riesgos, el riesgo de contaminacioon se refiere a la contanminacion a la carga con sustancias prohibidad u otros elementos ilicitos?"
ANTIOQUIA,SAN LUIS,MONTELORO (LA JOSEFINA),"5,976150","-74,900990",3638,"¿Cómo se califica MONTELORO (LA JOSEFINA); SAN LUIS; ANTIOQUIA; 5,976150; -74,900990 ; 3638; en todos los riesgos, el riesgo de contaminacioon se refiere a la contanminacion a la carga con sustancias prohibidad u otros elementos ilicitos?"
SUCRE,MORROA,SABANAS DE CALI,"9,355190","-75,283940",12866,"¿Cómo se califica SABANAS DE CALI; MORROA; SUCRE; 9,355190; -75,283940 ; 12866; en todos los riesgos, el riesgo de contaminacioon se refiere a la contanminacion a la carga con sustancias prohibidad u otros elementos ilicitos?"
CUNDINAMARCA,TOCANCIPÁ,EL PORVENIR,"4,996240","-73,927660",11822,"¿Cómo se califica EL PORVENIR; TOCANCIPÁ; CUNDINAMARCA; 4,996240; -73,927660 ; 11822; en todos los riesgos, el riesgo de contaminacioon se refiere a la contanminacion a la carga con sustancias prohibidad u otros elementos ilicitos?"
CÓRDOBA,SAHAGÚN,LOS BARRILES,"8,661910","-75,495410",11030,"¿Cómo se califica LOS BARRILES; SAHAGÚN; CÓRDOBA; 8,661910; -75,495410 ; 11030; en todos los riesgos, el riesgo de contaminacioon se refiere a la contanminacion a la carga con sustancias prohibidad u otros elementos ilicitos?"
CUNDINAMARCA,TOCANCIPÁ,LA FUENTE,"5,015260","-73,945700",11852,"¿Cómo se califica LA FUENTE; TOCANCIPÁ; CUNDINAMARCA; 5,015260; -73,945700 ; 11852; en todos los riesgos, el riesgo de contaminacioon se refiere a la contanminacion a la carga con sustancias prohibidad u otros elementos ilicitos?"
CUNDINAMARCA,ZIPAQUIRÁ,LOTEO SANTA ISABEL,"5,032840","-73,972880",11942,"¿Cómo se califica LOTEO SANTA ISABEL; ZIPAQUIRÁ; CUNDINAMARCA; 5,032840; -73,972880 ; 11942; en todos los riesgos, el riesgo de contaminacioon se refiere a la contanminacion a la carga con sustancias prohibidad u otros elementos ilicitos?"
ATLÁNTICO,TUBARÁ,PLAYAS DE EDRIMÁN,"10,856150","-75,061540",14865,"¿Cómo se califica PLAYAS DE EDRIMÁN; TUBARÁ; ATLÁNTICO; 10,856150; -75,061540 ; 14865; en todos los riesgos, el riesgo de contaminacioon se refiere a la contanminacion a la carga con sustancias prohibidad u otros elementos ilicitos?"
ANTIOQUIA,SEGOVIA,PUERTO CALAVERA,"7,210660","-74,797970",8417,"¿Cómo se califica PUERTO CALAVERA; SEGOVIA; ANTIOQUIA; 7,210660; -74,797970 ; 8417; en todos los riesgos, el riesgo de contaminacioon se refiere a la contanminacion a la carga con sustancias prohibidad u otros elementos ilicitos?"
ANTIOQUIA,SANTA ROSA DE OSOS,RÍO GRANDE,"6,570500","-75,407100",2473,"¿Cómo se califica RÍO GRANDE; SANTA ROSA DE OSOS; ANTIOQUIA; 6,570500; -75,407100 ; 2473; en todos los riesgos, el riesgo de contaminacioon se refiere a la contanminacion a la carga con sustancias prohibidad u otros elementos ilicitos?"
MAGDALENA,REMOLINO,REMOLINO,"10,704590","-74,750440",15505,"¿Cómo se califica REMOLINO; REMOLINO; MAGDALENA; 10,704590; -74,750440 ; 15505; en todos los riesgos, el riesgo de contaminacioon se refiere a la contanminacion a la carga con sustancias prohibidad u otros elementos ilicitos?"
CUNDINAMARCA,TOCANCIPÁ,LAS QUINTAS,"4,942930","-73,959590",11611,"¿Cómo se califica LAS QUINTAS; TOCANCIPÁ; CUNDINAMARCA; 4,942930; -73,959590 ; 11611; en todos los riesgos, el riesgo de contaminacioon se refiere a la contanminacion a la carga con sustancias prohibidad u otros elementos ilicitos?"
ANTIOQUIA,TARAZÁ,PIEDRAS,"7,568070","-75,382450",6621,"¿Cómo se califica PIEDRAS; TARAZÁ; ANTIOQUIA; 7,568070; -75,382450 ; 6621; en todos los riesgos, el riesgo de contaminacioon se refiere a la contanminacion a la carga con sustancias prohibidad u otros elementos ilicitos?"
ANTIOQUIA,VALDIVIA,PUERTO RAUDAL,"7,399800","-75,306900",6148,"¿Cómo se califica PUERTO RAUDAL; VALDIVIA; ANTIOQUIA; 7,399800; -75,306900 ; 6148; en todos los riesgos, el riesgo de contaminacioon se refiere a la contanminacion a la carga con sustancias prohibidad u otros elementos ilicitos?"
CÓRDOBA,SAN CARLOS,CIENAGUITA,"8,631010","-75,764010",8562,"¿Cómo se califica CIENAGUITA; SAN CARLOS; CÓRDOBA; 8,631010; -75,764010 ; 8562; en todos los riesgos, el riesgo de contaminacioon se refiere a la contanminacion a la carga con sustancias prohibidad u otros elementos ilicitos?"
ATLÁNTICO,TUBARÁ,CUATRO BOCAS,"10,967860","-74,956130",14582,"¿Cómo se califica CUATRO BOCAS; TUBARÁ; ATLÁNTICO; 10,967860; -74,956130 ; 14582; en todos los riesgos, el riesgo de contaminacioon se refiere a la contanminacion a la carga con sustancias prohibidad u otros elementos ilicitos?"
ANTIOQUIA,VALDIVIA,PUERTO VALDIVIA,"7,326620","-75,358900",6032,"¿Cómo se califica PUERTO VALDIVIA; VALDIVIA; ANTIOQUIA; 7,326620; -75,358900 ; 6032; en todos los riesgos, el riesgo de contaminacioon se refiere a la contanminacion a la carga con sustancias prohibidad u otros elementos ilicitos?"
ANTIOQUIA,SANTA ROSA DE OSOS,SANTA ROSA DE OSOS,"6,726230","-75,486190",2989,"¿Cómo se califica SANTA ROSA DE OSOS; SANTA ROSA DE OSOS; ANTIOQUIA; 6,726230; -75,486190 ; 2989; en todos los riesgos, el riesgo de contaminacioon se refiere a la contanminacion a la carga con sustancias prohibidad u otros elementos ilicitos?"
CÓRDOBA,SAHAGÚN,KILÓMETRO 32,"8,706000","-75,496990",9099,"¿Cómo se califica KILÓMETRO 32; SAHAGÚN; CÓRDOBA; 8,706000; -75,496990 ; 9099; en todos los riesgos, el riesgo de contaminacioon se refiere a la contanminacion a la carga con sustancias prohibidad u otros elementos ilicitos?"
ATLÁNTICO,TUBARÁ,TUBARÁ,"10,873520","-74,978620",17097,"¿Cómo se califica TUBARÁ; TUBARÁ; ATLÁNTICO; 10,873520; -74,978620 ; 17097; en todos los riesgos, el riesgo de contaminacioon se refiere a la contanminacion a la carga con sustancias prohibidad u otros elementos ilicitos?"
ANTIOQUIA,YARUMAL,YARUMAL,"6,970430","-75,428890",3833,"¿Cómo se califica YARUMAL; YARUMAL; ANTIOQUIA; 6,970430; -75,428890 ; 3833; en todos los riesgos, el riesgo de contaminacioon se refiere a la contanminacion a la carga con sustancias prohibidad u otros elementos ilicitos?"
ANTIOQUIA,VEGACHÍ,EL TIGRE,"6,900390","-74,767440",7903,"¿Cómo se califica EL TIGRE; VEGACHÍ; ANTIOQUIA; 6,900390; -74,767440 ; 7903; en todos los riesgos, el riesgo de contaminacioon se refiere a la contanminacion a la carga con sustancias prohibidad u otros elementos ilicitos?"
ANTIOQUIA,TARAZÁ,EL DOCE,"7,485710","-75,332970",6564,"¿Cómo se califica EL DOCE; TARAZÁ; ANTIOQUIA; 7,485710; -75,332970 ; 6564; en todos los riesgos, el riesgo de contaminacioon se refiere a la contanminacion a la carga con sustancias prohibidad u otros elementos ilicitos?"
ATLÁNTICO,TUBARÁ,JUARUCO,"10,966520","-74,972240",14600,"¿Cómo se califica JUARUCO; TUBARÁ; ATLÁNTICO; 10,966520; -74,972240 ; 14600; en todos los riesgos, el riesgo de contaminacioon se refiere a la contanminacion a la carga con sustancias prohibidad u otros elementos ilicitos?"
ANTIOQUIA,TARAZÁ,TARAZÁ,"7,595490","-75,377070",6727,"¿Cómo se califica TARAZÁ; TARAZÁ; ANTIOQUIA; 7,595490; -75,377070 ; 6727; en todos los riesgos, el riesgo de contaminacioon se refiere a la contanminacion a la carga con sustancias prohibidad u otros elementos ilicitos?"
CUNDINAMARCA,SAN FRANCISCO,SAN FRANCISCO,"4,940910","-74,308970",8063,"¿Cómo se califica SAN FRANCISCO; SAN FRANCISCO; CUNDINAMARCA; 4,940910; -74,308970 ; 8063; en todos los riesgos, el riesgo de contaminacioon se refiere a la contanminacion a la carga con sustancias prohibidad u otros elementos ilicitos?"
ANTIOQUIA,VALDIVIA,PUERTO VALDIVIA,"7,326620","-75,358900",5900,"¿Cómo se califica PUERTO VALDIVIA; VALDIVIA; ANTIOQUIA; 7,326620; -75,358900 ; 5900; en todos los riesgos, el riesgo de contaminacioon se refiere a la contanminacion a la carga con sustancias prohibidad u otros elementos ilicitos?"
ANTIOQUIA,YARUMAL,YARUMAL,"6,970430","-75,428890",3701,"¿Cómo se califica YARUMAL; YARUMAL; ANTIOQUIA; 6,970430; -75,428890 ; 3701; en todos los riesgos, el riesgo de contaminacioon se refiere a la contanminacion a la carga con sustancias prohibidad u otros elementos ilicitos?"
SUCRE,SINCELEJO,POLICARPA,"9,276270","-75,371320",10431,"¿Cómo se califica POLICARPA; SINCELEJO; SUCRE; 9,276270; -75,371320 ; 10431; en todos los riesgos, el riesgo de contaminacioon se refiere a la contanminacion a la carga con sustancias prohibidad u otros elementos ilicitos?"
CUNDINAMARCA,VILLA DE SAN DIEGO DE UBATÉ,VILLA DE SAN DIEGO DE UBATÉ,"5,308220","-73,804950",13021,"¿Cómo se califica VILLA DE SAN DIEGO DE UBATÉ; VILLA DE SAN DIEGO DE UBATÉ; CUNDINAMARCA; 5,308220; -73,804950 ; 13021; en todos los riesgos, el riesgo de contaminacioon se refiere a la contanminacion a la carga con sustancias prohibidad u otros elementos ilicitos?"
CÓRDOBA,SAHAGÚN,NUEVA ESPERANZA,"9,004420","-75,456410",11833,"¿Cómo se califica NUEVA ESPERANZA; SAHAGÚN; CÓRDOBA; 9,004420; -75,456410 ; 11833; en todos los riesgos, el riesgo de contaminacioon se refiere a la contanminacion a la carga con sustancias prohibidad u otros elementos ilicitos?"
ATLÁNTICO,TUBARÁ,VILLAS DE PALMARITO,"10,887970","-75,060700",14798,"¿Cómo se califica VILLAS DE PALMARITO; TUBARÁ; ATLÁNTICO; 10,887970; -75,060700 ; 14798; en todos los riesgos, el riesgo de contaminacioon se refiere a la contanminacion a la carga con sustancias prohibidad u otros elementos ilicitos?"
VALLE DEL CAUCA,TULUÁ,CAMPOALEGRE,"4,053030","-76,202020",1088,"¿Cómo se califica CAMPOALEGRE; TULUÁ; VALLE DEL CAUCA; 4,053030; -76,202020 ; 1088; en todos los riesgos, el riesgo de contaminacioon se refiere a la contanminacion a la carga con sustancias prohibidad u otros elementos ilicitos?"
ANTIOQUIA,SAN LUIS,SAN LUIS,"6,008650","-74,952300",3342,"¿Cómo se califica SAN LUIS; SAN LUIS; ANTIOQUIA; 6,008650; -74,952300 ; 3342; en todos los riesgos, el riesgo de contaminacioon se refiere a la contanminacion a la carga con sustancias prohibidad u otros elementos ilicitos?"
SUCRE,SAMPUÉS,PIEDRAS BLANCAS,"9,165940","-75,393030",10150,"¿Cómo se califica PIEDRAS BLANCAS; SAMPUÉS; SUCRE; 9,165940; -75,393030 ; 10150; en todos los riesgos, el riesgo de contaminacioon se refiere a la contanminacion a la carga con sustancias prohibidad u otros elementos ilicitos?"
CUNDINAMARCA,MADRID,CHAUTA,"4,822270","-74,233530",8594,"¿Cómo se califica CHAUTA; MADRID; CUNDINAMARCA; 4,822270; -74,233530 ; 8594; en todos los riesgos, el riesgo de contaminacioon se refiere a la contanminacion a la carga con sustancias prohibidad u otros elementos ilicitos?"
ANTIOQUIA,YARUMAL,EL CEDRO,"7,230830","-75,407210",5435,"¿Cómo se califica EL CEDRO; YARUMAL; ANTIOQUIA; 7,230830; -75,407210 ; 5435; en todos los riesgos, el riesgo de contaminacioon se refiere a la contanminacion a la carga con sustancias prohibidad u otros elementos ilicitos?"
CUNDINAMARCA,VILLA DE SAN DIEGO DE UBATÉ,PALOGORDO,"5,337460","-73,795420",13107,"¿Cómo se califica PALOGORDO; VILLA DE SAN DIEGO DE UBATÉ; CUNDINAMARCA; 5,337460; -73,795420 ; 13107; en todos los riesgos, el riesgo de contaminacioon se refiere a la contanminacion a la carga con sustancias prohibidad u otros elementos ilicitos?"
ANTIOQUIA,SAN FRANCISCO,PAILANIA,"6,006500","-75,091300",2693,"¿Cómo se califica PAILANIA; SAN FRANCISCO; ANTIOQUIA; 6,006500; -75,091300 ; 2693; en todos los riesgos, el riesgo de contaminacioon se refiere a la contanminacion a la carga con sustancias prohibidad u otros elementos ilicitos?"
CUNDINAMARCA,VILLETA,EL PUENTE,"5,026890","-74,506880",2803,"¿Cómo se califica EL PUENTE; VILLETA; CUNDINAMARCA; 5,026890; -74,506880 ; 2803; en todos los riesgos, el riesgo de contaminacioon se refiere a la contanminacion a la carga con sustancias prohibidad u otros elementos ilicitos?"
VALLE DEL CAUCA,ZARZAL,QUEBRADANUEVA,"4,371160","-75,950720",1892,"¿Cómo se califica QUEBRADANUEVA; ZARZAL; VALLE DEL CAUCA; 4,371160; -75,950720 ; 1892; en todos los riesgos, el riesgo de contaminacioon se refiere a la contanminacion a la carga con sustancias prohibidad u otros elementos ilicitos?"
VALLE DEL CAUCA,SEVILLA,BUENOS AIRES,"4,408810","-75,886220",2083,"¿Cómo se califica BUENOS AIRES; SEVILLA; VALLE DEL CAUCA; 4,408810; -75,886220 ; 2083; en todos los riesgos, el riesgo de contaminacioon se refiere a la contanminacion a la carga con sustancias prohibidad u otros elementos ilicitos?"
ATLÁNTICO,SANTO TOMÁS,SANTO TOMÁS,"10,773690","-74,764300",13537,"¿Cómo se califica SANTO TOMÁS; SANTO TOMÁS; ATLÁNTICO; 10,773690; -74,764300 ; 13537; en todos los riesgos, el riesgo de contaminacioon se refiere a la contanminacion a la carga con sustancias prohibidad u otros elementos ilicitos?"
QUINDÍO,ARMENIA,"CONDOMINIOS LAS VEGAS, IRAKA Y LAGOS DE IRAKA","4,470850","-75,756520",2443,"¿Cómo se califica CONDOMINIOS LAS VEGAS, IRAKA Y LAGOS DE IRAKA; ARMENIA; QUINDÍO; 4,470850; -75,756520 ; 2443; en todos los riesgos, el riesgo de contaminacioon se refiere a la contanminacion a la carga con sustancias prohibidad u otros elementos ilicitos?"
CUNDINAMARCA,TOCANCIPÁ,DULCINEA,"4,951810","-73,931750",11673,"¿Cómo se califica DULCINEA; TOCANCIPÁ; CUNDINAMARCA; 4,951810; -73,931750 ; 11673; en todos los riesgos, el riesgo de contaminacioon se refiere a la contanminacion a la carga con sustancias prohibidad u otros elementos ilicitos?"
CUNDINAMARCA,VILLETA,EL PUENTE,"5,026000","-74,505860",6799,"¿Cómo se califica EL PUENTE; VILLETA; CUNDINAMARCA; 5,026000; -74,505860 ; 6799; en todos los riesgos, el riesgo de contaminacioon se refiere a la contanminacion a la carga con sustancias prohibidad u otros elementos ilicitos?"
MAGDALENA,SITIONUEVO,PALERMO,"10,984410","-74,775990",14120,"¿Cómo se califica PALERMO; SITIONUEVO; MAGDALENA; 10,984410; -74,775990 ; 14120; en todos los riesgos, el riesgo de contaminacioon se refiere a la contanminacion a la carga con sustancias prohibidad u otros elementos ilicitos?"
ANTIOQUIA,YARUMAL,EL CEDRO,"7,230830","-75,407210",5303,"¿Cómo se califica EL CEDRO; YARUMAL; ANTIOQUIA; 7,230830; -75,407210 ; 5303; en todos los riesgos, el riesgo de contaminacioon se refiere a la contanminacion a la carga con sustancias prohibidad u otros elementos ilicitos?"
CUNDINAMARCA,ZIPAQUIRÁ,MALAGÓN,"5,028910","-73,973610",11937,"¿Cómo se califica MALAGÓN; ZIPAQUIRÁ; CUNDINAMARCA; 5,028910; -73,973610 ; 11937; en todos los riesgos, el riesgo de contaminacioon se refiere a la contanminacion a la carga con sustancias prohibidad u otros elementos ilicitos?"
SUCRE,SINCELEJO,LA GALLERA,"9,247070","-75,411020",12441,"¿Cómo se califica LA GALLERA; SINCELEJO; SUCRE; 9,247070; -75,411020 ; 12441; en todos los riesgos, el riesgo de contaminacioon se refiere a la contanminacion a la carga con sustancias prohibidad u otros elementos ilicitos?"
SUCRE,SAMPUÉS,ACHIOTE ARRIBA,"9,178330","-75,391920",10164,"¿Cómo se califica ACHIOTE ARRIBA; SAMPUÉS; SUCRE; 9,178330; -75,391920 ; 10164; en todos los riesgos, el riesgo de contaminacioon se refiere a la contanminacion a la carga con sustancias prohibidad u otros elementos ilicitos?"
SUCRE,SAMPUÉS,MATEO PÉREZ,"9,202210","-75,398480",10231,"¿Cómo se califica MATEO PÉREZ; SAMPUÉS; SUCRE; 9,202210; -75,398480 ; 10231; en todos los riesgos, el riesgo de contaminacioon se refiere a la contanminacion a la carga con sustancias prohibidad u otros elementos ilicitos?"
ANTIOQUIA,SEGOVIA,CAMPO ALEGRE,"7,103770","-74,758390",8234,"¿Cómo se califica CAMPO ALEGRE; SEGOVIA; ANTIOQUIA; 7,103770; -74,758390 ; 8234; en todos los riesgos, el riesgo de contaminacioon se refiere a la contanminacion a la carga con sustancias prohibidad u otros elementos ilicitos?"
ANTIOQUIA,ZARAGOZA,EL CENIZO,"7,394850","-74,859430",8734,"¿Cómo se califica EL CENIZO; ZARAGOZA; ANTIOQUIA; 7,394850; -74,859430 ; 8734; en todos los riesgos, el riesgo de contaminacioon se refiere a la contanminacion a la carga con sustancias prohibidad u otros elementos ilicitos?"
CUNDINAMARCA,TOCANCIPÁ,LOS MANZANOS,"4,959500","-73,912430",11691,"¿Cómo se califica LOS MANZANOS; TOCANCIPÁ; CUNDINAMARCA; 4,959500; -73,912430 ; 11691; en todos los riesgos, el riesgo de contaminacioon se refiere a la contanminacion a la carga con sustancias prohibidad u otros elementos ilicitos?"
VALLE DEL CAUCA,ZARZAL,LIMONES,"4,351630","-76,031270",1744,"¿Cómo se califica LIMONES; ZARZAL; VALLE DEL CAUCA; 4,351630; -76,031270 ; 1744; en todos los riesgos, el riesgo de contaminacioon se refiere a la contanminacion a la carga con sustancias prohibidad u otros elementos ilicitos?"
ANTIOQUIA,YOLOMBÓ,LA FLORESTA,"6,623300","-74,795620",7510,"¿Cómo se califica LA FLORESTA; YOLOMBÓ; ANTIOQUIA; 6,623300; -74,795620 ; 7510; en todos los riesgos, el riesgo de contaminacioon se refiere a la contanminacion a la carga con sustancias prohibidad u otros elementos ilicitos?"
CUNDINAMARCA,SOPÓ,HATOGRANDE,"4,936950","-73,982430",11572,"¿Cómo se califica HATOGRANDE; SOPÓ; CUNDINAMARCA; 4,936950; -73,982430 ; 11572; en todos los riesgos, el riesgo de contaminacioon se refiere a la contanminacion a la carga con sustancias prohibidad u otros elementos ilicitos?"
ATLÁNTICO,TUBARÁ,CUATRO BOCAS,"10,896910","-74,959280",16928,"¿Cómo se califica CUATRO BOCAS; TUBARÁ; ATLÁNTICO; 10,896910; -74,959280 ; 16928; en todos los riesgos, el riesgo de contaminacioon se refiere a la contanminacion a la carga con sustancias prohibidad u otros elementos ilicitos?"
ATLÁNTICO,TUBARÁ,NUEVA ESPERANZA,"10,891550","-75,048880",14778,"¿Cómo se califica NUEVA ESPERANZA; TUBARÁ; ATLÁNTICO; 10,891550; -75,048880 ; 14778; en todos los riesgos, el riesgo de contaminacioon se refiere a la contanminacion a la carga con sustancias prohibidad u otros elementos ilicitos?"
CUNDINAMARCA,VILLA DE SAN DIEGO DE UBATÉ,GUATANCUY,"5,372820","-73,778030",13201,"¿Cómo se califica GUATANCUY; VILLA DE SAN DIEGO DE UBATÉ; CUNDINAMARCA; 5,372820; -73,778030 ; 13201; en todos los riesgos, el riesgo de contaminacioon se refiere a la contanminacion a la carga con sustancias prohibidad u otros elementos ilicitos?"
ANTIOQUIA,ZARAGOZA,EL CRISTO,"7,293090","-74,836870",8551,"¿Cómo se califica EL CRISTO; ZARAGOZA; ANTIOQUIA; 7,293090; -74,836870 ; 8551; en todos los riesgos, el riesgo de contaminacioon se refiere a la contanminacion a la carga con sustancias prohibidad u otros elementos ilicitos?"
CUNDINAMARCA,VILLETA,BAGAZAL,"4,992640","-74,470780",2448,"¿Cómo se califica BAGAZAL; VILLETA; CUNDINAMARCA; 4,992640; -74,470780 ; 2448; en todos los riesgos, el riesgo de contaminacioon se refiere a la contanminacion a la carga con sustancias prohibidad u otros elementos ilicitos?"
VALLE DEL CAUCA,TULUÁ,CIENEGUETA,"4,066060","-76,180600",1134,"¿Cómo se califica CIENEGUETA; TULUÁ; VALLE DEL CAUCA; 4,066060; -76,180600 ; 1134; en todos los riesgos, el riesgo de contaminacioon se refiere a la contanminacion a la carga con sustancias prohibidad u otros elementos ilicitos?"
ANTIOQUIA,ZARAGOZA,ZARAGOZA,"7,564660","-74,881060",9042,"¿Cómo se califica ZARAGOZA; ZARAGOZA; ANTIOQUIA; 7,564660; -74,881060 ; 9042; en todos los riesgos, el riesgo de contaminacioon se refiere a la contanminacion a la carga con sustancias prohibidad u otros elementos ilicitos?"
ANTIOQUIA,VALDIVIA,VALDIVIA,"7,220850","-75,412950",5251,"¿Cómo se califica VALDIVIA; VALDIVIA; ANTIOQUIA; 7,220850; -75,412950 ; 5251; en todos los riesgos, el riesgo de contaminacioon se refiere a la contanminacion a la carga con sustancias prohibidad u otros elementos ilicitos?"
CUNDINAMARCA,ZIPAQUIRÁ,LA MARIELA,"5,021210","-73,967810",11902,"¿Cómo se califica LA MARIELA; ZIPAQUIRÁ; CUNDINAMARCA; 5,021210; -73,967810 ; 11902; en todos los riesgos, el riesgo de contaminacioon se refiere a la contanminacion a la carga con sustancias prohibidad u otros elementos ilicitos?"
VALLE DEL CAUCA,TULUÁ,LA COLINA,"4,113610","-76,175210",1257,"¿Cómo se califica LA COLINA; TULUÁ; VALLE DEL CAUCA; 4,113610; -76,175210 ; 1257; en todos los riesgos, el riesgo de contaminacioon se refiere a la contanminacion a la carga con sustancias prohibidad u otros elementos ilicitos?"
CÓRDOBA,MONTERÍA,EL CERRITO,"8,711080","-75,831390",8651,"¿Cómo se califica EL CERRITO; MONTERÍA; CÓRDOBA; 8,711080; -75,831390 ; 8651; en todos los riesgos, el riesgo de contaminacioon se refiere a la contanminacion a la carga con sustancias prohibidad u otros elementos ilicitos?"
CÓRDOBA,SAHAGÚN,LOS BARRILES,"8,661910","-75,495410",8944,"¿Cómo se califica LOS BARRILES; SAHAGÚN; CÓRDOBA; 8,661910; -75,495410 ; 8944; en todos los riesgos, el riesgo de contaminacioon se refiere a la contanminacion a la carga con sustancias prohibidad u otros elementos ilicitos?"
ANTIOQUIA,YALÍ,YALÍ,"6,713860","-74,799330",7634,"¿Cómo se califica YALÍ; YALÍ; ANTIOQUIA; 6,713860; -74,799330 ; 7634; en todos los riesgos, el riesgo de contaminacioon se refiere a la contanminacion a la carga con sustancias prohibidad u otros elementos ilicitos?"
CUNDINAMARCA,TENJO,LA PUNTA,"4,818360","-74,195960",8799,"¿Cómo se califica LA PUNTA; TENJO; CUNDINAMARCA; 4,818360; -74,195960 ; 8799; en todos los riesgos, el riesgo de contaminacioon se refiere a la contanminacion a la carga con sustancias prohibidad u otros elementos ilicitos?"
ANTIOQUIA,ZARAGOZA,BUENOS AIRES,"7,600500","-74,896320",9080,"¿Cómo se califica BUENOS AIRES; ZARAGOZA; ANTIOQUIA; 7,600500; -74,896320 ; 9080; en todos los riesgos, el riesgo de contaminacioon se refiere a la contanminacion a la carga con sustancias prohibidad u otros elementos ilicitos?"
CUNDINAMARCA,TOCANCIPÁ,CHICÓ NORTE,"4,948880","-73,947430",11649,"¿Cómo se califica CHICÓ NORTE; TOCANCIPÁ; CUNDINAMARCA; 4,948880; -73,947430 ; 11649; en todos los riesgos, el riesgo de contaminacioon se refiere a la contanminacion a la carga con sustancias prohibidad u otros elementos ilicitos?"
CUNDINAMARCA,TOCANCIPÁ,CHICALÁ,"4,954720","-73,924030",11679,"¿Cómo se califica CHICALÁ; TOCANCIPÁ; CUNDINAMARCA; 4,954720; -73,924030 ; 11679; en todos los riesgos, el riesgo de contaminacioon se refiere a la contanminacion a la carga con sustancias prohibidad u otros elementos ilicitos?"
ANTIOQUIA,TARAZÁ,PUERTO ANTIOQUIA,"7,535320","-75,362010",6654,"¿Cómo se califica PUERTO ANTIOQUIA; TARAZÁ; ANTIOQUIA; 7,535320; -75,362010 ; 6654; en todos los riesgos, el riesgo de contaminacioon se refiere a la contanminacion a la carga con sustancias prohibidad u otros elementos ilicitos?"
CUNDINAMARCA,TOCANCIPÁ,EL DIVINO NIÑO,"4,956830","-73,918250",11683,"¿Cómo se califica EL DIVINO NIÑO; TOCANCIPÁ; CUNDINAMARCA; 4,956830; -73,918250 ; 11683; en todos los riesgos, el riesgo de contaminacioon se refiere a la contanminacion a la carga con sustancias prohibidad u otros elementos ilicitos?"
CUNDINAMARCA,ZIPAQUIRÁ,SAN MIGUEL,"5,021870","-73,949660",11860,"¿Cómo se califica SAN MIGUEL; ZIPAQUIRÁ; CUNDINAMARCA; 5,021870; -73,949660 ; 11860; en todos los riesgos, el riesgo de contaminacioon se refiere a la contanminacion a la carga con sustancias prohibidad u otros elementos ilicitos?"
ANTIOQUIA,YARUMAL,LLANOS DE CUIVA,"6,814210","-75,486970",3155,"¿Cómo se califica LLANOS DE CUIVA; YARUMAL; ANTIOQUIA; 6,814210; -75,486970 ; 3155; en todos los riesgos, el riesgo de contaminacioon se refiere a la contanminacion a la carga con sustancias prohibidad u otros elementos ilicitos?"
CUNDINAMARCA,TOCAIMA,LA COLORADA,"4,451940","-74,649680",7537,"¿Cómo se califica LA COLORADA; TOCAIMA; CUNDINAMARCA; 4,451940; -74,649680 ; 7537; en todos los riesgos, el riesgo de contaminacioon se refiere a la contanminacion a la carga con sustancias prohibidad u otros elementos ilicitos?"
CUNDINAMARCA,ZIPAQUIRÁ,BARANDILLAS,"5,025310","-73,973490",11921,"¿Cómo se califica BARANDILLAS; ZIPAQUIRÁ; CUNDINAMARCA; 5,025310; -73,973490 ; 11921; en todos los riesgos, el riesgo de contaminacioon se refiere a la contanminacion a la carga con sustancias prohibidad u otros elementos ilicitos?"
CUNDINAMARCA,EL ROSAL,SAN ANTONIO,"4,830090","-74,244400",8586,"¿Cómo se califica SAN ANTONIO; EL ROSAL; CUNDINAMARCA; 4,830090; -74,244400 ; 8586; en todos los riesgos, el riesgo de contaminacioon se refiere a la contanminacion a la carga con sustancias prohibidad u otros elementos ilicitos?"
ANTIOQUIA,YARUMAL,LLANOS DE CUIVA,"6,814210","-75,486970",3287,"¿Cómo se califica LLANOS DE CUIVA; YARUMAL; ANTIOQUIA; 6,814210; -75,486970 ; 3287; en todos los riesgos, el riesgo de contaminacioon se refiere a la contanminacion a la carga con sustancias prohibidad u otros elementos ilicitos?"
CUNDINAMARCA,VILLETA,VILLETA,"5,053110","-74,452740",7172,"¿Cómo se califica VILLETA; VILLETA; CUNDINAMARCA; 5,053110; -74,452740 ; 7172; en todos los riesgos, el riesgo de contaminacioon se refiere a la contanminacion a la carga con sustancias prohibidad u otros elementos ilicitos?"
CUNDINAMARCA,TOCANCIPÁ,CETINA,"4,978070","-73,904710",11747,"¿Cómo se califica CETINA; TOCANCIPÁ; CUNDINAMARCA; 4,978070; -73,904710 ; 11747; en todos los riesgos, el riesgo de contaminacioon se refiere a la contanminacion a la carga con sustancias prohibidad u otros elementos ilicitos?"
CUNDINAMARCA,TOCANCIPÁ,PELPAK,"4,947830","-73,949530",11644,"¿Cómo se califica PELPAK; TOCANCIPÁ; CUNDINAMARCA; 4,947830; -73,949530 ; 11644; en todos los riesgos, el riesgo de contaminacioon se refiere a la contanminacion a la carga con sustancias prohibidad u otros elementos ilicitos?"
ANTIOQUIA,SABANETA,MARÍA AUXILIADORA,"6,163580","-75,604130",203,"¿Cómo se califica MARÍA AUXILIADORA; SABANETA; ANTIOQUIA; 6,163580; -75,604130 ; 203; en todos los riesgos, el riesgo de contaminacioon se refiere a la contanminacion a la carga con sustancias prohibidad u otros elementos ilicitos?"
CUNDINAMARCA,TOCANCIPÁ,TOCANCIPÁ,"4,965720","-73,906310",11702,"¿Cómo se califica TOCANCIPÁ; TOCANCIPÁ; CUNDINAMARCA; 4,965720; -73,906310 ; 11702; en todos los riesgos, el riesgo de contaminacioon se refiere a la contanminacion a la carga con sustancias prohibidad u otros elementos ilicitos?"
VALLE DEL CAUCA,ZARZAL,ESTACIÓN CAICEDONIA,"4,434900","-75,859530",2196,"¿Cómo se califica ESTACIÓN CAICEDONIA; ZARZAL; VALLE DEL CAUCA; 4,434900; -75,859530 ; 2196; en todos los riesgos, el riesgo de contaminacioon se refiere a la contanminacion a la carga con sustancias prohibidad u otros elementos ilicitos?"
CUNDINAMARCA,VILLA DE SAN DIEGO DE UBATÉ,CENTRO DEL LLANO,"5,323990","-73,803670",13084,"¿Cómo se califica CENTRO DEL LLANO; VILLA DE SAN DIEGO DE UBATÉ; CUNDINAMARCA; 5,323990; -73,803670 ; 13084; en todos los riesgos, el riesgo de contaminacioon se refiere a la contanminacion a la carga con sustancias prohibidad u otros elementos ilicitos?"
VALLE DEL CAUCA,TULUÁ,LA RIVERA,"4,082790","-76,173290",1161,"¿Cómo se califica LA RIVERA; TULUÁ; VALLE DEL CAUCA; 4,082790; -76,173290 ; 1161; en todos los riesgos, el riesgo de contaminacioon se refiere a la contanminacion a la carga con sustancias prohibidad u otros elementos ilicitos?"
CUNDINAMARCA,VILLA DE SAN DIEGO DE UBATÉ,TAUSAVITA BAJO,"5,294680","-73,812640",12985,"¿Cómo se califica TAUSAVITA BAJO; VILLA DE SAN DIEGO DE UBATÉ; CUNDINAMARCA; 5,294680; -73,812640 ; 12985; en todos los riesgos, el riesgo de contaminacioon se refiere a la contanminacion a la carga con sustancias prohibidad u otros elementos ilicitos?"
CUNDINAMARCA,ZIPAQUIRÁ,LA GRANJA,"5,053770","-73,957700",11964,"¿Cómo se califica LA GRANJA; ZIPAQUIRÁ; CUNDINAMARCA; 5,053770; -73,957700 ; 11964; en todos los riesgos, el riesgo de contaminacioon se refiere a la contanminacion a la carga con sustancias prohibidad u otros elementos ilicitos?"
ANTIOQUIA,ANGOSTURA,LLANOS DE CUIBA,"6,726550","-75,486180",2990,"¿Cómo se califica LLANOS DE CUIBA; ANGOSTURA; ANTIOQUIA; 6,726550; -75,486180 ; 2990; en todos los riesgos, el riesgo de contaminacioon se refiere a la contanminacion a la carga con sustancias prohibidad u otros elementos ilicitos?"
ANTIOQUIA,BARBOSA,HATILLO,"6,415950","-75,398520",1337,"¿Cómo se califica HATILLO; BARBOSA; ANTIOQUIA; 6,415950; -75,398520 ; 1337; en todos los riesgos, el riesgo de contaminacioon se refiere a la contanminacion a la carga con sustancias prohibidad u otros elementos ilicitos?"
QUINDÍO,ARMENIA,CONDOMINIO PONTEVEDRA,"4,464250","-75,742020",2461,"¿Cómo se califica CONDOMINIO PONTEVEDRA; ARMENIA; QUINDÍO; 4,464250; -75,742020 ; 2461; en todos los riesgos, el riesgo de contaminacioon se refiere a la contanminacion a la carga con sustancias prohibidad u otros elementos ilicitos?"
CUNDINAMARCA,APULO,APULO,"4,487790","-74,608420",7725,"¿Cómo se califica APULO; APULO; CUNDINAMARCA; 4,487790; -74,608420 ; 7725; en todos los riesgos, el riesgo de contaminacioon se refiere a la contanminacion a la carga con sustancias prohibidad u otros elementos ilicitos?"
CUNDINAMARCA,ALBÁN,LA MARÍA,"4,896110","-74,435040",1493,"¿Cómo se califica LA MARÍA; ALBÁN; CUNDINAMARCA; 4,896110; -74,435040 ; 1493; en todos los riesgos, el riesgo de contaminacioon se refiere a la contanminacion a la carga con sustancias prohibidad u otros elementos ilicitos?"
"BOGOTÁ, D.C.","BOGOTÁ, D.C.","BOGOTÁ, DISTRITO CAPITAL","4,660250","-74,107900",10000,"¿Cómo se califica BOGOTÁ, DISTRITO CAPITAL; BOGOTÁ, D.C.; BOGOTÁ, D.C.; 4,660250; -74,107900 ; 10000; en todos los riesgos, el riesgo de contaminacioon se refiere a la contanminacion a la carga con sustancias prohibidad u otros elementos ilicitos?"
CUNDINAMARCA,ANAPOIMA,ANAPOIMA,"4,535010","-74,556460",8071,"¿Cómo se califica ANAPOIMA; ANAPOIMA; CUNDINAMARCA; 4,535010; -74,556460 ; 8071; en todos los riesgos, el riesgo de contaminacioon se refiere a la contanminacion a la carga con sustancias prohibidad u otros elementos ilicitos?"
CUNDINAMARCA,ALBÁN,ALBÁN,"4,857820","-74,432080",1150,"¿Cómo se califica ALBÁN; ALBÁN; CUNDINAMARCA; 4,857820; -74,432080 ; 1150; en todos los riesgos, el riesgo de contaminacioon se refiere a la contanminacion a la carga con sustancias prohibidad u otros elementos ilicitos?"
ANTIOQUIA,ANGOSTURA,LLANOS DE CUIBA,"6,726550","-75,486180",3122,"¿Cómo se califica LLANOS DE CUIBA; ANGOSTURA; ANTIOQUIA; 6,726550; -75,486180 ; 3122; en todos los riesgos, el riesgo de contaminacioon se refiere a la contanminacion a la carga con sustancias prohibidad u otros elementos ilicitos?"
ANTIOQUIA,BELLO,EL ALBERGUE,"6,298170","-75,566360",576,"¿Cómo se califica EL ALBERGUE; BELLO; ANTIOQUIA; 6,298170; -75,566360 ; 576; en todos los riesgos, el riesgo de contaminacioon se refiere a la contanminacion a la carga con sustancias prohibidad u otros elementos ilicitos?"
VALLE DEL CAUCA,ANDALUCÍA,LA PAZ,"4,171540","-76,173980",1395,"¿Cómo se califica LA PAZ; ANDALUCÍA; VALLE DEL CAUCA; 4,171540; -76,173980 ; 1395; en todos los riesgos, el riesgo de contaminacioon se refiere a la contanminacion a la carga con sustancias prohibidad u otros elementos ilicitos?"
ANTIOQUIA,BARBOSA,ISAZA,"6,423660","-75,379150",1353,"¿Cómo se califica ISAZA; BARBOSA; ANTIOQUIA; 6,423660; -75,379150 ; 1353; en todos los riesgos, el riesgo de contaminacioon se refiere a la contanminacion a la carga con sustancias prohibidad u otros elementos ilicitos?"
QUINDÍO,ARMENIA,NUEVO HORIZONTE - SAPERA,"4,478690","-75,707190",2564,"¿Cómo se califica NUEVO HORIZONTE - SAPERA; ARMENIA; QUINDÍO; 4,478690; -75,707190 ; 2564; en todos los riesgos, el riesgo de contaminacioon se refiere a la contanminacion a la carga con sustancias prohibidad u otros elementos ilicitos?"
ANTIOQUIA,CÁCERES,PUERTO BÉLGICA,"7,624200","-75,319370",6926,"¿Cómo se califica PUERTO BÉLGICA; CÁCERES; ANTIOQUIA; 7,624200; -75,319370 ; 6926; en todos los riesgos, el riesgo de contaminacioon se refiere a la contanminacion a la carga con sustancias prohibidad u otros elementos ilicitos?"
ANTIOQUIA,CÁCERES,PUERTO BÉLGICA,"7,624200","-75,319370",7056,"¿Cómo se califica PUERTO BÉLGICA; CÁCERES; ANTIOQUIA; 7,624200; -75,319370 ; 7056; en todos los riesgos, el riesgo de contaminacioon se refiere a la contanminacion a la carga con sustancias prohibidad u otros elementos ilicitos?"
ANTIOQUIA,BARBOSA,ISAZA,"6,423660","-75,379150",1485,"¿Cómo se califica ISAZA; BARBOSA; ANTIOQUIA; 6,423660; -75,379150 ; 1485; en todos los riesgos, el riesgo de contaminacioon se refiere a la contanminacion a la carga con sustancias prohibidad u otros elementos ilicitos?"
ATLÁNTICO,BARRANQUILLA,"BARRANQUILLA, DISTRITO ESPECIAL, INDUSTRIAL Y PORTUARIO","10,950890","-74,785800",16130,"¿Cómo se califica BARRANQUILLA, DISTRITO ESPECIAL, INDUSTRIAL Y PORTUARIO; BARRANQUILLA; ATLÁNTICO; 10,950890; -74,785800 ; 16130; en todos los riesgos, el riesgo de contaminacioon se refiere a la contanminacion a la carga con sustancias prohibidad u otros elementos ilicitos?"
VALLE DEL CAUCA,ANDALUCÍA,ANDALUCÍA,"4,163000","-76,175590",1369,"¿Cómo se califica ANDALUCÍA; ANDALUCÍA; VALLE DEL CAUCA; 4,163000; -76,175590 ; 1369; en todos los riesgos, el riesgo de contaminacioon se refiere a la contanminacion a la carga con sustancias prohibidad u otros elementos ilicitos?"
QUINDÍO,ARMENIA,CONDOMINIO SENIORS CLUB,"4,470740","-75,754910",2444,"¿Cómo se califica CONDOMINIO SENIORS CLUB; ARMENIA; QUINDÍO; 4,470740; -75,754910 ; 2444; en todos los riesgos, el riesgo de contaminacioon se refiere a la contanminacion a la carga con sustancias prohibidad u otros elementos ilicitos?"
CUNDINAMARCA,BOJACÁ,SANTA BÁRBARA,"4,667080","-74,344140",9354,"¿Cómo se califica SANTA BÁRBARA; BOJACÁ; CUNDINAMARCA; 4,667080; -74,344140 ; 9354; en todos los riesgos, el riesgo de contaminacioon se refiere a la contanminacion a la carga con sustancias prohibidad u otros elementos ilicitos?"
"BOGOTÁ, D.C.","BOGOTÁ, D.C.","BOGOTÁ, DISTRITO CAPITAL","4,649260","-74,107020",1,"¿Cómo se califica BOGOTÁ, DISTRITO CAPITAL; BOGOTÁ, D.C.; BOGOTÁ, D.C.; 4,649260; -74,107020 ; 1; en todos los riesgos, el riesgo de contaminacioon se refiere a la contanminacion a la carga con sustancias prohibidad u otros elementos ilicitos?"
QUINDÍO,ARMENIA,EL CAIMO,"4,471020","-75,721480",2514,"¿Cómo se califica EL CAIMO; ARMENIA; QUINDÍO; 4,471020; -75,721480 ; 2514; en todos los riesgos, el riesgo de contaminacioon se refiere a la contanminacion a la carga con sustancias prohibidad u otros elementos ilicitos?"
ANTIOQUIA,CÁCERES,LAS PAMPAS,"7,692010","-75,281090",7096,"¿Cómo se califica LAS PAMPAS; CÁCERES; ANTIOQUIA; 7,692010; -75,281090 ; 7096; en todos los riesgos, el riesgo de contaminacioon se refiere a la contanminacion a la carga con sustancias prohibidad u otros elementos ilicitos?"
ATLÁNTICO,BARRANQUILLA,"BARRANQUILLA, DISTRITO ESPECIAL, INDUSTRIAL Y PORTUARIO","10,950890","-74,785800",14045,"¿Cómo se califica BARRANQUILLA, DISTRITO ESPECIAL, INDUSTRIAL Y PORTUARIO; BARRANQUILLA; ATLÁNTICO; 10,950890; -74,785800 ; 14045; en todos los riesgos, el riesgo de contaminacioon se refiere a la contanminacion a la carga con sustancias prohibidad u otros elementos ilicitos?"
ANTIOQUIA,BARBOSA,HATILLO,"6,415950","-75,398520",1205,"¿Cómo se califica HATILLO; BARBOSA; ANTIOQUIA; 6,415950; -75,398520 ; 1205; en todos los riesgos, el riesgo de contaminacioon se refiere a la contanminacion a la carga con sustancias prohibidad u otros elementos ilicitos?"
ANTIOQUIA,BARBOSA,BARBOSA,"6,447070","-75,357280",1689,"¿Cómo se califica BARBOSA; BARBOSA; ANTIOQUIA; 6,447070; -75,357280 ; 1689; en todos los riesgos, el riesgo de contaminacioon se refiere a la contanminacion a la carga con sustancias prohibidad u otros elementos ilicitos?"
VALLE DEL CAUCA,BUGALAGRANDE,BUGALAGRANDE,"4,192100","-76,164920",1413,"¿Cómo se califica BUGALAGRANDE; BUGALAGRANDE; VALLE DEL CAUCA; 4,192100; -76,164920 ; 1413; en todos los riesgos, el riesgo de contaminacioon se refiere a la contanminacion a la carga con sustancias prohibidad u otros elementos ilicitos?"
CUNDINAMARCA,ALBÁN,PANTANILLO,"4,892180","-74,446160",1383,"¿Cómo se califica PANTANILLO; ALBÁN; CUNDINAMARCA; 4,892180; -74,446160 ; 1383; en todos los riesgos, el riesgo de contaminacioon se refiere a la contanminacion a la carga con sustancias prohibidad u otros elementos ilicitos?"
ANTIOQUIA,BELLO,BELLO,"6,315060","-75,553460",594,"¿Cómo se califica BELLO; BELLO; ANTIOQUIA; 6,315060; -75,553460 ; 594; en todos los riesgos, el riesgo de contaminacioon se refiere a la contanminacion a la carga con sustancias prohibidad u otros elementos ilicitos?"
CÓRDOBA,BUENAVISTA,VILLA FÁTIMA,"8,087950","-75,379150",7866,"¿Cómo se califica VILLA FÁTIMA; BUENAVISTA; CÓRDOBA; 8,087950; -75,379150 ; 7866; en todos los riesgos, el riesgo de contaminacioon se refiere a la contanminacion a la carga con sustancias prohibidad u otros elementos ilicitos?"
BOLÍVAR,CALAMAR,BARRANCA NUEVA,"10,187250","-74,982620",14746,"¿Cómo se califica BARRANCA NUEVA; CALAMAR; BOLÍVAR; 10,187250; -74,982620 ; 14746; en todos los riesgos, el riesgo de contaminacioon se refiere a la contanminacion a la carga con sustancias prohibidad u otros elementos ilicitos?"
TOLIMA,CAJAMARCA,CAJAMARCA,"4,446840","-75,520850",3976,"¿Cómo se califica CAJAMARCA; CAJAMARCA; TOLIMA; 4,446840; -75,520850 ; 3976; en todos los riesgos, el riesgo de contaminacioon se refiere a la contanminacion a la carga con sustancias prohibidad u otros elementos ilicitos?"
QUINDÍO,ARMENIA,CONDOMINIO EL EDEN,"4,452780","-75,769500",2360,"¿Cómo se califica CONDOMINIO EL EDEN; ARMENIA; QUINDÍO; 4,452780; -75,769500 ; 2360; en todos los riesgos, el riesgo de contaminacioon se refiere a la contanminacion a la carga con sustancias prohibidad u otros elementos ilicitos?"
CÓRDOBA,BUENAVISTA,BUENAVISTA,"8,211950","-75,474890",10000,"¿Cómo se califica BUENAVISTA; BUENAVISTA; CÓRDOBA; 8,211950; -75,474890 ; 10000; en todos los riesgos, el riesgo de contaminacioon se refiere a la contanminacion a la carga con sustancias prohibidad u otros elementos ilicitos?"
ANTIOQUIA,CÁCERES,CÁCERES,"7,596110","-75,374700",6858,"¿Cómo se califica CÁCERES; CÁCERES; ANTIOQUIA; 7,596110; -75,374700 ; 6858; en todos los riesgos, el riesgo de contaminacioon se refiere a la contanminacion a la carga con sustancias prohibidad u otros elementos ilicitos?"
CÓRDOBA,BUENAVISTA,NUEVA ESTACIÓN,"8,228680","-75,487360",10029,"¿Cómo se califica NUEVA ESTACIÓN; BUENAVISTA; CÓRDOBA; 8,228680; -75,487360 ; 10029; en todos los riesgos, el riesgo de contaminacioon se refiere a la contanminacion a la carga con sustancias prohibidad u otros elementos ilicitos?"
BOLÍVAR,CALAMAR,CALAMAR,"10,225290","-74,927550",12732,"¿Cómo se califica CALAMAR; CALAMAR; BOLÍVAR; 10,225290; -74,927550 ; 12732; en todos los riesgos, el riesgo de contaminacioon se refiere a la contanminacion a la carga con sustancias prohibidad u otros elementos ilicitos?"
ANTIOQUIA,CÁCERES,RÍO MAN,"7,900590","-75,203750",7530,"¿Cómo se califica RÍO MAN; CÁCERES; ANTIOQUIA; 7,900590; -75,203750 ; 7530; en todos los riesgos, el riesgo de contaminacioon se refiere a la contanminacion a la carga con sustancias prohibidad u otros elementos ilicitos?"
QUINDÍO,CALARCÁ,LA BELLA,"4,496280","-75,683310",2819,"¿Cómo se califica LA BELLA; CALARCÁ; QUINDÍO; 4,496280; -75,683310 ; 2819; en todos los riesgos, el riesgo de contaminacioon se refiere a la contanminacion a la carga con sustancias prohibidad u otros elementos ilicitos?"
QUINDÍO,CALARCÁ,CALARCÁ,"4,505980","-75,655920",2885,"¿Cómo se califica CALARCÁ; CALARCÁ; QUINDÍO; 4,505980; -75,655920 ; 2885; en todos los riesgos, el riesgo de contaminacioon se refiere a la contanminacion a la carga con sustancias prohibidad u otros elementos ilicitos?"
ANTIOQUIA,BELLO,BELLO,"6,315060","-75,553460",726,"¿Cómo se califica BELLO; BELLO; ANTIOQUIA; 6,315060; -75,553460 ; 726; en todos los riesgos, el riesgo de contaminacioon se refiere a la contanminacion a la carga con sustancias prohibidad u otros elementos ilicitos?"
CÓRDOBA,BUENAVISTA,BUENAVISTA,"8,202650","-75,467950",8075,"¿Cómo se califica BUENAVISTA; BUENAVISTA; CÓRDOBA; 8,202650; -75,467950 ; 8075; en todos los riesgos, el riesgo de contaminacioon se refiere a la contanminacion a la carga con sustancias prohibidad u otros elementos ilicitos?"
ANTIOQUIA,BARBOSA,LA PRIMAVERA,"6,413110","-75,408810",1188,"¿Cómo se califica LA PRIMAVERA; BARBOSA; ANTIOQUIA; 6,413110; -75,408810 ; 1188; en todos los riesgos, el riesgo de contaminacioon se refiere a la contanminacion a la carga con sustancias prohibidad u otros elementos ilicitos?"
CÓRDOBA,BUENAVISTA,NUEVA ESTACIÓN,"8,228680","-75,487360",8115,"¿Cómo se califica NUEVA ESTACIÓN; BUENAVISTA; CÓRDOBA; 8,228680; -75,487360 ; 8115; en todos los riesgos, el riesgo de contaminacioon se refiere a la contanminacion a la carga con sustancias prohibidad u otros elementos ilicitos?"
BOLÍVAR,CALAMAR,EL PROGRESO,"10,110110","-75,054230",12526,"¿Cómo se califica EL PROGRESO; CALAMAR; BOLÍVAR; 10,110110; -75,054230 ; 12526; en todos los riesgos, el riesgo de contaminacioon se refiere a la contanminacion a la carga con sustancias prohibidad u otros elementos ilicitos?"
ANTIOQUIA,CAUCASIA,PUERTO TRIANA,"7,601100","-74,896360",9081,"¿Cómo se califica PUERTO TRIANA; CAUCASIA; ANTIOQUIA; 7,601100; -74,896360 ; 9081; en todos los riesgos, el riesgo de contaminacioon se refiere a la contanminacion a la carga con sustancias prohibidad u otros elementos ilicitos?"
QUINDÍO,CALARCÁ,LA VIRGINIA,"4,474150","-75,548460",3975,"¿Cómo se califica LA VIRGINIA; CALARCÁ; QUINDÍO; 4,474150; -75,548460 ; 3975; en todos los riesgos, el riesgo de contaminacioon se refiere a la contanminacion a la carga con sustancias prohibidad u otros elementos ilicitos?"
ANTIOQUIA,CÁCERES,EL JARDÍN (TAMANÁ),"7,739850","-75,271230",7338,"¿Cómo se califica EL JARDÍN (TAMANÁ); CÁCERES; ANTIOQUIA; 7,739850; -75,271230 ; 7338; en todos los riesgos, el riesgo de contaminacioon se refiere a la contanminacion a la carga con sustancias prohibidad u otros elementos ilicitos?"
ANTIOQUIA,BELLO,EL ALBERGUE,"6,298170","-75,566360",444,"¿Cómo se califica EL ALBERGUE; BELLO; ANTIOQUIA; 6,298170; -75,566360 ; 444; en todos los riesgos, el riesgo de contaminacioon se refiere a la contanminacion a la carga con sustancias prohibidad u otros elementos ilicitos?"
CÓRDOBA,BUENAVISTA,VERACRUZ,"8,152320","-75,425670",9942,"¿Cómo se califica VERACRUZ; BUENAVISTA; CÓRDOBA; 8,152320; -75,425670 ; 9942; en todos los riesgos, el riesgo de contaminacioon se refiere a la contanminacion a la carga con sustancias prohibidad u otros elementos ilicitos?"
ANTIOQUIA,BRICEÑO,BRICEÑO,"7,086300","-75,470110",4685,"¿Cómo se califica BRICEÑO; BRICEÑO; ANTIOQUIA; 7,086300; -75,470110 ; 4685; en todos los riesgos, el riesgo de contaminacioon se refiere a la contanminacion a la carga con sustancias prohibidad u otros elementos ilicitos?"
CÓRDOBA,BUENAVISTA,VILLA FÁTIMA,"8,087950","-75,379150",9910,"¿Cómo se califica VILLA FÁTIMA; BUENAVISTA; CÓRDOBA; 8,087950; -75,379150 ; 9910; en todos los riesgos, el riesgo de contaminacioon se refiere a la contanminacion a la carga con sustancias prohibidad u otros elementos ilicitos?"
CUNDINAMARCA,CAPARRAPÍ,SAN RAMÓN ALTO,"5,327720","-74,565320",4534,"¿Cómo se califica SAN RAMÓN ALTO; CAPARRAPÍ; CUNDINAMARCA; 5,327720; -74,565320 ; 4534; en todos los riesgos, el riesgo de contaminacioon se refiere a la contanminacion a la carga con sustancias prohibidad u otros elementos ilicitos?"
QUINDÍO,CALARCÁ,CONDOMINIO LA MICAELA,"4,486090","-75,696400",2736,"¿Cómo se califica CONDOMINIO LA MICAELA; CALARCÁ; QUINDÍO; 4,486090; -75,696400 ; 2736; en todos los riesgos, el riesgo de contaminacioon se refiere a la contanminacion a la carga con sustancias prohibidad u otros elementos ilicitos?"
ATLÁNTICO,CAMPO DE LA CRUZ,CAMPO DE LA CRUZ,"10,358670","-74,870310",15043,"¿Cómo se califica CAMPO DE LA CRUZ; CAMPO DE LA CRUZ; ATLÁNTICO; 10,358670; -74,870310 ; 15043; en todos los riesgos, el riesgo de contaminacioon se refiere a la contanminacion a la carga con sustancias prohibidad u otros elementos ilicitos?"
ATLÁNTICO,CAMPO DE LA CRUZ,BOHÓRQUEZ,"10,430870","-74,838300",13096,"¿Cómo se califica BOHÓRQUEZ; CAMPO DE LA CRUZ; ATLÁNTICO; 10,430870; -74,838300 ; 13096; en todos los riesgos, el riesgo de contaminacioon se refiere a la contanminacion a la carga con sustancias prohibidad u otros elementos ilicitos?"
"BOGOTÁ, D.C.","BOGOTÁ, D.C.",CHORRILLOS,"4,737540","-74,134920",10379,"¿Cómo se califica CHORRILLOS; BOGOTÁ, D.C.; BOGOTÁ, D.C.; 4,737540; -74,134920 ; 10379; en todos los riesgos, el riesgo de contaminacioon se refiere a la contanminacion a la carga con sustancias prohibidad u otros elementos ilicitos?"
ANTIOQUIA,CÁCERES,LAS PAMPAS,"7,692010","-75,281090",7226,"¿Cómo se califica LAS PAMPAS; CÁCERES; ANTIOQUIA; 7,692010; -75,281090 ; 7226; en todos los riesgos, el riesgo de contaminacioon se refiere a la contanminacion a la carga con sustancias prohibidad u otros elementos ilicitos?"
VALLE DEL CAUCA,BUGALAGRANDE,URÍBE URÍBE,"4,249620","-76,119460",1599,"¿Cómo se califica URÍBE URÍBE; BUGALAGRANDE; VALLE DEL CAUCA; 4,249620; -76,119460 ; 1599; en todos los riesgos, el riesgo de contaminacioon se refiere a la contanminacion a la carga con sustancias prohibidad u otros elementos ilicitos?"
ANTIOQUIA,CÁCERES,CÁCERES,"7,596110","-75,374700",6728,"¿Cómo se califica CÁCERES; CÁCERES; ANTIOQUIA; 7,596110; -75,374700 ; 6728; en todos los riesgos, el riesgo de contaminacioon se refiere a la contanminacion a la carga con sustancias prohibidad u otros elementos ilicitos?"
ANTIOQUIA,CAUCASIA,CACERÍ,"7,751430","-74,898810",9271,"¿Cómo se califica CACERÍ; CAUCASIA; ANTIOQUIA; 7,751430; -74,898810 ; 9271; en todos los riesgos, el riesgo de contaminacioon se refiere a la contanminacion a la carga con sustancias prohibidad u otros elementos ilicitos?"
CUNDINAMARCA,CHÍA,PUENTE CACIQUE,"4,849610","-74,074820",11203,"¿Cómo se califica PUENTE CACIQUE; CHÍA; CUNDINAMARCA; 4,849610; -74,074820 ; 11203; en todos los riesgos, el riesgo de contaminacioon se refiere a la contanminacion a la carga con sustancias prohibidad u otros elementos ilicitos?"
ANTIOQUIA,COCORNÁ,COCORNÁ,"6,098520","-75,224280",1791,"¿Cómo se califica COCORNÁ; COCORNÁ; ANTIOQUIA; 6,098520; -75,224280 ; 1791; en todos los riesgos, el riesgo de contaminacioon se refiere a la contanminacion a la carga con sustancias prohibidad u otros elementos ilicitos?"
CUNDINAMARCA,CAPARRAPÍ,CAMBRAS,"5,384270","-74,603800",4666,"¿Cómo se califica CAMBRAS; CAPARRAPÍ; CUNDINAMARCA; 5,384270; -74,603800 ; 4666; en todos los riesgos, el riesgo de contaminacioon se refiere a la contanminacion a la carga con sustancias prohibidad u otros elementos ilicitos?"
VALLE DEL CAUCA,ANDALUCÍA,TAMBORAL,"4,139410","-76,180330",1324,"¿Cómo se califica TAMBORAL; ANDALUCÍA; VALLE DEL CAUCA; 4,139410; -76,180330 ; 1324; en todos los riesgos, el riesgo de contaminacioon se refiere a la contanminacion a la carga con sustancias prohibidad u otros elementos ilicitos?"
ANTIOQUIA,CÁCERES,PIAMONTE,"7,770570","-75,230350",7434,"¿Cómo se califica PIAMONTE; CÁCERES; ANTIOQUIA; 7,770570; -75,230350 ; 7434; en todos los riesgos, el riesgo de contaminacioon se refiere a la contanminacion a la carga con sustancias prohibidad u otros elementos ilicitos?"
ANTIOQUIA,CÁCERES,GUARUMO,"7,828730","-75,205760",7433,"¿Cómo se califica GUARUMO; CÁCERES; ANTIOQUIA; 7,828730; -75,205760 ; 7433; en todos los riesgos, el riesgo de contaminacioon se refiere a la contanminacion a la carga con sustancias prohibidad u otros elementos ilicitos?"
BOLÍVAR,CALAMAR,EL PROGRESO,"10,110110","-75,054230",14612,"¿Cómo se califica EL PROGRESO; CALAMAR; BOLÍVAR; 10,110110; -75,054230 ; 14612; en todos los riesgos, el riesgo de contaminacioon se refiere a la contanminacion a la carga con sustancias prohibidad u otros elementos ilicitos?"
CUNDINAMARCA,CAPARRAPÍ,CAMBRAS,"5,444600","-74,598090",4980,"¿Cómo se califica CAMBRAS; CAPARRAPÍ; CUNDINAMARCA; 5,444600; -74,598090 ; 4980; en todos los riesgos, el riesgo de contaminacioon se refiere a la contanminacion a la carga con sustancias prohibidad u otros elementos ilicitos?"
SANTANDER,CIMITARRA,SAN PEDRO DE LA PAZ,"6,292320","-74,458620",5662,"¿Cómo se califica SAN PEDRO DE LA PAZ; CIMITARRA; SANTANDER; 6,292320; -74,458620 ; 5662; en todos los riesgos, el riesgo de contaminacioon se refiere a la contanminacion a la carga con sustancias prohibidad u otros elementos ilicitos?"
CÓRDOBA,BUENAVISTA,BUENAVISTA,"8,202650","-75,467950",7945,"¿Cómo se califica BUENAVISTA; BUENAVISTA; CÓRDOBA; 8,202650; -75,467950 ; 7945; en todos los riesgos, el riesgo de contaminacioon se refiere a la contanminacion a la carga con sustancias prohibidad u otros elementos ilicitos?"
ANTIOQUIA,CAUCASIA,EL PANDO,"7,851180","-75,006020",9518,"¿Cómo se califica EL PANDO; CAUCASIA; ANTIOQUIA; 7,851180; -75,006020 ; 9518; en todos los riesgos, el riesgo de contaminacioon se refiere a la contanminacion a la carga con sustancias prohibidad u otros elementos ilicitos?"
CÓRDOBA,BUENAVISTA,VERACRUZ,"8,152320","-75,425670",7898,"¿Cómo se califica VERACRUZ; BUENAVISTA; CÓRDOBA; 8,152320; -75,425670 ; 7898; en todos los riesgos, el riesgo de contaminacioon se refiere a la contanminacion a la carga con sustancias prohibidad u otros elementos ilicitos?"
QUINDÍO,CALARCÁ,LA PRADERA,"4,528660","-75,635280",3044,"¿Cómo se califica LA PRADERA; CALARCÁ; QUINDÍO; 4,528660; -75,635280 ; 3044; en todos los riesgos, el riesgo de contaminacioon se refiere a la contanminacion a la carga con sustancias prohibidad u otros elementos ilicitos?"
VALLE DEL CAUCA,BUGALAGRANDE,EL OVERO (SECTOR LA MARÍA),"4,237650","-76,129210",1570,"¿Cómo se califica EL OVERO (SECTOR LA MARÍA); BUGALAGRANDE; VALLE DEL CAUCA; 4,237650; -76,129210 ; 1570; en todos los riesgos, el riesgo de contaminacioon se refiere a la contanminacion a la carga con sustancias prohibidad u otros elementos ilicitos?"
ANTIOQUIA,CÁCERES,GUARUMO,"7,828730","-75,205760",7563,"¿Cómo se califica GUARUMO; CÁCERES; ANTIOQUIA; 7,828730; -75,205760 ; 7563; en todos los riesgos, el riesgo de contaminacioon se refiere a la contanminacion a la carga con sustancias prohibidad u otros elementos ilicitos?"
ANTIOQUIA,CAUCASIA,CAUCASIA,"7,962520","-75,203910",7605,"¿Cómo se califica CAUCASIA; CAUCASIA; ANTIOQUIA; 7,962520; -75,203910 ; 7605; en todos los riesgos, el riesgo de contaminacioon se refiere a la contanminacion a la carga con sustancias prohibidad u otros elementos ilicitos?"
SANTANDER,CIMITARRA,ZAMBITO,"6,234250","-74,520210",5584,"¿Cómo se califica ZAMBITO; CIMITARRA; SANTANDER; 6,234250; -74,520210 ; 5584; en todos los riesgos, el riesgo de contaminacioon se refiere a la contanminacion a la carga con sustancias prohibidad u otros elementos ilicitos?"
CUNDINAMARCA,CAPARRAPÍ,CAMBULO,"5,231290","-74,574440",4405,"¿Cómo se califica CAMBULO; CAPARRAPÍ; CUNDINAMARCA; 5,231290; -74,574440 ; 4405; en todos los riesgos, el riesgo de contaminacioon se refiere a la contanminacion a la carga con sustancias prohibidad u otros elementos ilicitos?"
CÓRDOBA,CHINÚ,CHINÚ,"9,091720","-75,406790",12007,"¿Cómo se califica CHINÚ; CHINÚ; CÓRDOBA; 9,091720; -75,406790 ; 12007; en todos los riesgos, el riesgo de contaminacioon se refiere a la contanminacion a la carga con sustancias prohibidad u otros elementos ilicitos?"
ANTIOQUIA,CÁCERES,EL JARDÍN (TAMANÁ),"7,739850","-75,271230",7208,"¿Cómo se califica EL JARDÍN (TAMANÁ); CÁCERES; ANTIOQUIA; 7,739850; -75,271230 ; 7208; en todos los riesgos, el riesgo de contaminacioon se refiere a la contanminacion a la carga con sustancias prohibidad u otros elementos ilicitos?"
BOLÍVAR,CALAMAR,BARRANCA NUEVA,"10,187250","-74,982620",12660,"¿Cómo se califica BARRANCA NUEVA; CALAMAR; BOLÍVAR; 10,187250; -74,982620 ; 12660; en todos los riesgos, el riesgo de contaminacioon se refiere a la contanminacion a la carga con sustancias prohibidad u otros elementos ilicitos?"
TOLIMA,CAJAMARCA,ANAIME,"4,439380","-75,508360",4023,"¿Cómo se califica ANAIME; CAJAMARCA; TOLIMA; 4,439380; -75,508360 ; 4023; en todos los riesgos, el riesgo de contaminacioon se refiere a la contanminacion a la carga con sustancias prohibidad u otros elementos ilicitos?"
MAGDALENA,CERRO DE SAN ANTONIO,PUERTO NIÑO (CHARANGA),"10,265670","-74,911640",14906,"¿Cómo se califica PUERTO NIÑO (CHARANGA); CERRO DE SAN ANTONIO; MAGDALENA; 10,265670; -74,911640 ; 14906; en todos los riesgos, el riesgo de contaminacioon se refiere a la contanminacion a la carga con sustancias prohibidad u otros elementos ilicitos?"
CÓRDOBA,CERETÉ,CERETÉ,"8,870460","-75,796170",8950,"¿Cómo se califica CERETÉ; CERETÉ; CÓRDOBA; 8,870460; -75,796170 ; 8950; en todos los riesgos, el riesgo de contaminacioon se refiere a la contanminacion a la carga con sustancias prohibidad u otros elementos ilicitos?"
ANTIOQUIA,COPACABANA,COPACABANA,"6,347950","-75,508330",1000,"¿Cómo se califica COPACABANA; COPACABANA; ANTIOQUIA; 6,347950; -75,508330 ; 1000; en todos los riesgos, el riesgo de contaminacioon se refiere a la contanminacion a la carga con sustancias prohibidad u otros elementos ilicitos?"
ANTIOQUIA,CAUCASIA,CAUCASIA,"7,966480","-75,179470",9676,"¿Cómo se califica CAUCASIA; CAUCASIA; ANTIOQUIA; 7,966480; -75,179470 ; 9676; en todos los riesgos, el riesgo de contaminacioon se refiere a la contanminacion a la carga con sustancias prohibidad u otros elementos ilicitos?"
ANTIOQUIA,COCORNÁ,LA PIÑUELA,"6,027600","-75,171040",2352,"¿Cómo se califica LA PIÑUELA; COCORNÁ; ANTIOQUIA; 6,027600; -75,171040 ; 2352; en todos los riesgos, el riesgo de contaminacioon se refiere a la contanminacion a la carga con sustancias prohibidad u otros elementos ilicitos?"
ANTIOQUIA,CÁCERES,PIAMONTE,"7,770570","-75,230350",7304,"¿Cómo se califica PIAMONTE; CÁCERES; ANTIOQUIA; 7,770570; -75,230350 ; 7304; en todos los riesgos, el riesgo de contaminacioon se refiere a la contanminacion a la carga con sustancias prohibidad u otros elementos ilicitos?"
ATLÁNTICO,CAMPO DE LA CRUZ,BOHÓRQUEZ,"10,430870","-74,838300",15181,"¿Cómo se califica BOHÓRQUEZ; CAMPO DE LA CRUZ; ATLÁNTICO; 10,430870; -74,838300 ; 15181; en todos los riesgos, el riesgo de contaminacioon se refiere a la contanminacion a la carga con sustancias prohibidad u otros elementos ilicitos?"
CUNDINAMARCA,CAJICÁ,BOSQUE MADERO,"4,865910","-74,024120",11467,"¿Cómo se califica BOSQUE MADERO; CAJICÁ; CUNDINAMARCA; 4,865910; -74,024120 ; 11467; en todos los riesgos, el riesgo de contaminacioon se refiere a la contanminacion a la carga con sustancias prohibidad u otros elementos ilicitos?"
CÓRDOBA,CHINÚ,TIERRA GRATA,"9,045860","-75,450360",9810,"¿Cómo se califica TIERRA GRATA; CHINÚ; CÓRDOBA; 9,045860; -75,450360 ; 9810; en todos los riesgos, el riesgo de contaminacioon se refiere a la contanminacion a la carga con sustancias prohibidad u otros elementos ilicitos?"
CÓRDOBA,BUENAVISTA,VERACRUZ,"8,152320","-75,425670",8028,"¿Cómo se califica VERACRUZ; BUENAVISTA; CÓRDOBA; 8,152320; -75,425670 ; 8028; en todos los riesgos, el riesgo de contaminacioon se refiere a la contanminacion a la carga con sustancias prohibidad u otros elementos ilicitos?"
ANTIOQUIA,COPACABANA,EL LLANO,"6,334200","-75,535420",839,"¿Cómo se califica EL LLANO; COPACABANA; ANTIOQUIA; 6,334200; -75,535420 ; 839; en todos los riesgos, el riesgo de contaminacioon se refiere a la contanminacion a la carga con sustancias prohibidad u otros elementos ilicitos?"
ANTIOQUIA,CAUCASIA,CAUCASIA,"7,962520","-75,203910",7735,"¿Cómo se califica CAUCASIA; CAUCASIA; ANTIOQUIA; 7,962520; -75,203910 ; 7735; en todos los riesgos, el riesgo de contaminacioon se refiere a la contanminacion a la carga con sustancias prohibidad u otros elementos ilicitos?"
CÓRDOBA,BUENAVISTA,NUEVA ESTACIÓN,"8,228680","-75,487360",7985,"¿Cómo se califica NUEVA ESTACIÓN; BUENAVISTA; CÓRDOBA; 8,228680; -75,487360 ; 7985; en todos los riesgos, el riesgo de contaminacioon se refiere a la contanminacion a la carga con sustancias prohibidad u otros elementos ilicitos?"
ANTIOQUIA,CÁCERES,PUERTO SANTO,"7,794380","-75,207030",7387,"¿Cómo se califica PUERTO SANTO; CÁCERES; ANTIOQUIA; 7,794380; -75,207030 ; 7387; en todos los riesgos, el riesgo de contaminacioon se refiere a la contanminacion a la carga con sustancias prohibidad u otros elementos ilicitos?"
CUNDINAMARCA,CAPARRAPÍ,EL DINDAL,"5,264090","-74,565920",4451,"¿Cómo se califica EL DINDAL; CAPARRAPÍ; CUNDINAMARCA; 5,264090; -74,565920 ; 4451; en todos los riesgos, el riesgo de contaminacioon se refiere a la contanminacion a la carga con sustancias prohibidad u otros elementos ilicitos?"
BOLÍVAR,CALAMAR,CALAMAR,"10,225290","-74,927550",14818,"¿Cómo se califica CALAMAR; CALAMAR; BOLÍVAR; 10,225290; -74,927550 ; 14818; en todos los riesgos, el riesgo de contaminacioon se refiere a la contanminacion a la carga con sustancias prohibidad u otros elementos ilicitos?"
CUNDINAMARCA,GUADUAS,GUADUAS,"5,066670","-74,560640",3664,"¿Cómo se califica GUADUAS; GUADUAS; CUNDINAMARCA; 5,066670; -74,560640 ; 3664; en todos los riesgos, el riesgo de contaminacioon se refiere a la contanminacion a la carga con sustancias prohibidad u otros elementos ilicitos?"
CÓRDOBA,CHINÚ,BAJO DE PIEDRA,"9,068780","-75,416170",11954,"¿Cómo se califica BAJO DE PIEDRA; CHINÚ; CÓRDOBA; 9,068780; -75,416170 ; 11954; en todos los riesgos, el riesgo de contaminacioon se refiere a la contanminacion a la carga con sustancias prohibidad u otros elementos ilicitos?"
ANTIOQUIA,COPACABANA,EL SALADO,"6,358130","-75,499400",1063,"¿Cómo se califica EL SALADO; COPACABANA; ANTIOQUIA; 6,358130; -75,499400 ; 1063; en todos los riesgos, el riesgo de contaminacioon se refiere a la contanminacion a la carga con sustancias prohibidad u otros elementos ilicitos?"
ANTIOQUIA,CAUCASIA,CASERÍO CONJUNTO CAÑA FISTULA,"7,899330","-75,081010",9620,"¿Cómo se califica CASERÍO CONJUNTO CAÑA FISTULA; CAUCASIA; ANTIOQUIA; 7,899330; -75,081010 ; 9620; en todos los riesgos, el riesgo de contaminacioon se refiere a la contanminacion a la carga con sustancias prohibidad u otros elementos ilicitos?"
VALLE DEL CAUCA,BUGALAGRANDE,EL OVERO (SECTOR POBLADO),"4,225250","-76,142260",1545,"¿Cómo se califica EL OVERO (SECTOR POBLADO); BUGALAGRANDE; VALLE DEL CAUCA; 4,225250; -76,142260 ; 1545; en todos los riesgos, el riesgo de contaminacioon se refiere a la contanminacion a la carga con sustancias prohibidad u otros elementos ilicitos?"
ANTIOQUIA,CÁCERES,PUERTO SANTO,"7,794380","-75,207030",7517,"¿Cómo se califica PUERTO SANTO; CÁCERES; ANTIOQUIA; 7,794380; -75,207030 ; 7517; en todos los riesgos, el riesgo de contaminacioon se refiere a la contanminacion a la carga con sustancias prohibidad u otros elementos ilicitos?"
CÓRDOBA,BUENAVISTA,VILLA FÁTIMA,"8,087950","-75,379150",7996,"¿Cómo se califica VILLA FÁTIMA; BUENAVISTA; CÓRDOBA; 8,087950; -75,379150 ; 7996; en todos los riesgos, el riesgo de contaminacioon se refiere a la contanminacion a la carga con sustancias prohibidad u otros elementos ilicitos?"
CUNDINAMARCA,CHÍA,CHÍA,"4,862080","-74,061150",11280,"¿Cómo se califica CHÍA; CHÍA; CUNDINAMARCA; 4,862080; -74,061150 ; 11280; en todos los riesgos, el riesgo de contaminacioon se refiere a la contanminacion a la carga con sustancias prohibidad u otros elementos ilicitos?"
CUNDINAMARCA,LA CALERA,EL SALITRE,"4,663250","-74,048430",10333,"¿Cómo se califica EL SALITRE; LA CALERA; CUNDINAMARCA; 4,663250; -74,048430 ; 10333; en todos los riesgos, el riesgo de contaminacioon se refiere a la contanminacion a la carga con sustancias prohibidad u otros elementos ilicitos?"
CUNDINAMARCA,COTA,COTA,"4,797810","-74,106550",11062,"¿Cómo se califica COTA; COTA; CUNDINAMARCA; 4,797810; -74,106550 ; 11062; en todos los riesgos, el riesgo de contaminacioon se refiere a la contanminacion a la carga con sustancias prohibidad u otros elementos ilicitos?"
CÓRDOBA,CERETÉ,EL QUEMADO,"8,863350","-75,807320",8934,"¿Cómo se califica EL QUEMADO; CERETÉ; CÓRDOBA; 8,863350; -75,807320 ; 8934; en todos los riesgos, el riesgo de contaminacioon se refiere a la contanminacion a la carga con sustancias prohibidad u otros elementos ilicitos?"
ANTIOQUIA,BRICEÑO,BRICEÑO,"7,086300","-75,470110",4553,"¿Cómo se califica BRICEÑO; BRICEÑO; ANTIOQUIA; 7,086300; -75,470110 ; 4553; en todos los riesgos, el riesgo de contaminacioon se refiere a la contanminacion a la carga con sustancias prohibidad u otros elementos ilicitos?"
CÓRDOBA,CERETÉ,RETIRO DE LOS INDIOS,"8,849920","-75,821280",8904,"¿Cómo se califica RETIRO DE LOS INDIOS; CERETÉ; CÓRDOBA; 8,849920; -75,821280 ; 8904; en todos los riesgos, el riesgo de contaminacioon se refiere a la contanminacion a la carga con sustancias prohibidad u otros elementos ilicitos?"
ANTIOQUIA,CÁCERES,RÍO MAN,"7,900590","-75,203750",7660,"¿Cómo se califica RÍO MAN; CÁCERES; ANTIOQUIA; 7,900590; -75,203750 ; 7660; en todos los riesgos, el riesgo de contaminacioon se refiere a la contanminacion a la carga con sustancias prohibidad u otros elementos ilicitos?"
ANTIOQUIA,BARBOSA,BARBOSA,"6,447070","-75,357280",1821,"¿Cómo se califica BARBOSA; BARBOSA; ANTIOQUIA; 6,447070; -75,357280 ; 1821; en todos los riesgos, el riesgo de contaminacioon se refiere a la contanminacion a la carga con sustancias prohibidad u otros elementos ilicitos?"
CÓRDOBA,CHINÚ,BAJO DE PIEDRA,"9,068780","-75,416170",9868,"¿Cómo se califica BAJO DE PIEDRA; CHINÚ; CÓRDOBA; 9,068780; -75,416170 ; 9868; en todos los riesgos, el riesgo de contaminacioon se refiere a la contanminacion a la carga con sustancias prohibidad u otros elementos ilicitos?"
SANTANDER,CIMITARRA,PRIMAVERA,"6,491100","-74,297960",5903,"¿Cómo se califica PRIMAVERA; CIMITARRA; SANTANDER; 6,491100; -74,297960 ; 5903; en todos los riesgos, el riesgo de contaminacioon se refiere a la contanminacion a la carga con sustancias prohibidad u otros elementos ilicitos?"
CÓRDOBA,CHINÚ,VILLA FÁTIMA,"9,005330","-75,456750",11834,"¿Cómo se califica VILLA FÁTIMA; CHINÚ; CÓRDOBA; 9,005330; -75,456750 ; 11834; en todos los riesgos, el riesgo de contaminacioon se refiere a la contanminacion a la carga con sustancias prohibidad u otros elementos ilicitos?"
CÓRDOBA,BUENAVISTA,PUERTO CÓRDOBA,"8,067440","-75,357470",7854,"¿Cómo se califica PUERTO CÓRDOBA; BUENAVISTA; CÓRDOBA; 8,067440; -75,357470 ; 7854; en todos los riesgos, el riesgo de contaminacioon se refiere a la contanminacion a la carga con sustancias prohibidad u otros elementos ilicitos?"
ANTIOQUIA,BARBOSA,EL PARAÍSO,"6,411130","-75,416490",1305,"¿Cómo se califica EL PARAÍSO; BARBOSA; ANTIOQUIA; 6,411130; -75,416490 ; 1305; en todos los riesgos, el riesgo de contaminacioon se refiere a la contanminacion a la carga con sustancias prohibidad u otros elementos ilicitos?"
MAGDALENA,CERRO DE SAN ANTONIO,PUERTO NIÑO (CHARANGA),"10,265670","-74,911640",12820,"¿Cómo se califica PUERTO NIÑO (CHARANGA); CERRO DE SAN ANTONIO; MAGDALENA; 10,265670; -74,911640 ; 12820; en todos los riesgos, el riesgo de contaminacioon se refiere a la contanminacion a la carga con sustancias prohibidad u otros elementos ilicitos?"
ATLÁNTICO,CAMPO DE LA CRUZ,CAMPO DE LA CRUZ,"10,358670","-74,870310",12957,"¿Cómo se califica CAMPO DE LA CRUZ; CAMPO DE LA CRUZ; ATLÁNTICO; 10,358670; -74,870310 ; 12957; en todos los riesgos, el riesgo de contaminacioon se refiere a la contanminacion a la carga con sustancias prohibidad u otros elementos ilicitos?"
CUNDINAMARCA,CHÍA,PUEBLO FUERTE,"4,846110","-74,079200",11180,"¿Cómo se califica PUEBLO FUERTE; CHÍA; CUNDINAMARCA; 4,846110; -74,079200 ; 11180; en todos los riesgos, el riesgo de contaminacioon se refiere a la contanminacion a la carga con sustancias prohibidad u otros elementos ilicitos?"
TOLIMA,COELLO,CALABOZO,"4,283410","-75,021330",6120,"¿Cómo se califica CALABOZO; COELLO; TOLIMA; 4,283410; -75,021330 ; 6120; en todos los riesgos, el riesgo de contaminacioon se refiere a la contanminacion a la carga con sustancias prohibidad u otros elementos ilicitos?"
ANTIOQUIA,BARBOSA,LA PRIMAVERA,"6,413110","-75,408810",1320,"¿Cómo se califica LA PRIMAVERA; BARBOSA; ANTIOQUIA; 6,413110; -75,408810 ; 1320; en todos los riesgos, el riesgo de contaminacioon se refiere a la contanminacion a la carga con sustancias prohibidad u otros elementos ilicitos?"
CÓRDOBA,CERETÉ,MATEO GÓMEZ,"8,834150","-75,832380",8878,"¿Cómo se califica MATEO GÓMEZ; CERETÉ; CÓRDOBA; 8,834150; -75,832380 ; 8878; en todos los riesgos, el riesgo de contaminacioon se refiere a la contanminacion a la carga con sustancias prohibidad u otros elementos ilicitos?"
MAGDALENA,CERRO DE SAN ANTONIO,CERRO DE SAN ANTONIO,"10,297280","-74,898630",12863,"¿Cómo se califica CERRO DE SAN ANTONIO; CERRO DE SAN ANTONIO; MAGDALENA; 10,297280; -74,898630 ; 12863; en todos los riesgos, el riesgo de contaminacioon se refiere a la contanminacion a la carga con sustancias prohibidad u otros elementos ilicitos?"
MAGDALENA,CERRO DE SAN ANTONIO,CERRO DE SAN ANTONIO,"10,297280","-74,898630",14949,"¿Cómo se califica CERRO DE SAN ANTONIO; CERRO DE SAN ANTONIO; MAGDALENA; 10,297280; -74,898630 ; 14949; en todos los riesgos, el riesgo de contaminacioon se refiere a la contanminacion a la carga con sustancias prohibidad u otros elementos ilicitos?"
CÓRDOBA,CHINÚ,TIERRA GRATA,"9,045860","-75,450360",11896,"¿Cómo se califica TIERRA GRATA; CHINÚ; CÓRDOBA; 9,045860; -75,450360 ; 11896; en todos los riesgos, el riesgo de contaminacioon se refiere a la contanminacion a la carga con sustancias prohibidad u otros elementos ilicitos?"
CUNDINAMARCA,CAPARRAPÍ,EL DINDAL,"5,326150","-74,565810",5192,"¿Cómo se califica EL DINDAL; CAPARRAPÍ; CUNDINAMARCA; 5,326150; -74,565810 ; 5192; en todos los riesgos, el riesgo de contaminacioon se refiere a la contanminacion a la carga con sustancias prohibidad u otros elementos ilicitos?"
CÓRDOBA,CHINÚ,CHINÚ,"9,118720","-75,393650",10000,"¿Cómo se califica CHINÚ; CHINÚ; CÓRDOBA; 9,118720; -75,393650 ; 10000; en todos los riesgos, el riesgo de contaminacioon se refiere a la contanminacion a la carga con sustancias prohibidad u otros elementos ilicitos?"
ANTIOQUIA,COPACABANA,EL LLANO,"6,334200","-75,535420",707,"¿Cómo se califica EL LLANO; COPACABANA; ANTIOQUIA; 6,334200; -75,535420 ; 707; en todos los riesgos, el riesgo de contaminacioon se refiere a la contanminacion a la carga con sustancias prohibidad u otros elementos ilicitos?"
VALLE DEL CAUCA,BUGALAGRANDE,MESTIZAL,"4,222460","-76,145200",1535,"¿Cómo se califica MESTIZAL; BUGALAGRANDE; VALLE DEL CAUCA; 4,222460; -76,145200 ; 1535; en todos los riesgos, el riesgo de contaminacioon se refiere a la contanminacion a la carga con sustancias prohibidad u otros elementos ilicitos?"
CÓRDOBA,COTORRA,ABROJAL,"9,031150","-75,827620",9233,"¿Cómo se califica ABROJAL; COTORRA; CÓRDOBA; 9,031150; -75,827620 ; 9233; en todos los riesgos, el riesgo de contaminacioon se refiere a la contanminacion a la carga con sustancias prohibidad u otros elementos ilicitos?"
SUCRE,COROZAL,LAS BRUJAS,"9,327970","-75,283020",10707,"¿Cómo se califica LAS BRUJAS; COROZAL; SUCRE; 9,327970; -75,283020 ; 10707; en todos los riesgos, el riesgo de contaminacioon se refiere a la contanminacion a la carga con sustancias prohibidad u otros elementos ilicitos?"
CUNDINAMARCA,CHÍA,CERCA DE PIEDRA,"4,830750","-74,089340",11158,"¿Cómo se califica CERCA DE PIEDRA; CHÍA; CUNDINAMARCA; 4,830750; -74,089340 ; 11158; en todos los riesgos, el riesgo de contaminacioon se refiere a la contanminacion a la carga con sustancias prohibidad u otros elementos ilicitos?"
TOLIMA,COELLO,LLANO DE LA VIRGEN,"4,220370","-74,940520",6496,"¿Cómo se califica LLANO DE LA VIRGEN; COELLO; TOLIMA; 4,220370; -74,940520 ; 6496; en todos los riesgos, el riesgo de contaminacioon se refiere a la contanminacion a la carga con sustancias prohibidad u otros elementos ilicitos?"
CUNDINAMARCA,CAPARRAPÍ,SAN RAMÓN ALTO,"5,383230","-74,604100",5079,"¿Cómo se califica SAN RAMÓN ALTO; CAPARRAPÍ; CUNDINAMARCA; 5,383230; -74,604100 ; 5079; en todos los riesgos, el riesgo de contaminacioon se refiere a la contanminacion a la carga con sustancias prohibidad u otros elementos ilicitos?"
CUNDINAMARCA,FACATATIVÁ,SAN RAFAEL BAJO,"4,815510","-74,361970",829,"¿Cómo se califica SAN RAFAEL BAJO; FACATATIVÁ; CUNDINAMARCA; 4,815510; -74,361970 ; 829; en todos los riesgos, el riesgo de contaminacioon se refiere a la contanminacion a la carga con sustancias prohibidad u otros elementos ilicitos?"
CUNDINAMARCA,CUCUNUBÁ,CUCUNUBÁ,"5,202960","-73,793920",12635,"¿Cómo se califica CUCUNUBÁ; CUCUNUBÁ; CUNDINAMARCA; 5,202960; -73,793920 ; 12635; en todos los riesgos, el riesgo de contaminacioon se refiere a la contanminacion a la carga con sustancias prohibidad u otros elementos ilicitos?"
CUNDINAMARCA,EL ROSAL,PUENTE EL ROSAL,"4,838710","-74,256740",8569,"¿Cómo se califica PUENTE EL ROSAL; EL ROSAL; CUNDINAMARCA; 4,838710; -74,256740 ; 8569; en todos los riesgos, el riesgo de contaminacioon se refiere a la contanminacion a la carga con sustancias prohibidad u otros elementos ilicitos?"
ANTIOQUIA,DONMATÍAS,DONMATÍAS,"6,458880","-75,364810",1999,"¿Cómo se califica DONMATÍAS; DONMATÍAS; ANTIOQUIA; 6,458880; -75,364810 ; 1999; en todos los riesgos, el riesgo de contaminacioon se refiere a la contanminacion a la carga con sustancias prohibidad u otros elementos ilicitos?"
BOLÍVAR,EL CARMEN DE BOLÍVAR,VERDÚN,"9,620550","-75,157800",11574,"¿Cómo se califica VERDÚN; EL CARMEN DE BOLÍVAR; BOLÍVAR; 9,620550; -75,157800 ; 11574; en todos los riesgos, el riesgo de contaminacioon se refiere a la contanminacion a la carga con sustancias prohibidad u otros elementos ilicitos?"
SANTANDER,CIMITARRA,EL ATERRADO,"6,519030","-74,375710",5992,"¿Cómo se califica EL ATERRADO; CIMITARRA; SANTANDER; 6,519030; -74,375710 ; 5992; en todos los riesgos, el riesgo de contaminacioon se refiere a la contanminacion a la carga con sustancias prohibidad u otros elementos ilicitos?"
CUNDINAMARCA,COTA,RESGUARDO INDIGENA MUISCA DE COTA,"4,779580","-74,138880",10959,"¿Cómo se califica RESGUARDO INDIGENA MUISCA DE COTA; COTA; CUNDINAMARCA; 4,779580; -74,138880 ; 10959; en todos los riesgos, el riesgo de contaminacioon se refiere a la contanminacion a la carga con sustancias prohibidad u otros elementos ilicitos?"
CUNDINAMARCA,CAPARRAPÍ,CAMBULO,"5,263270","-74,565980",5264,"¿Cómo se califica CAMBULO; CAPARRAPÍ; CUNDINAMARCA; 5,263270; -74,565980 ; 5264; en todos los riesgos, el riesgo de contaminacioon se refiere a la contanminacion a la carga con sustancias prohibidad u otros elementos ilicitos?"
CÓRDOBA,CHINÚ,VILLA FÁTIMA,"9,005330","-75,456750",9748,"¿Cómo se califica VILLA FÁTIMA; CHINÚ; CÓRDOBA; 9,005330; -75,456750 ; 9748; en todos los riesgos, el riesgo de contaminacioon se refiere a la contanminacion a la carga con sustancias prohibidad u otros elementos ilicitos?"
ANTIOQUIA,DONMATÍAS,DONMATÍAS,"6,458880","-75,364810",1867,"¿Cómo se califica DONMATÍAS; DONMATÍAS; ANTIOQUIA; 6,458880; -75,364810 ; 1867; en todos los riesgos, el riesgo de contaminacioon se refiere a la contanminacion a la carga con sustancias prohibidad u otros elementos ilicitos?"
CUNDINAMARCA,FACATATIVÁ,LOS MANZANOS,"4,828440","-74,379710",895,"¿Cómo se califica LOS MANZANOS; FACATATIVÁ; CUNDINAMARCA; 4,828440; -74,379710 ; 895; en todos los riesgos, el riesgo de contaminacioon se refiere a la contanminacion a la carga con sustancias prohibidad u otros elementos ilicitos?"
BOLÍVAR,EL CARMEN DE BOLÍVAR,PADULA,"9,656230","-75,136130",11650,"¿Cómo se califica PADULA; EL CARMEN DE BOLÍVAR; BOLÍVAR; 9,656230; -75,136130 ; 11650; en todos los riesgos, el riesgo de contaminacioon se refiere a la contanminacion a la carga con sustancias prohibidad u otros elementos ilicitos?"
VALLE DEL CAUCA,EL CERRITO,EL PLACER,"3,620140","-76,303490",237,"¿Cómo se califica EL PLACER; EL CERRITO; VALLE DEL CAUCA; 3,620140; -76,303490 ; 237; en todos los riesgos, el riesgo de contaminacioon se refiere a la contanminacion a la carga con sustancias prohibidad u otros elementos ilicitos?"
SANTANDER,CIMITARRA,LA TRAVIATA,"6,423610","-74,323570",5800,"¿Cómo se califica LA TRAVIATA; CIMITARRA; SANTANDER; 6,423610; -74,323570 ; 5800; en todos los riesgos, el riesgo de contaminacioon se refiere a la contanminacion a la carga con sustancias prohibidad u otros elementos ilicitos?"
SANTANDER,CIMITARRA,LA YE DE LA TORRE,"6,383230","-74,377050",5752,"¿Cómo se califica LA YE DE LA TORRE; CIMITARRA; SANTANDER; 6,383230; -74,377050 ; 5752; en todos los riesgos, el riesgo de contaminacioon se refiere a la contanminacion a la carga con sustancias prohibidad u otros elementos ilicitos?"
CÓRDOBA,CERETÉ,RUSIA,"8,902560","-75,803160",9072,"¿Cómo se califica RUSIA; CERETÉ; CÓRDOBA; 8,902560; -75,803160 ; 9072; en todos los riesgos, el riesgo de contaminacioon se refiere a la contanminacion a la carga con sustancias prohibidad u otros elementos ilicitos?"
CÓRDOBA,BUENAVISTA,PUERTO CÓRDOBA,"8,067440","-75,357470",7984,"¿Cómo se califica PUERTO CÓRDOBA; BUENAVISTA; CÓRDOBA; 8,067440; -75,357470 ; 7984; en todos los riesgos, el riesgo de contaminacioon se refiere a la contanminacion a la carga con sustancias prohibidad u otros elementos ilicitos?"
SUCRE,COROZAL,COROZAL,"9,319010","-75,303630",10612,"¿Cómo se califica COROZAL; COROZAL; SUCRE; 9,319010; -75,303630 ; 10612; en todos los riesgos, el riesgo de contaminacioon se refiere a la contanminacion a la carga con sustancias prohibidad u otros elementos ilicitos?"
CUNDINAMARCA,FÚQUENE,CAPELLANÍA,"5,375600","-73,777710",13202,"¿Cómo se califica CAPELLANÍA; FÚQUENE; CUNDINAMARCA; 5,375600; -73,777710 ; 13202; en todos los riesgos, el riesgo de contaminacioon se refiere a la contanminacion a la carga con sustancias prohibidad u otros elementos ilicitos?"
ANTIOQUIA,GIRARDOTA,SAN ESTEBAN,"6,373100","-75,488220",1132,"¿Cómo se califica SAN ESTEBAN; GIRARDOTA; ANTIOQUIA; 6,373100; -75,488220 ; 1132; en todos los riesgos, el riesgo de contaminacioon se refiere a la contanminacion a la carga con sustancias prohibidad u otros elementos ilicitos?"
TOLIMA,ESPINAL,CHICORAL,"4,232560","-74,977830",6308,"¿Cómo se califica CHICORAL; ESPINAL; TOLIMA; 4,232560; -74,977830 ; 6308; en todos los riesgos, el riesgo de contaminacioon se refiere a la contanminacion a la carga con sustancias prohibidad u otros elementos ilicitos?"
SUCRE,COROZAL,COROZAL,"9,319010","-75,303630",12698,"¿Cómo se califica COROZAL; COROZAL; SUCRE; 9,319010; -75,303630 ; 12698; en todos los riesgos, el riesgo de contaminacioon se refiere a la contanminacion a la carga con sustancias prohibidad u otros elementos ilicitos?"
ANTIOQUIA,ENVIGADO,ENVIGADO,"6,175090","-75,595420",100,"¿Cómo se califica ENVIGADO; ENVIGADO; ANTIOQUIA; 6,175090; -75,595420 ; 100; en todos los riesgos, el riesgo de contaminacioon se refiere a la contanminacion a la carga con sustancias prohibidad u otros elementos ilicitos?"
SANTANDER,CIMITARRA,SAN JUAN DE LA CARRETERA,"6,460380","-74,289150",5835,"¿Cómo se califica SAN JUAN DE LA CARRETERA; CIMITARRA; SANTANDER; 6,460380; -74,289150 ; 5835; en todos los riesgos, el riesgo de contaminacioon se refiere a la contanminacion a la carga con sustancias prohibidad u otros elementos ilicitos?"
SUCRE,COROZAL,LAS PALMAS,"9,280130","-75,366200",10432,"¿Cómo se califica LAS PALMAS; COROZAL; SUCRE; 9,280130; -75,366200 ; 10432; en todos los riesgos, el riesgo de contaminacioon se refiere a la contanminacion a la carga con sustancias prohibidad u otros elementos ilicitos?"
BOLÍVAR,EL CARMEN DE BOLÍVAR,VERDÚN,"9,620550","-75,157800",13660,"¿Cómo se califica VERDÚN; EL CARMEN DE BOLÍVAR; BOLÍVAR; 9,620550; -75,157800 ; 13660; en todos los riesgos, el riesgo de contaminacioon se refiere a la contanminacion a la carga con sustancias prohibidad u otros elementos ilicitos?"
CUNDINAMARCA,FACATATIVÁ,SAN JOSÉ,"4,792400","-74,335640",757,"¿Cómo se califica SAN JOSÉ; FACATATIVÁ; CUNDINAMARCA; 4,792400; -74,335640 ; 757; en todos los riesgos, el riesgo de contaminacioon se refiere a la contanminacion a la carga con sustancias prohibidad u otros elementos ilicitos?"
TOLIMA,IBAGUÉ,IBAGUÉ,"4,424290","-75,213310",5485,"¿Cómo se califica IBAGUÉ; IBAGUÉ; TOLIMA; 4,424290; -75,213310 ; 5485; en todos los riesgos, el riesgo de contaminacioon se refiere a la contanminacion a la carga con sustancias prohibidad u otros elementos ilicitos?"
MAGDALENA,EL PIÑÓN,EL PIÑÓN,"10,403970","-74,857670",15111,"¿Cómo se califica EL PIÑÓN; EL PIÑÓN; MAGDALENA; 10,403970; -74,857670 ; 15111; en todos los riesgos, el riesgo de contaminacioon se refiere a la contanminacion a la carga con sustancias prohibidad u otros elementos ilicitos?"
BOLÍVAR,EL CARMEN DE BOLÍVAR,EL CARMEN DE BOLÍVAR,"9,690150","-75,119630",13771,"¿Cómo se califica EL CARMEN DE BOLÍVAR; EL CARMEN DE BOLÍVAR; BOLÍVAR; 9,690150; -75,119630 ; 13771; en todos los riesgos, el riesgo de contaminacioon se refiere a la contanminacion a la carga con sustancias prohibidad u otros elementos ilicitos?"
CUNDINAMARCA,FACATATIVÁ,LOS ROBLES,"4,858760","-74,413920",1000,"¿Cómo se califica LOS ROBLES; FACATATIVÁ; CUNDINAMARCA; 4,858760; -74,413920 ; 1000; en todos los riesgos, el riesgo de contaminacioon se refiere a la contanminacion a la carga con sustancias prohibidad u otros elementos ilicitos?"
TOLIMA,COELLO,POTRERILLO,"4,265430","-75,000630",6177,"¿Cómo se califica POTRERILLO; COELLO; TOLIMA; 4,265430; -75,000630 ; 6177; en todos los riesgos, el riesgo de contaminacioon se refiere a la contanminacion a la carga con sustancias prohibidad u otros elementos ilicitos?"
CUNDINAMARCA,FACATATIVÁ,TIERRA GRATA (EL CRUCE),"4,854310","-74,278920",8538,"¿Cómo se califica TIERRA GRATA (EL CRUCE); FACATATIVÁ; CUNDINAMARCA; 4,854310; -74,278920 ; 8538; en todos los riesgos, el riesgo de contaminacioon se refiere a la contanminacion a la carga con sustancias prohibidad u otros elementos ilicitos?"
VALLE DEL CAUCA,EL CERRITO,EL CERRITO,"3,646530","-76,295920",302,"¿Cómo se califica EL CERRITO; EL CERRITO; VALLE DEL CAUCA; 3,646530; -76,295920 ; 302; en todos los riesgos, el riesgo de contaminacioon se refiere a la contanminacion a la carga con sustancias prohibidad u otros elementos ilicitos?"
VALLE DEL CAUCA,GINEBRA,SABALETAS,"3,710430","-76,319170",403,"¿Cómo se califica SABALETAS; GINEBRA; VALLE DEL CAUCA; 3,710430; -76,319170 ; 403; en todos los riesgos, el riesgo de contaminacioon se refiere a la contanminacion a la carga con sustancias prohibidad u otros elementos ilicitos?"
ANTIOQUIA,ITAGÜÍ,EL PORVENIR,"6,182260","-75,589600",248,"¿Cómo se califica EL PORVENIR; ITAGÜÍ; ANTIOQUIA; 6,182260; -75,589600 ; 248; en todos los riesgos, el riesgo de contaminacioon se refiere a la contanminacion a la carga con sustancias prohibidad u otros elementos ilicitos?"
CUNDINAMARCA,FACATATIVÁ,TIERRA GRATA ALTA,"4,877620","-74,300120",8419,"¿Cómo se califica TIERRA GRATA ALTA; FACATATIVÁ; CUNDINAMARCA; 4,877620; -74,300120 ; 8419; en todos los riesgos, el riesgo de contaminacioon se refiere a la contanminacion a la carga con sustancias prohibidad u otros elementos ilicitos?"
SUCRE,COROZAL,LAS BRUJAS,"9,327970","-75,283020",12793,"¿Cómo se califica LAS BRUJAS; COROZAL; SUCRE; 9,327970; -75,283020 ; 12793; en todos los riesgos, el riesgo de contaminacioon se refiere a la contanminacion a la carga con sustancias prohibidad u otros elementos ilicitos?"
TOLIMA,FLANDES,FLANDES,"4,260760","-74,825640",6754,"¿Cómo se califica FLANDES; FLANDES; TOLIMA; 4,260760; -74,825640 ; 6754; en todos los riesgos, el riesgo de contaminacioon se refiere a la contanminacion a la carga con sustancias prohibidad u otros elementos ilicitos?"
ANTIOQUIA,COPACABANA,COPACABANA,"6,342210","-75,519220",818,"¿Cómo se califica COPACABANA; COPACABANA; ANTIOQUIA; 6,342210; -75,519220 ; 818; en todos los riesgos, el riesgo de contaminacioon se refiere a la contanminacion a la carga con sustancias prohibidad u otros elementos ilicitos?"
CUNDINAMARCA,GUADUAS,ALTO DEL TRIGO,"5,012910","-74,541210",6208,"¿Cómo se califica ALTO DEL TRIGO; GUADUAS; CUNDINAMARCA; 5,012910; -74,541210 ; 6208; en todos los riesgos, el riesgo de contaminacioon se refiere a la contanminacion a la carga con sustancias prohibidad u otros elementos ilicitos?"
BOLÍVAR,EL CARMEN DE BOLÍVAR,PADULA,"9,656230","-75,136130",13736,"¿Cómo se califica PADULA; EL CARMEN DE BOLÍVAR; BOLÍVAR; 9,656230; -75,136130 ; 13736; en todos los riesgos, el riesgo de contaminacioon se refiere a la contanminacion a la carga con sustancias prohibidad u otros elementos ilicitos?"
ANTIOQUIA,GIRARDOTA,LA PALMA,"6,404040","-75,428030",1155,"¿Cómo se califica LA PALMA; GIRARDOTA; ANTIOQUIA; 6,404040; -75,428030 ; 1155; en todos los riesgos, el riesgo de contaminacioon se refiere a la contanminacion a la carga con sustancias prohibidad u otros elementos ilicitos?"
CÓRDOBA,LA APARTADA,CAMPO ALEGRE,"7,990640","-75,223290",7706,"¿Cómo se califica CAMPO ALEGRE; LA APARTADA; CÓRDOBA; 7,990640; -75,223290 ; 7706; en todos los riesgos, el riesgo de contaminacioon se refiere a la contanminacion a la carga con sustancias prohibidad u otros elementos ilicitos?"
CUNDINAMARCA,FUNZA,FUNZA,"4,712140","-74,211070",10184,"¿Cómo se califica FUNZA; FUNZA; CUNDINAMARCA; 4,712140; -74,211070 ; 10184; en todos los riesgos, el riesgo de contaminacioon se refiere a la contanminacion a la carga con sustancias prohibidad u otros elementos ilicitos?"
CUNDINAMARCA,COGUA,RINCÓN SANTO - SECTOR ZAMORA,"5,055280","-73,956660",11965,"¿Cómo se califica RINCÓN SANTO - SECTOR ZAMORA; COGUA; CUNDINAMARCA; 5,055280; -73,956660 ; 11965; en todos los riesgos, el riesgo de contaminacioon se refiere a la contanminacion a la carga con sustancias prohibidad u otros elementos ilicitos?"
CUNDINAMARCA,FÚQUENE,FÚQUENE,"5,394690","-73,780040",13296,"¿Cómo se califica FÚQUENE; FÚQUENE; CUNDINAMARCA; 5,394690; -73,780040 ; 13296; en todos los riesgos, el riesgo de contaminacioon se refiere a la contanminacion a la carga con sustancias prohibidad u otros elementos ilicitos?"
ANTIOQUIA,COPACABANA,EL SALADO,"6,358130","-75,499400",931,"¿Cómo se califica EL SALADO; COPACABANA; ANTIOQUIA; 6,358130; -75,499400 ; 931; en todos los riesgos, el riesgo de contaminacioon se refiere a la contanminacion a la carga con sustancias prohibidad u otros elementos ilicitos?"
CUNDINAMARCA,GUADUAS,LA CABAÑA,"5,029290","-74,507180",2824,"¿Cómo se califica LA CABAÑA; GUADUAS; CUNDINAMARCA; 5,029290; -74,507180 ; 2824; en todos los riesgos, el riesgo de contaminacioon se refiere a la contanminacion a la carga con sustancias prohibidad u otros elementos ilicitos?"
ANTIOQUIA,BARBOSA,EL PARAÍSO,"6,411130","-75,416490",1173,"¿Cómo se califica EL PARAÍSO; BARBOSA; ANTIOQUIA; 6,411130; -75,416490 ; 1173; en todos los riesgos, el riesgo de contaminacioon se refiere a la contanminacion a la carga con sustancias prohibidad u otros elementos ilicitos?"
ANTIOQUIA,GIRARDOTA,LA PALMA,"6,404040","-75,428030",1287,"¿Cómo se califica LA PALMA; GIRARDOTA; ANTIOQUIA; 6,404040; -75,428030 ; 1287; en todos los riesgos, el riesgo de contaminacioon se refiere a la contanminacion a la carga con sustancias prohibidad u otros elementos ilicitos?"
ANTIOQUIA,MACEO,MACEO,"6,499840","-74,756900",7222,"¿Cómo se califica MACEO; MACEO; ANTIOQUIA; 6,499840; -74,756900 ; 7222; en todos los riesgos, el riesgo de contaminacioon se refiere a la contanminacion a la carga con sustancias prohibidad u otros elementos ilicitos?"
CUNDINAMARCA,FACATATIVÁ,FACATATIVÁ,"4,802700","-74,340750",785,"¿Cómo se califica FACATATIVÁ; FACATATIVÁ; CUNDINAMARCA; 4,802700; -74,340750 ; 785; en todos los riesgos, el riesgo de contaminacioon se refiere a la contanminacion a la carga con sustancias prohibidad u otros elementos ilicitos?"
SUCRE,COROZAL,LAS PALMAS,"9,280130","-75,366200",12518,"¿Cómo se califica LAS PALMAS; COROZAL; SUCRE; 9,280130; -75,366200 ; 12518; en todos los riesgos, el riesgo de contaminacioon se refiere a la contanminacion a la carga con sustancias prohibidad u otros elementos ilicitos?"
ANTIOQUIA,GIRARDOTA,LOMA DE LOS OCHOA,"6,384560","-75,456090",1200,"¿Cómo se califica LOMA DE LOS OCHOA; GIRARDOTA; ANTIOQUIA; 6,384560; -75,456090 ; 1200; en todos los riesgos, el riesgo de contaminacioon se refiere a la contanminacion a la carga con sustancias prohibidad u otros elementos ilicitos?"
CUNDINAMARCA,CHÍA,SINDAMANOY I,"4,879070","-74,017890",11503,"¿Cómo se califica SINDAMANOY I; CHÍA; CUNDINAMARCA; 4,879070; -74,017890 ; 11503; en todos los riesgos, el riesgo de contaminacioon se refiere a la contanminacion a la carga con sustancias prohibidad u otros elementos ilicitos?"
TOLIMA,IBAGUÉ,COELLO - COCORA,"4,410430","-75,335700",4830,"¿Cómo se califica COELLO - COCORA; IBAGUÉ; TOLIMA; 4,410430; -75,335700 ; 4830; en todos los riesgos, el riesgo de contaminacioon se refiere a la contanminacion a la carga con sustancias prohibidad u otros elementos ilicitos?"
CUNDINAMARCA,FACATATIVÁ,PUEBLO VIEJO,"4,810580","-74,357200",816,"¿Cómo se califica PUEBLO VIEJO; FACATATIVÁ; CUNDINAMARCA; 4,810580; -74,357200 ; 816; en todos los riesgos, el riesgo de contaminacioon se refiere a la contanminacion a la carga con sustancias prohibidad u otros elementos ilicitos?"
CUNDINAMARCA,LA VEGA,EL VINO,"4,940600","-74,308930",8064,"¿Cómo se califica EL VINO; LA VEGA; CUNDINAMARCA; 4,940600; -74,308930 ; 8064; en todos los riesgos, el riesgo de contaminacioon se refiere a la contanminacion a la carga con sustancias prohibidad u otros elementos ilicitos?"
ANTIOQUIA,ITAGÜÍ,ITAGÜÍ,"6,161770","-75,608380",191,"¿Cómo se califica ITAGÜÍ; ITAGÜÍ; ANTIOQUIA; 6,161770; -75,608380 ; 191; en todos los riesgos, el riesgo de contaminacioon se refiere a la contanminacion a la carga con sustancias prohibidad u otros elementos ilicitos?"
CUNDINAMARCA,FUNZA,EL PAPAYO,"4,718960","-74,238720",542,"¿Cómo se califica EL PAPAYO; FUNZA; CUNDINAMARCA; 4,718960; -74,238720 ; 542; en todos los riesgos, el riesgo de contaminacioon se refiere a la contanminacion a la carga con sustancias prohibidad u otros elementos ilicitos?"
CUNDINAMARCA,CHÍA,ENCENILLOS DE SINDAMANOY,"4,904720","-74,003300",11527,"¿Cómo se califica ENCENILLOS DE SINDAMANOY; CHÍA; CUNDINAMARCA; 4,904720; -74,003300 ; 11527; en todos los riesgos, el riesgo de contaminacioon se refiere a la contanminacion a la carga con sustancias prohibidad u otros elementos ilicitos?"
ANTIOQUIA,GIRARDOTA,SAN ESTEBAN,"6,373100","-75,488220",1000,"¿Cómo se califica SAN ESTEBAN; GIRARDOTA; ANTIOQUIA; 6,373100; -75,488220 ; 1000; en todos los riesgos, el riesgo de contaminacioon se refiere a la contanminacion a la carga con sustancias prohibidad u otros elementos ilicitos?"
TOLIMA,COELLO,GUALANDAY,"4,285960","-75,031950",6102,"¿Cómo se califica GUALANDAY; COELLO; TOLIMA; 4,285960; -75,031950 ; 6102; en todos los riesgos, el riesgo de contaminacioon se refiere a la contanminacion a la carga con sustancias prohibidad u otros elementos ilicitos?"
ATLÁNTICO,GALAPA,GALAPA,"10,962820","-74,900380",16641,"¿Cómo se califica GALAPA; GALAPA; ATLÁNTICO; 10,962820; -74,900380 ; 16641; en todos los riesgos, el riesgo de contaminacioon se refiere a la contanminacion a la carga con sustancias prohibidad u otros elementos ilicitos?"
ANTIOQUIA,GIRARDOTA,EL PARAÍSO,"6,383780","-75,464940",1051,"¿Cómo se califica EL PARAÍSO; GIRARDOTA; ANTIOQUIA; 6,383780; -75,464940 ; 1051; en todos los riesgos, el riesgo de contaminacioon se refiere a la contanminacion a la carga con sustancias prohibidad u otros elementos ilicitos?"
ANTIOQUIA,GIRARDOTA,LOMA DE LOS OCHOA,"6,384560","-75,456090",1068,"¿Cómo se califica LOMA DE LOS OCHOA; GIRARDOTA; ANTIOQUIA; 6,384560; -75,456090 ; 1068; en todos los riesgos, el riesgo de contaminacioon se refiere a la contanminacion a la carga con sustancias prohibidad u otros elementos ilicitos?"
ANTIOQUIA,ENVIGADO,ENVIGADO,"6,174620","-75,596040",243,"¿Cómo se califica ENVIGADO; ENVIGADO; ANTIOQUIA; 6,174620; -75,596040 ; 243; en todos los riesgos, el riesgo de contaminacioon se refiere a la contanminacion a la carga con sustancias prohibidad u otros elementos ilicitos?"
CUNDINAMARCA,GIRARDOT,PIAMONTE,"4,364330","-74,785710",7132,"¿Cómo se califica PIAMONTE; GIRARDOT; CUNDINAMARCA; 4,364330; -74,785710 ; 7132; en todos los riesgos, el riesgo de contaminacioon se refiere a la contanminacion a la carga con sustancias prohibidad u otros elementos ilicitos?"
CÓRDOBA,COTORRA,PASO DE LAS FLORES,"9,017390","-75,829210",9226,"¿Cómo se califica PASO DE LAS FLORES; COTORRA; CÓRDOBA; 9,017390; -75,829210 ; 9226; en todos los riesgos, el riesgo de contaminacioon se refiere a la contanminacion a la carga con sustancias prohibidad u otros elementos ilicitos?"
VALLE DEL CAUCA,GUADALAJARA DE BUGA,GUADALAJARA DE BUGA,"3,880600","-76,313170",724,"¿Cómo se califica GUADALAJARA DE BUGA; GUADALAJARA DE BUGA; VALLE DEL CAUCA; 3,880600; -76,313170 ; 724; en todos los riesgos, el riesgo de contaminacioon se refiere a la contanminacion a la carga con sustancias prohibidad u otros elementos ilicitos?"
CUNDINAMARCA,COGUA,EL OLIVO,"5,062590","-73,951470",11983,"¿Cómo se califica EL OLIVO; COGUA; CUNDINAMARCA; 5,062590; -73,951470 ; 11983; en todos los riesgos, el riesgo de contaminacioon se refiere a la contanminacion a la carga con sustancias prohibidad u otros elementos ilicitos?"
VALLE DEL CAUCA,GUADALAJARA DE BUGA,QUEBRADASECA,"3,859460","-76,296370",642,"¿Cómo se califica QUEBRADASECA; GUADALAJARA DE BUGA; VALLE DEL CAUCA; 3,859460; -76,296370 ; 642; en todos los riesgos, el riesgo de contaminacioon se refiere a la contanminacion a la carga con sustancias prohibidad u otros elementos ilicitos?"
ANTIOQUIA,GIRARDOTA,SAN ANDRÉS,"6,391360","-75,445210",1102,"¿Cómo se califica SAN ANDRÉS; GIRARDOTA; ANTIOQUIA; 6,391360; -75,445210 ; 1102; en todos los riesgos, el riesgo de contaminacioon se refiere a la contanminacion a la carga con sustancias prohibidad u otros elementos ilicitos?"
VALLE DEL CAUCA,GUADALAJARA DE BUGA,EL VÍNCULO,"3,808380","-76,308120",532,"¿Cómo se califica EL VÍNCULO; GUADALAJARA DE BUGA; VALLE DEL CAUCA; 3,808380; -76,308120 ; 532; en todos los riesgos, el riesgo de contaminacioon se refiere a la contanminacion a la carga con sustancias prohibidad u otros elementos ilicitos?"
CÓRDOBA,LORICA,EL PLAYÓN,"9,172420","-75,821220",9379,"¿Cómo se califica EL PLAYÓN; LORICA; CÓRDOBA; 9,172420; -75,821220 ; 9379; en todos los riesgos, el riesgo de contaminacioon se refiere a la contanminacion a la carga con sustancias prohibidad u otros elementos ilicitos?"
TOLIMA,IBAGUÉ,APARCO,"4,389490","-75,159590",5614,"¿Cómo se califica APARCO; IBAGUÉ; TOLIMA; 4,389490; -75,159590 ; 5614; en todos los riesgos, el riesgo de contaminacioon se refiere a la contanminacion a la carga con sustancias prohibidad u otros elementos ilicitos?"
BOLÍVAR,EL GUAMO,SAN JOSÉ DE LATA,"10,044830","-75,078910",12443,"¿Cómo se califica SAN JOSÉ DE LATA; EL GUAMO; BOLÍVAR; 10,044830; -75,078910 ; 12443; en todos los riesgos, el riesgo de contaminacioon se refiere a la contanminacion a la carga con sustancias prohibidad u otros elementos ilicitos?"
CUNDINAMARCA,GUADUAS,ALTO DEL TRIGO,"5,026030","-74,510110",2858,"¿Cómo se califica ALTO DEL TRIGO; GUADUAS; CUNDINAMARCA; 5,026030; -74,510110 ; 2858; en todos los riesgos, el riesgo de contaminacioon se refiere a la contanminacion a la carga con sustancias prohibidad u otros elementos ilicitos?"
CUNDINAMARCA,COTA,LOS MANZANOS,"4,822780","-74,089160",11135,"¿Cómo se califica LOS MANZANOS; COTA; CUNDINAMARCA; 4,822780; -74,089160 ; 11135; en todos los riesgos, el riesgo de contaminacioon se refiere a la contanminacion a la carga con sustancias prohibidad u otros elementos ilicitos?"
VALLE DEL CAUCA,GUACARÍ,GUACARÍ,"3,737950","-76,323410",431,"¿Cómo se califica GUACARÍ; GUACARÍ; VALLE DEL CAUCA; 3,737950; -76,323410 ; 431; en todos los riesgos, el riesgo de contaminacioon se refiere a la contanminacion a la carga con sustancias prohibidad u otros elementos ilicitos?"
ANTIOQUIA,GIRARDOTA,SAN ANDRÉS,"6,391360","-75,445210",1234,"¿Cómo se califica SAN ANDRÉS; GIRARDOTA; ANTIOQUIA; 6,391360; -75,445210 ; 1234; en todos los riesgos, el riesgo de contaminacioon se refiere a la contanminacion a la carga con sustancias prohibidad u otros elementos ilicitos?"
VALLE DEL CAUCA,GUACARÍ,EL TRIUNFO,"3,698120","-76,316680",387,"¿Cómo se califica EL TRIUNFO; GUACARÍ; VALLE DEL CAUCA; 3,698120; -76,316680 ; 387; en todos los riesgos, el riesgo de contaminacioon se refiere a la contanminacion a la carga con sustancias prohibidad u otros elementos ilicitos?"
CÓRDOBA,MONTERÍA,EL QUINCE,"8,631620","-75,764520",8563,"¿Cómo se califica EL QUINCE; MONTERÍA; CÓRDOBA; 8,631620; -75,764520 ; 8563; en todos los riesgos, el riesgo de contaminacioon se refiere a la contanminacion a la carga con sustancias prohibidad u otros elementos ilicitos?"
TOLIMA,IBAGUÉ,LA MIEL,"4,365570","-75,134350",5731,"¿Cómo se califica LA MIEL; IBAGUÉ; TOLIMA; 4,365570; -75,134350 ; 5731; en todos los riesgos, el riesgo de contaminacioon se refiere a la contanminacion a la carga con sustancias prohibidad u otros elementos ilicitos?"
CUNDINAMARCA,FUNZA,FUNZA,"4,681110","-74,153560",283,"¿Cómo se califica FUNZA; FUNZA; CUNDINAMARCA; 4,681110; -74,153560 ; 283; en todos los riesgos, el riesgo de contaminacioon se refiere a la contanminacion a la carga con sustancias prohibidad u otros elementos ilicitos?"
CUNDINAMARCA,GUADUAS,GUADUERO,"5,134520","-74,591090",4265,"¿Cómo se califica GUADUERO; GUADUAS; CUNDINAMARCA; 5,134520; -74,591090 ; 4265; en todos los riesgos, el riesgo de contaminacioon se refiere a la contanminacion a la carga con sustancias prohibidad u otros elementos ilicitos?"
CUNDINAMARCA,COTA,RESGUARDO INDIGENA MUISCA DE COTA,"4,832840","-74,134020",9192,"¿Cómo se califica RESGUARDO INDIGENA MUISCA DE COTA; COTA; CUNDINAMARCA; 4,832840; -74,134020 ; 9192; en todos los riesgos, el riesgo de contaminacioon se refiere a la contanminacion a la carga con sustancias prohibidad u otros elementos ilicitos?"
VALLE DEL CAUCA,GUADALAJARA DE BUGA,SAN ANTONIO,"3,950650","-76,273380",905,"¿Cómo se califica SAN ANTONIO; GUADALAJARA DE BUGA; VALLE DEL CAUCA; 3,950650; -76,273380 ; 905; en todos los riesgos, el riesgo de contaminacioon se refiere a la contanminacion a la carga con sustancias prohibidad u otros elementos ilicitos?"
TOLIMA,IBAGUÉ,MARTINICA PARTE ALTA,"4,419250","-75,247460",5413,"¿Cómo se califica MARTINICA PARTE ALTA; IBAGUÉ; TOLIMA; 4,419250; -75,247460 ; 5413; en todos los riesgos, el riesgo de contaminacioon se refiere a la contanminacion a la carga con sustancias prohibidad u otros elementos ilicitos?"
VALLE DEL CAUCA,GUADALAJARA DE BUGA,LA UNIDAD,"3,851660","-76,297370",625,"¿Cómo se califica LA UNIDAD; GUADALAJARA DE BUGA; VALLE DEL CAUCA; 3,851660; -76,297370 ; 625; en todos los riesgos, el riesgo de contaminacioon se refiere a la contanminacion a la carga con sustancias prohibidad u otros elementos ilicitos?"
CÓRDOBA,MONTERÍA,LOS GARZONES,"8,799430","-75,850130",8836,"¿Cómo se califica LOS GARZONES; MONTERÍA; CÓRDOBA; 8,799430; -75,850130 ; 8836; en todos los riesgos, el riesgo de contaminacioon se refiere a la contanminacion a la carga con sustancias prohibidad u otros elementos ilicitos?"
ANTIOQUIA,ITAGÜÍ,EL PORVENIR,"6,182180","-75,589450",262,"¿Cómo se califica EL PORVENIR; ITAGÜÍ; ANTIOQUIA; 6,182180; -75,589450 ; 262; en todos los riesgos, el riesgo de contaminacioon se refiere a la contanminacion a la carga con sustancias prohibidad u otros elementos ilicitos?"
TOLIMA,IBAGUÉ,BUENOS AIRES,"4,339080","-75,101220",5863,"¿Cómo se califica BUENOS AIRES; IBAGUÉ; TOLIMA; 4,339080; -75,101220 ; 5863; en todos los riesgos, el riesgo de contaminacioon se refiere a la contanminacion a la carga con sustancias prohibidad u otros elementos ilicitos?"
CUNDINAMARCA,GUADUAS,GUADUERO,"5,230470","-74,574400",5310,"¿Cómo se califica GUADUERO; GUADUAS; CUNDINAMARCA; 5,230470; -74,574400 ; 5310; en todos los riesgos, el riesgo de contaminacioon se refiere a la contanminacion a la carga con sustancias prohibidad u otros elementos ilicitos?"
ANTIOQUIA,EL BAGRE,LAS SARDINAS EL PUENTE,"7,565530","-74,880900",9043,"¿Cómo se califica LAS SARDINAS EL PUENTE; EL BAGRE; ANTIOQUIA; 7,565530; -74,880900 ; 9043; en todos los riesgos, el riesgo de contaminacioon se refiere a la contanminacion a la carga con sustancias prohibidad u otros elementos ilicitos?"
VALLE DEL CAUCA,GUADALAJARA DE BUGA,ZANJÓN HONDO,"3,831980","-76,301160",595,"¿Cómo se califica ZANJÓN HONDO; GUADALAJARA DE BUGA; VALLE DEL CAUCA; 3,831980; -76,301160 ; 595; en todos los riesgos, el riesgo de contaminacioon se refiere a la contanminacion a la carga con sustancias prohibidad u otros elementos ilicitos?"
ANTIOQUIA,MACEO,LA FLORESTA,"6,465560","-74,675660",6848,"¿Cómo se califica LA FLORESTA; MACEO; ANTIOQUIA; 6,465560; -74,675660 ; 6848; en todos los riesgos, el riesgo de contaminacioon se refiere a la contanminacion a la carga con sustancias prohibidad u otros elementos ilicitos?"
CALDAS,LA DORADA,DOÑA JUANA,"5,557250","-74,625600",4752,"¿Cómo se califica DOÑA JUANA; LA DORADA; CALDAS; 5,557250; -74,625600 ; 4752; en todos los riesgos, el riesgo de contaminacioon se refiere a la contanminacion a la carga con sustancias prohibidad u otros elementos ilicitos?"
SUCRE,MORROA,BREMEN,"9,291590","-75,352300",12530,"¿Cómo se califica BREMEN; MORROA; SUCRE; 9,291590; -75,352300 ; 12530; en todos los riesgos, el riesgo de contaminacioon se refiere a la contanminacion a la carga con sustancias prohibidad u otros elementos ilicitos?"
TOLIMA,IBAGUÉ,LAURELES,"4,412690","-75,361060",4633,"¿Cómo se califica LAURELES; IBAGUÉ; TOLIMA; 4,412690; -75,361060 ; 4633; en todos los riesgos, el riesgo de contaminacioon se refiere a la contanminacion a la carga con sustancias prohibidad u otros elementos ilicitos?"
CUNDINAMARCA,GIRARDOT,BARZALOSA,"4,339390","-74,804470",7038,"¿Cómo se califica BARZALOSA; GIRARDOT; CUNDINAMARCA; 4,339390; -74,804470 ; 7038; en todos los riesgos, el riesgo de contaminacioon se refiere a la contanminacion a la carga con sustancias prohibidad u otros elementos ilicitos?"
TOLIMA,IBAGUÉ,TAPIAS,"4,424890","-75,386890",4459,"¿Cómo se califica TAPIAS; IBAGUÉ; TOLIMA; 4,424890; -75,386890 ; 4459; en todos los riesgos, el riesgo de contaminacioon se refiere a la contanminacion a la carga con sustancias prohibidad u otros elementos ilicitos?"
BOLÍVAR,EL CARMEN DE BOLÍVAR,EL CARMEN DE BOLÍVAR,"9,690150","-75,119630",11685,"¿Cómo se califica EL CARMEN DE BOLÍVAR; EL CARMEN DE BOLÍVAR; BOLÍVAR; 9,690150; -75,119630 ; 11685; en todos los riesgos, el riesgo de contaminacioon se refiere a la contanminacion a la carga con sustancias prohibidad u otros elementos ilicitos?"
CÓRDOBA,LA APARTADA,CAMPO ALEGRE,"7,990640","-75,223290",9750,"¿Cómo se califica CAMPO ALEGRE; LA APARTADA; CÓRDOBA; 7,990640; -75,223290 ; 9750; en todos los riesgos, el riesgo de contaminacioon se refiere a la contanminacion a la carga con sustancias prohibidad u otros elementos ilicitos?"
SUCRE,LOS PALMITOS,EL PIÑAL,"9,423470","-75,245250",13063,"¿Cómo se califica EL PIÑAL; LOS PALMITOS; SUCRE; 9,423470; -75,245250 ; 13063; en todos los riesgos, el riesgo de contaminacioon se refiere a la contanminacion a la carga con sustancias prohibidad u otros elementos ilicitos?"
SUCRE,LOS PALMITOS,EL PIÑAL,"9,423470","-75,245250",10977,"¿Cómo se califica EL PIÑAL; LOS PALMITOS; SUCRE; 9,423470; -75,245250 ; 10977; en todos los riesgos, el riesgo de contaminacioon se refiere a la contanminacion a la carga con sustancias prohibidad u otros elementos ilicitos?"
SUCRE,MORROA,MORROA,"9,318530","-75,320450",12649,"¿Cómo se califica MORROA; MORROA; SUCRE; 9,318530; -75,320450 ; 12649; en todos los riesgos, el riesgo de contaminacioon se refiere a la contanminacion a la carga con sustancias prohibidad u otros elementos ilicitos?"
ATLÁNTICO,JUAN DE ACOSTA,JUAN DE ACOSTA,"10,854920","-75,061030",14866,"¿Cómo se califica JUAN DE ACOSTA; JUAN DE ACOSTA; ATLÁNTICO; 10,854920; -75,061030 ; 14866; en todos los riesgos, el riesgo de contaminacioon se refiere a la contanminacion a la carga con sustancias prohibidad u otros elementos ilicitos?"
VALLE DEL CAUCA,GUACARÍ,SONSO,"3,790530","-76,315500",493,"¿Cómo se califica SONSO; GUACARÍ; VALLE DEL CAUCA; 3,790530; -76,315500 ; 493; en todos los riesgos, el riesgo de contaminacioon se refiere a la contanminacion a la carga con sustancias prohibidad u otros elementos ilicitos?"
TOLIMA,IBAGUÉ,ALTO DE GUALANDAY,"4,313830","-75,062100",6020,"¿Cómo se califica ALTO DE GUALANDAY; IBAGUÉ; TOLIMA; 4,313830; -75,062100 ; 6020; en todos los riesgos, el riesgo de contaminacioon se refiere a la contanminacion a la carga con sustancias prohibidad u otros elementos ilicitos?"
BOLÍVAR,EL GUAMO,SAN JOSÉ DE LATA,"10,044830","-75,078910",14529,"¿Cómo se califica SAN JOSÉ DE LATA; EL GUAMO; BOLÍVAR; 10,044830; -75,078910 ; 14529; en todos los riesgos, el riesgo de contaminacioon se refiere a la contanminacion a la carga con sustancias prohibidad u otros elementos ilicitos?"
CUNDINAMARCA,LA VEGA,LA VEGA,"5,028380","-74,366180",7557,"¿Cómo se califica LA VEGA; LA VEGA; CUNDINAMARCA; 5,028380; -74,366180 ; 7557; en todos los riesgos, el riesgo de contaminacioon se refiere a la contanminacion a la carga con sustancias prohibidad u otros elementos ilicitos?"
ANTIOQUIA,MARINILLA,MARINILLA,"6,175980","-75,353900",1391,"¿Cómo se califica MARINILLA; MARINILLA; ANTIOQUIA; 6,175980; -75,353900 ; 1391; en todos los riesgos, el riesgo de contaminacioon se refiere a la contanminacion a la carga con sustancias prohibidad u otros elementos ilicitos?"
QUINDÍO,LA TEBAIDA,FUNDACIÓN AMANECER,"4,435500","-75,856990",2197,"¿Cómo se califica FUNDACIÓN AMANECER; LA TEBAIDA; QUINDÍO; 4,435500; -75,856990 ; 2197; en todos los riesgos, el riesgo de contaminacioon se refiere a la contanminacion a la carga con sustancias prohibidad u otros elementos ilicitos?"
SUCRE,MORROA,SABANAS DE CALI,"9,346460","-75,284000",10757,"¿Cómo se califica SABANAS DE CALI; MORROA; SUCRE; 9,346460; -75,284000 ; 10757; en todos los riesgos, el riesgo de contaminacioon se refiere a la contanminacion a la carga con sustancias prohibidad u otros elementos ilicitos?"
ANTIOQUIA,ITAGÜÍ,ITAGÜÍ,"6,161770","-75,608380",191,"¿Cómo se califica ITAGÜÍ; ITAGÜÍ; ANTIOQUIA; 6,161770; -75,608380 ; 191; en todos los riesgos, el riesgo de contaminacioon se refiere a la contanminacion a la carga con sustancias prohibidad u otros elementos ilicitos?"
TOLIMA,IBAGUÉ,EL TOTUMO,"4,407990","-75,184470",5555,"¿Cómo se califica EL TOTUMO; IBAGUÉ; TOLIMA; 4,407990; -75,184470 ; 5555; en todos los riesgos, el riesgo de contaminacioon se refiere a la contanminacion a la carga con sustancias prohibidad u otros elementos ilicitos?"
CÓRDOBA,LA APARTADA,CAMPO ALEGRE,"7,990640","-75,223290",7836,"¿Cómo se califica CAMPO ALEGRE; LA APARTADA; CÓRDOBA; 7,990640; -75,223290 ; 7836; en todos los riesgos, el riesgo de contaminacioon se refiere a la contanminacion a la carga con sustancias prohibidad u otros elementos ilicitos?"
MAGDALENA,EL PIÑÓN,EL PIÑÓN,"10,403970","-74,857670",13026,"¿Cómo se califica EL PIÑÓN; EL PIÑÓN; MAGDALENA; 10,403970; -74,857670 ; 13026; en todos los riesgos, el riesgo de contaminacioon se refiere a la contanminacion a la carga con sustancias prohibidad u otros elementos ilicitos?"
CÓRDOBA,LA APARTADA,LA APARTADA,"8,028450","-75,292660",7782,"¿Cómo se califica LA APARTADA; LA APARTADA; CÓRDOBA; 8,028450; -75,292660 ; 7782; en todos los riesgos, el riesgo de contaminacioon se refiere a la contanminacion a la carga con sustancias prohibidad u otros elementos ilicitos?"
ANTIOQUIA,ITAGÜÍ,ITAGÜÍ,"6,175080","-75,612050",1,"¿Cómo se califica ITAGÜÍ; ITAGÜÍ; ANTIOQUIA; 6,175080; -75,612050 ; 1; en todos los riesgos, el riesgo de contaminacioon se refiere a la contanminacion a la carga con sustancias prohibidad u otros elementos ilicitos?"
ANTIOQUIA,MACEO,SAN JOSÉ DEL NUS (JOSÉ DE NUESTRA SEÑORA),"6,507520","-74,782840",7296,"¿Cómo se califica SAN JOSÉ DEL NUS (JOSÉ DE NUESTRA SEÑORA); MACEO; ANTIOQUIA; 6,507520; -74,782840 ; 7296; en todos los riesgos, el riesgo de contaminacioon se refiere a la contanminacion a la carga con sustancias prohibidad u otros elementos ilicitos?"
CUNDINAMARCA,NEMOCÓN,EL ORATORIO,"5,079630","-73,933650",12006,"¿Cómo se califica EL ORATORIO; NEMOCÓN; CUNDINAMARCA; 5,079630; -73,933650 ; 12006; en todos los riesgos, el riesgo de contaminacioon se refiere a la contanminacion a la carga con sustancias prohibidad u otros elementos ilicitos?"
CALDAS,LA DORADA,DOÑA JUANA,"5,514130","-74,637240",4905,"¿Cómo se califica DOÑA JUANA; LA DORADA; CALDAS; 5,514130; -74,637240 ; 4905; en todos los riesgos, el riesgo de contaminacioon se refiere a la contanminacion a la carga con sustancias prohibidad u otros elementos ilicitos?"
CUNDINAMARCA,LA CALERA,LA CALERA,"4,701320","-73,981230",11080,"¿Cómo se califica LA CALERA; LA CALERA; CUNDINAMARCA; 4,701320; -73,981230 ; 11080; en todos los riesgos, el riesgo de contaminacioon se refiere a la contanminacion a la carga con sustancias prohibidad u otros elementos ilicitos?"
ANTIOQUIA,LA ESTRELLA,LA ESTRELLA,"6,145700","-75,637350",1,"¿Cómo se califica LA ESTRELLA; LA ESTRELLA; ANTIOQUIA; 6,145700; -75,637350 ; 1; en todos los riesgos, el riesgo de contaminacioon se refiere a la contanminacion a la carga con sustancias prohibidad u otros elementos ilicitos?"
ANTIOQUIA,EL SANTUARIO,EL SANTUARIO,"6,143570","-75,307740",1579,"¿Cómo se califica EL SANTUARIO; EL SANTUARIO; ANTIOQUIA; 6,143570; -75,307740 ; 1579; en todos los riesgos, el riesgo de contaminacioon se refiere a la contanminacion a la carga con sustancias prohibidad u otros elementos ilicitos?"
CÓRDOBA,LA APARTADA,LA APARTADA,"8,028450","-75,292660",7912,"¿Cómo se califica LA APARTADA; LA APARTADA; CÓRDOBA; 8,028450; -75,292660 ; 7912; en todos los riesgos, el riesgo de contaminacioon se refiere a la contanminacion a la carga con sustancias prohibidad u otros elementos ilicitos?"
ANTIOQUIA,MEDELLÍN,"MEDELLÍN, DISTRITO ESPECIAL DE CIENCIA, TECNOLOGÍA E INNOVACIÓN","6,216980","-75,577110",185,"¿Cómo se califica MEDELLÍN, DISTRITO ESPECIAL DE CIENCIA, TECNOLOGÍA E INNOVACIÓN; MEDELLÍN; ANTIOQUIA; 6,216980; -75,577110 ; 185; en todos los riesgos, el riesgo de contaminacioon se refiere a la contanminacion a la carga con sustancias prohibidad u otros elementos ilicitos?"
CUNDINAMARCA,MADRID,PUENTE DE PIEDRA,"4,821970","-74,233200",8595,"¿Cómo se califica PUENTE DE PIEDRA; MADRID; CUNDINAMARCA; 4,821970; -74,233200 ; 8595; en todos los riesgos, el riesgo de contaminacioon se refiere a la contanminacion a la carga con sustancias prohibidad u otros elementos ilicitos?"
ATLÁNTICO,PALMAR DE VARELA,PALMAR DE VARELA,"10,705010","-74,750530",15506,"¿Cómo se califica PALMAR DE VARELA; PALMAR DE VARELA; ATLÁNTICO; 10,705010; -74,750530 ; 15506; en todos los riesgos, el riesgo de contaminacioon se refiere a la contanminacion a la carga con sustancias prohibidad u otros elementos ilicitos?"
QUINDÍO,LA TEBAIDA,LA TEBAIDA,"4,451910","-75,800930",2272,"¿Cómo se califica LA TEBAIDA; LA TEBAIDA; QUINDÍO; 4,451910; -75,800930 ; 2272; en todos los riesgos, el riesgo de contaminacioon se refiere a la contanminacion a la carga con sustancias prohibidad u otros elementos ilicitos?"
CUNDINAMARCA,LA MESA,SAN JAVIER,"4,643590","-74,448390",8664,"¿Cómo se califica SAN JAVIER; LA MESA; CUNDINAMARCA; 4,643590; -74,448390 ; 8664; en todos los riesgos, el riesgo de contaminacioon se refiere a la contanminacion a la carga con sustancias prohibidad u otros elementos ilicitos?"
CUNDINAMARCA,LA MESA,LA MESA,"4,591080","-74,489100",8322,"¿Cómo se califica LA MESA; LA MESA; CUNDINAMARCA; 4,591080; -74,489100 ; 8322; en todos los riesgos, el riesgo de contaminacioon se refiere a la contanminacion a la carga con sustancias prohibidad u otros elementos ilicitos?"
CUNDINAMARCA,FUNZA,FUNZA,"4,742620","-74,174280",9406,"¿Cómo se califica FUNZA; FUNZA; CUNDINAMARCA; 4,742620; -74,174280 ; 9406; en todos los riesgos, el riesgo de contaminacioon se refiere a la contanminacion a la carga con sustancias prohibidad u otros elementos ilicitos?"
CALDAS,LA DORADA,LA AGUSTINA,"5,675690","-74,612800",4730,"¿Cómo se califica LA AGUSTINA; LA DORADA; CALDAS; 5,675690; -74,612800 ; 4730; en todos los riesgos, el riesgo de contaminacioon se refiere a la contanminacion a la carga con sustancias prohibidad u otros elementos ilicitos?"
ANTIOQUIA,GIRARDOTA,EL PARAÍSO,"6,383780","-75,464940",1183,"¿Cómo se califica EL PARAÍSO; GIRARDOTA; ANTIOQUIA; 6,383780; -75,464940 ; 1183; en todos los riesgos, el riesgo de contaminacioon se refiere a la contanminacion a la carga con sustancias prohibidad u otros elementos ilicitos?"
ATLÁNTICO,MALAMBO,MALAMBO,"10,824970","-74,767910",13693,"¿Cómo se califica MALAMBO; MALAMBO; ATLÁNTICO; 10,824970; -74,767910 ; 13693; en todos los riesgos, el riesgo de contaminacioon se refiere a la contanminacion a la carga con sustancias prohibidad u otros elementos ilicitos?"
SUCRE,OVEJAS,PEDREGAL,"9,549260","-75,217060",11373,"¿Cómo se califica PEDREGAL; OVEJAS; SUCRE; 9,549260; -75,217060 ; 11373; en todos los riesgos, el riesgo de contaminacioon se refiere a la contanminacion a la carga con sustancias prohibidad u otros elementos ilicitos?"
VALLE DEL CAUCA,PALMIRA,PALMIRA,"3,531590","-76,299090",1,"¿Cómo se califica PALMIRA; PALMIRA; VALLE DEL CAUCA; 3,531590; -76,299090 ; 1; en todos los riesgos, el riesgo de contaminacioon se refiere a la contanminacion a la carga con sustancias prohibidad u otros elementos ilicitos?"
SUCRE,LOS PALMITOS,LOS PALMITOS,"9,371890","-75,272920",12908,"¿Cómo se califica LOS PALMITOS; LOS PALMITOS; SUCRE; 9,371890; -75,272920 ; 12908; en todos los riesgos, el riesgo de contaminacioon se refiere a la contanminacion a la carga con sustancias prohibidad u otros elementos ilicitos?"
ANTIOQUIA,LA ESTRELLA,LA ESTRELLA,"6,145700","-75,637350",1,"¿Cómo se califica LA ESTRELLA; LA ESTRELLA; ANTIOQUIA; 6,145700; -75,637350 ; 1; en todos los riesgos, el riesgo de contaminacioon se refiere a la contanminacion a la carga con sustancias prohibidad u otros elementos ilicitos?"
TOLIMA,FLANDES,CONDOMINIO VILLA ESPERANZA,"4,246800","-74,878290",6635,"¿Cómo se califica CONDOMINIO VILLA ESPERANZA; FLANDES; TOLIMA; 4,246800; -74,878290 ; 6635; en todos los riesgos, el riesgo de contaminacioon se refiere a la contanminacion a la carga con sustancias prohibidad u otros elementos ilicitos?"
QUINDÍO,LA TEBAIDA,CONDOMINIO MORACAWA,"4,449440","-75,816440",2254,"¿Cómo se califica CONDOMINIO MORACAWA; LA TEBAIDA; QUINDÍO; 4,449440; -75,816440 ; 2254; en todos los riesgos, el riesgo de contaminacioon se refiere a la contanminacion a la carga con sustancias prohibidad u otros elementos ilicitos?"
VALLE DEL CAUCA,GUACARÍ,GUACAS,"3,777530","-76,325780",476,"¿Cómo se califica GUACAS; GUACARÍ; VALLE DEL CAUCA; 3,777530; -76,325780 ; 476; en todos los riesgos, el riesgo de contaminacioon se refiere a la contanminacion a la carga con sustancias prohibidad u otros elementos ilicitos?"
CUNDINAMARCA,MOSQUERA,MOSQUERA,"4,701620","-74,231050",10052,"¿Cómo se califica MOSQUERA; MOSQUERA; CUNDINAMARCA; 4,701620; -74,231050 ; 10052; en todos los riesgos, el riesgo de contaminacioon se refiere a la contanminacion a la carga con sustancias prohibidad u otros elementos ilicitos?"
CÓRDOBA,PLANETA RICA,EL REPARO,"8,368850","-75,565190",10203,"¿Cómo se califica EL REPARO; PLANETA RICA; CÓRDOBA; 8,368850; -75,565190 ; 10203; en todos los riesgos, el riesgo de contaminacioon se refiere a la contanminacion a la carga con sustancias prohibidad u otros elementos ilicitos?"
CÓRDOBA,LORICA,MATA DE CAÑA,"9,058890","-75,824480",9250,"¿Cómo se califica MATA DE CAÑA; LORICA; CÓRDOBA; 9,058890; -75,824480 ; 9250; en todos los riesgos, el riesgo de contaminacioon se refiere a la contanminacion a la carga con sustancias prohibidad u otros elementos ilicitos?"
CÓRDOBA,LORICA,SANTA CRUZ DE LORICA,"9,216730","-75,813540",9431,"¿Cómo se califica SANTA CRUZ DE LORICA; LORICA; CÓRDOBA; 9,216730; -75,813540 ; 9431; en todos los riesgos, el riesgo de contaminacioon se refiere a la contanminacion a la carga con sustancias prohibidad u otros elementos ilicitos?"
ATLÁNTICO,MALAMBO,MALAMBO,"10,824970","-74,767910",15778,"¿Cómo se califica MALAMBO; MALAMBO; ATLÁNTICO; 10,824970; -74,767910 ; 15778; en todos los riesgos, el riesgo de contaminacioon se refiere a la contanminacion a la carga con sustancias prohibidad u otros elementos ilicitos?"
CUNDINAMARCA,FACATATIVÁ,SANTA MARTHA - LA ESPERANZA,"4,782070","-74,326410",718,"¿Cómo se califica SANTA MARTHA - LA ESPERANZA; FACATATIVÁ; CUNDINAMARCA; 4,782070; -74,326410 ; 718; en todos los riesgos, el riesgo de contaminacioon se refiere a la contanminacion a la carga con sustancias prohibidad u otros elementos ilicitos?"
CÓRDOBA,LORICA,LA PALMA,"9,181590","-75,815460",9398,"¿Cómo se califica LA PALMA; LORICA; CÓRDOBA; 9,181590; -75,815460 ; 9398; en todos los riesgos, el riesgo de contaminacioon se refiere a la contanminacion a la carga con sustancias prohibidad u otros elementos ilicitos?"
CÓRDOBA,MONTERÍA,EL DOCE,"8,665120","-75,792560",8601,"¿Cómo se califica EL DOCE; MONTERÍA; CÓRDOBA; 8,665120; -75,792560 ; 8601; en todos los riesgos, el riesgo de contaminacioon se refiere a la contanminacion a la carga con sustancias prohibidad u otros elementos ilicitos?"
CÓRDOBA,LORICA,COTOCA ARRIBA,"9,119210","-75,825660",9308,"¿Cómo se califica COTOCA ARRIBA; LORICA; CÓRDOBA; 9,119210; -75,825660 ; 9308; en todos los riesgos, el riesgo de contaminacioon se refiere a la contanminacion a la carga con sustancias prohibidad u otros elementos ilicitos?"
CÓRDOBA,PLANETA RICA,LAS PELONAS,"8,429200","-75,557770",10343,"¿Cómo se califica LAS PELONAS; PLANETA RICA; CÓRDOBA; 8,429200; -75,557770 ; 10343; en todos los riesgos, el riesgo de contaminacioon se refiere a la contanminacion a la carga con sustancias prohibidad u otros elementos ilicitos?"
ANTIOQUIA,ENVIGADO,ENVIGADO,"6,176100","-75,594260",235,"¿Cómo se califica ENVIGADO; ENVIGADO; ANTIOQUIA; 6,176100; -75,594260 ; 235; en todos los riesgos, el riesgo de contaminacioon se refiere a la contanminacion a la carga con sustancias prohibidad u otros elementos ilicitos?"
CUNDINAMARCA,MADRID,MADRID,"4,740180","-74,247670",576,"¿Cómo se califica MADRID; MADRID; CUNDINAMARCA; 4,740180; -74,247670 ; 576; en todos los riesgos, el riesgo de contaminacioon se refiere a la contanminacion a la carga con sustancias prohibidad u otros elementos ilicitos?"
CÓRDOBA,LA APARTADA,LA APARTADA,"8,028450","-75,292660",9826,"¿Cómo se califica LA APARTADA; LA APARTADA; CÓRDOBA; 8,028450; -75,292660 ; 9826; en todos los riesgos, el riesgo de contaminacioon se refiere a la contanminacion a la carga con sustancias prohibidad u otros elementos ilicitos?"
CUNDINAMARCA,FACATATIVÁ,LA YERBABUENA,"4,843410","-74,397870",939,"¿Cómo se califica LA YERBABUENA; FACATATIVÁ; CUNDINAMARCA; 4,843410; -74,397870 ; 939; en todos los riesgos, el riesgo de contaminacioon se refiere a la contanminacion a la carga con sustancias prohibidad u otros elementos ilicitos?"
CUNDINAMARCA,MADRID,LA CUESTA,"4,822570","-74,194270",8811,"¿Cómo se califica LA CUESTA; MADRID; CUNDINAMARCA; 4,822570; -74,194270 ; 8811; en todos los riesgos, el riesgo de contaminacioon se refiere a la contanminacion a la carga con sustancias prohibidad u otros elementos ilicitos?"
SUCRE,MORROA,EL RINCÓN,"9,360500","-75,280410",12872,"¿Cómo se califica EL RINCÓN; MORROA; SUCRE; 9,360500; -75,280410 ; 12872; en todos los riesgos, el riesgo de contaminacioon se refiere a la contanminacion a la carga con sustancias prohibidad u otros elementos ilicitos?"
CÓRDOBA,MONTERÍA,BESITO VOLAO,"8,713130","-75,833110",8652,"¿Cómo se califica BESITO VOLAO; MONTERÍA; CÓRDOBA; 8,713130; -75,833110 ; 8652; en todos los riesgos, el riesgo de contaminacioon se refiere a la contanminacion a la carga con sustancias prohibidad u otros elementos ilicitos?"
CÓRDOBA,PLANETA RICA,EL REPARO,"8,368850","-75,565190",8289,"¿Cómo se califica EL REPARO; PLANETA RICA; CÓRDOBA; 8,368850; -75,565190 ; 8289; en todos los riesgos, el riesgo de contaminacioon se refiere a la contanminacion a la carga con sustancias prohibidad u otros elementos ilicitos?"
CUNDINAMARCA,FUNZA,SAN ANTONIO LOS PINOS,"4,717610","-74,238330",538,"¿Cómo se califica SAN ANTONIO LOS PINOS; FUNZA; CUNDINAMARCA; 4,717610; -74,238330 ; 538; en todos los riesgos, el riesgo de contaminacioon se refiere a la contanminacion a la carga con sustancias prohibidad u otros elementos ilicitos?"
ANTIOQUIA,MEDELLÍN,"MEDELLÍN, DISTRITO ESPECIAL DE CIENCIA, TECNOLOGÍA E INNOVACIÓN","6,211880","-75,566660",507,"¿Cómo se califica MEDELLÍN, DISTRITO ESPECIAL DE CIENCIA, TECNOLOGÍA E INNOVACIÓN; MEDELLÍN; ANTIOQUIA; 6,211880; -75,566660 ; 507; en todos los riesgos, el riesgo de contaminacioon se refiere a la contanminacion a la carga con sustancias prohibidad u otros elementos ilicitos?"
CÓRDOBA,BUENAVISTA,PUERTO CÓRDOBA,"8,067440","-75,357470",9898,"¿Cómo se califica PUERTO CÓRDOBA; BUENAVISTA; CÓRDOBA; 8,067440; -75,357470 ; 9898; en todos los riesgos, el riesgo de contaminacioon se refiere a la contanminacion a la carga con sustancias prohibidad u otros elementos ilicitos?"
CUNDINAMARCA,GACHANCIPÁ,EL ROBLE SUR,"4,978740","-73,904410",11748,"¿Cómo se califica EL ROBLE SUR; GACHANCIPÁ; CUNDINAMARCA; 4,978740; -73,904410 ; 11748; en todos los riesgos, el riesgo de contaminacioon se refiere a la contanminacion a la carga con sustancias prohibidad u otros elementos ilicitos?"
ANTIOQUIA,MEDELLÍN,SANTA ELENA,"6,222340","-75,508580",745,"¿Cómo se califica SANTA ELENA; MEDELLÍN; ANTIOQUIA; 6,222340; -75,508580 ; 745; en todos los riesgos, el riesgo de contaminacioon se refiere a la contanminacion a la carga con sustancias prohibidad u otros elementos ilicitos?"
CUNDINAMARCA,NEMOCÓN,PATIO BONITO,"5,125840","-73,906180",12061,"¿Cómo se califica PATIO BONITO; NEMOCÓN; CUNDINAMARCA; 5,125840; -73,906180 ; 12061; en todos los riesgos, el riesgo de contaminacioon se refiere a la contanminacion a la carga con sustancias prohibidad u otros elementos ilicitos?"
SUCRE,MORROA,LAS FLORES,"9,317720","-75,332580",10522,"¿Cómo se califica LAS FLORES; MORROA; SUCRE; 9,317720; -75,332580 ; 10522; en todos los riesgos, el riesgo de contaminacioon se refiere a la contanminacion a la carga con sustancias prohibidad u otros elementos ilicitos?"
CÓRDOBA,PLANETA RICA,PAMPLONA,"8,330480","-75,546010",8114,"¿Cómo se califica PAMPLONA; PLANETA RICA; CÓRDOBA; 8,330480; -75,546010 ; 8114; en todos los riesgos, el riesgo de contaminacioon se refiere a la contanminacion a la carga con sustancias prohibidad u otros elementos ilicitos?"
SUCRE,LOS PALMITOS,EL COLEY,"9,355290","-75,283870",12867,"¿Cómo se califica EL COLEY; LOS PALMITOS; SUCRE; 9,355290; -75,283870 ; 12867; en todos los riesgos, el riesgo de contaminacioon se refiere a la contanminacion a la carga con sustancias prohibidad u otros elementos ilicitos?"
ANTIOQUIA,MEDELLÍN,"MEDELLÍN, DISTRITO ESPECIAL DE CIENCIA, TECNOLOGÍA E INNOVACIÓN","6,216980","-75,577110",317,"¿Cómo se califica MEDELLÍN, DISTRITO ESPECIAL DE CIENCIA, TECNOLOGÍA E INNOVACIÓN; MEDELLÍN; ANTIOQUIA; 6,216980; -75,577110 ; 317; en todos los riesgos, el riesgo de contaminacioon se refiere a la contanminacion a la carga con sustancias prohibidad u otros elementos ilicitos?"
CUNDINAMARCA,CHÍA,EL ESPEJO,"4,858810","-74,062690",11272,"¿Cómo se califica EL ESPEJO; CHÍA; CUNDINAMARCA; 4,858810; -74,062690 ; 11272; en todos los riesgos, el riesgo de contaminacioon se refiere a la contanminacion a la carga con sustancias prohibidad u otros elementos ilicitos?"
CUNDINAMARCA,GIRARDOT,GIRARDOT,"4,292910","-74,805140",6865,"¿Cómo se califica GIRARDOT; GIRARDOT; CUNDINAMARCA; 4,292910; -74,805140 ; 6865; en todos los riesgos, el riesgo de contaminacioon se refiere a la contanminacion a la carga con sustancias prohibidad u otros elementos ilicitos?"
ANTIOQUIA,MEDELLÍN,TCC Principal,"6,255620","-75,573530",305,"¿Cómo se califica TCC Principal; MEDELLÍN; ANTIOQUIA; 6,255620; -75,573530 ; 305; en todos los riesgos, el riesgo de contaminacioon se refiere a la contanminacion a la carga con sustancias prohibidad u otros elementos ilicitos?"
CUNDINAMARCA,PUERTO SALGAR,COLORADOS,"5,445770","-74,598770",4760,"¿Cómo se califica COLORADOS; PUERTO SALGAR; CUNDINAMARCA; 5,445770; -74,598770 ; 4760; en todos los riesgos, el riesgo de contaminacioon se refiere a la contanminacion a la carga con sustancias prohibidad u otros elementos ilicitos?"
SUCRE,OVEJAS,SAN FRANCISCO,"9,601880","-75,180190",13573,"¿Cómo se califica SAN FRANCISCO; OVEJAS; SUCRE; 9,601880; -75,180190 ; 13573; en todos los riesgos, el riesgo de contaminacioon se refiere a la contanminacion a la carga con sustancias prohibidad u otros elementos ilicitos?"
ATLÁNTICO,PONEDERA,PONEDERA,"10,617500","-74,767280",15401,"¿Cómo se califica PONEDERA; PONEDERA; ATLÁNTICO; 10,617500; -74,767280 ; 15401; en todos los riesgos, el riesgo de contaminacioon se refiere a la contanminacion a la carga con sustancias prohibidad u otros elementos ilicitos?"
SUCRE,MORROA,EL RINCÓN,"9,360500","-75,280410",10786,"¿Cómo se califica EL RINCÓN; MORROA; SUCRE; 9,360500; -75,280410 ; 10786; en todos los riesgos, el riesgo de contaminacioon se refiere a la contanminacion a la carga con sustancias prohibidad u otros elementos ilicitos?"
CÓRDOBA,MONTERÍA,MONTERÍA,"8,730620","-75,848030",8682,"¿Cómo se califica MONTERÍA; MONTERÍA; CÓRDOBA; 8,730620; -75,848030 ; 8682; en todos los riesgos, el riesgo de contaminacioon se refiere a la contanminacion a la carga con sustancias prohibidad u otros elementos ilicitos?"
CÓRDOBA,LORICA,NARIÑO,"9,159120","-75,831790",9357,"¿Cómo se califica NARIÑO; LORICA; CÓRDOBA; 9,159120; -75,831790 ; 9357; en todos los riesgos, el riesgo de contaminacioon se refiere a la contanminacion a la carga con sustancias prohibidad u otros elementos ilicitos?"
CUNDINAMARCA,GUADUAS,LA CABAÑA,"5,041180","-74,581520",5804,"¿Cómo se califica LA CABAÑA; GUADUAS; CUNDINAMARCA; 5,041180; -74,581520 ; 5804; en todos los riesgos, el riesgo de contaminacioon se refiere a la contanminacion a la carga con sustancias prohibidad u otros elementos ilicitos?"
ANTIOQUIA,MEDELLÍN,TCC Principal,"6,255620","-75,573530",437,"¿Cómo se califica TCC Principal; MEDELLÍN; ANTIOQUIA; 6,255620; -75,573530 ; 437; en todos los riesgos, el riesgo de contaminacioon se refiere a la contanminacion a la carga con sustancias prohibidad u otros elementos ilicitos?"
SUCRE,OVEJAS,DAMASCO,"9,576570","-75,197940",11428,"¿Cómo se califica DAMASCO; OVEJAS; SUCRE; 9,576570; -75,197940 ; 11428; en todos los riesgos, el riesgo de contaminacioon se refiere a la contanminacion a la carga con sustancias prohibidad u otros elementos ilicitos?"
CUNDINAMARCA,NEMOCÓN,EL PLAN,"5,101620","-73,914190",12025,"¿Cómo se califica EL PLAN; NEMOCÓN; CUNDINAMARCA; 5,101620; -73,914190 ; 12025; en todos los riesgos, el riesgo de contaminacioon se refiere a la contanminacion a la carga con sustancias prohibidad u otros elementos ilicitos?"
ANTIOQUIA,PUERTO BERRÍO,DORADO - CALAMAR,"6,447870","-74,641020",6720,"¿Cómo se califica DORADO - CALAMAR; PUERTO BERRÍO; ANTIOQUIA; 6,447870; -74,641020 ; 6720; en todos los riesgos, el riesgo de contaminacioon se refiere a la contanminacion a la carga con sustancias prohibidad u otros elementos ilicitos?"
CÓRDOBA,PLANETA RICA,PLANETA RICA,"8,391850","-75,580230",10251,"¿Cómo se califica PLANETA RICA; PLANETA RICA; CÓRDOBA; 8,391850; -75,580230 ; 10251; en todos los riesgos, el riesgo de contaminacioon se refiere a la contanminacion a la carga con sustancias prohibidad u otros elementos ilicitos?"
SUCRE,MORROA,BREMEN,"9,291590","-75,352300",10444,"¿Cómo se califica BREMEN; MORROA; SUCRE; 9,291590; -75,352300 ; 10444; en todos los riesgos, el riesgo de contaminacioon se refiere a la contanminacion a la carga con sustancias prohibidad u otros elementos ilicitos?"
SUCRE,MORROA,LAS FLORES,"9,317720","-75,332580",12608,"¿Cómo se califica LAS FLORES; MORROA; SUCRE; 9,317720; -75,332580 ; 12608; en todos los riesgos, el riesgo de contaminacioon se refiere a la contanminacion a la carga con sustancias prohibidad u otros elementos ilicitos?"
CUNDINAMARCA,GUADUAS,GUADUAS,"5,129460","-74,590280",5446,"¿Cómo se califica GUADUAS; GUADUAS; CUNDINAMARCA; 5,129460; -74,590280 ; 5446; en todos los riesgos, el riesgo de contaminacioon se refiere a la contanminacion a la carga con sustancias prohibidad u otros elementos ilicitos?"
CUNDINAMARCA,NOCAIMA,TOBIA CHICA,"5,071640","-74,441680",7248,"¿Cómo se califica TOBIA CHICA; NOCAIMA; CUNDINAMARCA; 5,071640; -74,441680 ; 7248; en todos los riesgos, el riesgo de contaminacioon se refiere a la contanminacion a la carga con sustancias prohibidad u otros elementos ilicitos?"
CÓRDOBA,PLANETA RICA,EL REPARO,"8,368850","-75,565190",8159,"¿Cómo se califica EL REPARO; PLANETA RICA; CÓRDOBA; 8,368850; -75,565190 ; 8159; en todos los riesgos, el riesgo de contaminacioon se refiere a la contanminacion a la carga con sustancias prohibidad u otros elementos ilicitos?"
CÓRDOBA,PLANETA RICA,PAMPLONA,"8,330480","-75,546010",10158,"¿Cómo se califica PAMPLONA; PLANETA RICA; CÓRDOBA; 8,330480; -75,546010 ; 10158; en todos los riesgos, el riesgo de contaminacioon se refiere a la contanminacion a la carga con sustancias prohibidad u otros elementos ilicitos?"
CUNDINAMARCA,PUERTO SALGAR,COLORADOS,"5,505360","-74,627380",4848,"¿Cómo se califica COLORADOS; PUERTO SALGAR; CUNDINAMARCA; 5,505360; -74,627380 ; 4848; en todos los riesgos, el riesgo de contaminacioon se refiere a la contanminacion a la carga con sustancias prohibidad u otros elementos ilicitos?"
CÓRDOBA,PLANETA RICA,PLAZA BONITA,"8,268200","-75,503840",8027,"¿Cómo se califica PLAZA BONITA; PLANETA RICA; CÓRDOBA; 8,268200; -75,503840 ; 8027; en todos los riesgos, el riesgo de contaminacioon se refiere a la contanminacion a la carga con sustancias prohibidad u otros elementos ilicitos?"
CALDAS,LA DORADA,LA AGUSTINA,"5,568900","-74,624450",4967,"¿Cómo se califica LA AGUSTINA; LA DORADA; CALDAS; 5,568900; -74,624450 ; 4967; en todos los riesgos, el riesgo de contaminacioon se refiere a la contanminacion a la carga con sustancias prohibidad u otros elementos ilicitos?"
CUNDINAMARCA,MOSQUERA,MOSQUERA,"4,697430","-74,209680",435,"¿Cómo se califica MOSQUERA; MOSQUERA; CUNDINAMARCA; 4,697430; -74,209680 ; 435; en todos los riesgos, el riesgo de contaminacioon se refiere a la contanminacion a la carga con sustancias prohibidad u otros elementos ilicitos?"
CUNDINAMARCA,GIRARDOT,BERLÍN,"4,379330","-74,774060",7185,"¿Cómo se califica BERLÍN; GIRARDOT; CUNDINAMARCA; 4,379330; -74,774060 ; 7185; en todos los riesgos, el riesgo de contaminacioon se refiere a la contanminacion a la carga con sustancias prohibidad u otros elementos ilicitos?"
ANTIOQUIA,MEDELLÍN,EL PLAN,"6,223030","-75,544740",657,"¿Cómo se califica EL PLAN; MEDELLÍN; ANTIOQUIA; 6,223030; -75,544740 ; 657; en todos los riesgos, el riesgo de contaminacioon se refiere a la contanminacion a la carga con sustancias prohibidad u otros elementos ilicitos?"
ANTIOQUIA,PUERTO NARE,PUERTO NARE,"6,133510","-74,553180",5490,"¿Cómo se califica PUERTO NARE; PUERTO NARE; ANTIOQUIA; 6,133510; -74,553180 ; 5490; en todos los riesgos, el riesgo de contaminacioon se refiere a la contanminacion a la carga con sustancias prohibidad u otros elementos ilicitos?"
ATLÁNTICO,PONEDERA,SANTA RITA,"10,550840","-74,801900",15351,"¿Cómo se califica SANTA RITA; PONEDERA; ATLÁNTICO; 10,550840; -74,801900 ; 15351; en todos los riesgos, el riesgo de contaminacioon se refiere a la contanminacion a la carga con sustancias prohibidad u otros elementos ilicitos?"
CÓRDOBA,PUEBLO NUEVO,PUEBLO NUEVO,"8,479360","-75,518850",8467,"¿Cómo se califica PUEBLO NUEVO; PUEBLO NUEVO; CÓRDOBA; 8,479360; -75,518850 ; 8467; en todos los riesgos, el riesgo de contaminacioon se refiere a la contanminacion a la carga con sustancias prohibidad u otros elementos ilicitos?"
ATLÁNTICO,PONEDERA,PUERTO GIRALDO,"10,483230","-74,825080",15273,"¿Cómo se califica PUERTO GIRALDO; PONEDERA; ATLÁNTICO; 10,483230; -74,825080 ; 15273; en todos los riesgos, el riesgo de contaminacioon se refiere a la contanminacion a la carga con sustancias prohibidad u otros elementos ilicitos?"
SUCRE,MORROA,MORROA,"9,318530","-75,320450",10563,"¿Cómo se califica MORROA; MORROA; SUCRE; 9,318530; -75,320450 ; 10563; en todos los riesgos, el riesgo de contaminacioon se refiere a la contanminacion a la carga con sustancias prohibidad u otros elementos ilicitos?"
SUCRE,OVEJAS,OVEJAS,"9,493610","-75,230580",11206,"¿Cómo se califica OVEJAS; OVEJAS; SUCRE; 9,493610; -75,230580 ; 11206; en todos los riesgos, el riesgo de contaminacioon se refiere a la contanminacion a la carga con sustancias prohibidad u otros elementos ilicitos?"
ANTIOQUIA,GIRARDOTA,LA CALLE,"6,397970","-75,434500",1134,"¿Cómo se califica LA CALLE; GIRARDOTA; ANTIOQUIA; 6,397970; -75,434500 ; 1134; en todos los riesgos, el riesgo de contaminacioon se refiere a la contanminacion a la carga con sustancias prohibidad u otros elementos ilicitos?"
CÓRDOBA,MONTERÍA,PATIO BONITO,"8,574500","-75,713450",8524,"¿Cómo se califica PATIO BONITO; MONTERÍA; CÓRDOBA; 8,574500; -75,713450 ; 8524; en todos los riesgos, el riesgo de contaminacioon se refiere a la contanminacion a la carga con sustancias prohibidad u otros elementos ilicitos?"
CÓRDOBA,LA APARTADA,PUERTO CÓRDOBA,"8,060710","-75,347830",7840,"¿Cómo se califica PUERTO CÓRDOBA; LA APARTADA; CÓRDOBA; 8,060710; -75,347830 ; 7840; en todos los riesgos, el riesgo de contaminacioon se refiere a la contanminacion a la carga con sustancias prohibidad u otros elementos ilicitos?"
ATLÁNTICO,PONEDERA,SANTA RITA,"10,550840","-74,801900",13266,"¿Cómo se califica SANTA RITA; PONEDERA; ATLÁNTICO; 10,550840; -74,801900 ; 13266; en todos los riesgos, el riesgo de contaminacioon se refiere a la contanminacion a la carga con sustancias prohibidad u otros elementos ilicitos?"
CÓRDOBA,PUEBLO NUEVO,LA MAGDALENA,"8,591990","-75,486890",10777,"¿Cómo se califica LA MAGDALENA; PUEBLO NUEVO; CÓRDOBA; 8,591990; -75,486890 ; 10777; en todos los riesgos, el riesgo de contaminacioon se refiere a la contanminacion a la carga con sustancias prohibidad u otros elementos ilicitos?"
CÓRDOBA,PUEBLO NUEVO,LA GRANJITA,"8,449550","-75,527050",8398,"¿Cómo se califica LA GRANJITA; PUEBLO NUEVO; CÓRDOBA; 8,449550; -75,527050 ; 8398; en todos los riesgos, el riesgo de contaminacioon se refiere a la contanminacion a la carga con sustancias prohibidad u otros elementos ilicitos?"
ANTIOQUIA,PUERTO BERRÍO,LA CARLOTA,"6,500040","-74,510670",6169,"¿Cómo se califica LA CARLOTA; PUERTO BERRÍO; ANTIOQUIA; 6,500040; -74,510670 ; 6169; en todos los riesgos, el riesgo de contaminacioon se refiere a la contanminacion a la carga con sustancias prohibidad u otros elementos ilicitos?"
SUCRE,OVEJAS,SAN FRANCISCO,"9,601880","-75,180190",11487,"¿Cómo se califica SAN FRANCISCO; OVEJAS; SUCRE; 9,601880; -75,180190 ; 11487; en todos los riesgos, el riesgo de contaminacioon se refiere a la contanminacion a la carga con sustancias prohibidad u otros elementos ilicitos?"
ANTIOQUIA,GIRARDOTA,LA CALLE,"6,397970","-75,434500",1266,"¿Cómo se califica LA CALLE; GIRARDOTA; ANTIOQUIA; 6,397970; -75,434500 ; 1266; en todos los riesgos, el riesgo de contaminacioon se refiere a la contanminacion a la carga con sustancias prohibidad u otros elementos ilicitos?"
CUNDINAMARCA,MOSQUERA,QUINTAS DE SERREZUELA,"4,701890","-74,231550",484,"¿Cómo se califica QUINTAS DE SERREZUELA; MOSQUERA; CUNDINAMARCA; 4,701890; -74,231550 ; 484; en todos los riesgos, el riesgo de contaminacioon se refiere a la contanminacion a la carga con sustancias prohibidad u otros elementos ilicitos?"
CÓRDOBA,PLANETA RICA,CAROLINA,"8,467950","-75,608770",8407,"¿Cómo se califica CAROLINA; PLANETA RICA; CÓRDOBA; 8,467950; -75,608770 ; 8407; en todos los riesgos, el riesgo de contaminacioon se refiere a la contanminacion a la carga con sustancias prohibidad u otros elementos ilicitos?"
ANTIOQUIA,PUERTO BERRÍO,MINAS DEL VAPOR,"6,467530","-74,616430",6614,"¿Cómo se califica MINAS DEL VAPOR; PUERTO BERRÍO; ANTIOQUIA; 6,467530; -74,616430 ; 6614; en todos los riesgos, el riesgo de contaminacioon se refiere a la contanminacion a la carga con sustancias prohibidad u otros elementos ilicitos?"
CÓRDOBA,PLANETA RICA,LOS CERROS,"8,510490","-75,645290",8420,"¿Cómo se califica LOS CERROS; PLANETA RICA; CÓRDOBA; 8,510490; -75,645290 ; 8420; en todos los riesgos, el riesgo de contaminacioon se refiere a la contanminacion a la carga con sustancias prohibidad u otros elementos ilicitos?"
ATLÁNTICO,PUERTO COLOMBIA,PUERTO COLOMBIA,"11,014120","-74,844940",14411,"¿Cómo se califica PUERTO COLOMBIA; PUERTO COLOMBIA; ATLÁNTICO; 11,014120; -74,844940 ; 14411; en todos los riesgos, el riesgo de contaminacioon se refiere a la contanminacion a la carga con sustancias prohibidad u otros elementos ilicitos?"
SUCRE,OVEJAS,DAMASCO,"9,576570","-75,197940",13514,"¿Cómo se califica DAMASCO; OVEJAS; SUCRE; 9,576570; -75,197940 ; 13514; en todos los riesgos, el riesgo de contaminacioon se refiere a la contanminacion a la carga con sustancias prohibidad u otros elementos ilicitos?"
CUNDINAMARCA,MOSQUERA,QUINTAS DE SERREZUELA,"4,690820","-74,247700",10010,"¿Cómo se califica QUINTAS DE SERREZUELA; MOSQUERA; CUNDINAMARCA; 4,690820; -74,247700 ; 10010; en todos los riesgos, el riesgo de contaminacioon se refiere a la contanminacion a la carga con sustancias prohibidad u otros elementos ilicitos?"
VALLE DEL CAUCA,GUADALAJARA DE BUGA,LA CAMPIÑA,"3,923320","-76,290640",840,"¿Cómo se califica LA CAMPIÑA; GUADALAJARA DE BUGA; VALLE DEL CAUCA; 3,923320; -76,290640 ; 840; en todos los riesgos, el riesgo de contaminacioon se refiere a la contanminacion a la carga con sustancias prohibidad u otros elementos ilicitos?"
SUCRE,OVEJAS,PEDREGAL,"9,549260","-75,217060",13459,"¿Cómo se califica PEDREGAL; OVEJAS; SUCRE; 9,549260; -75,217060 ; 13459; en todos los riesgos, el riesgo de contaminacioon se refiere a la contanminacion a la carga con sustancias prohibidad u otros elementos ilicitos?"
BOYACÁ,PUERTO BOYACÁ,CRUCE PALAGUA,"6,102330","-74,553850",5478,"¿Cómo se califica CRUCE PALAGUA; PUERTO BOYACÁ; BOYACÁ; 6,102330; -74,553850 ; 5478; en todos los riesgos, el riesgo de contaminacioon se refiere a la contanminacion a la carga con sustancias prohibidad u otros elementos ilicitos?"
BOYACÁ,PUERTO BOYACÁ,KILÓMETRO 25,"5,771590","-74,615880",5099,"¿Cómo se califica KILÓMETRO 25; PUERTO BOYACÁ; BOYACÁ; 5,771590; -74,615880 ; 5099; en todos los riesgos, el riesgo de contaminacioon se refiere a la contanminacion a la carga con sustancias prohibidad u otros elementos ilicitos?"
CÓRDOBA,LA APARTADA,PUERTO CÓRDOBA,"8,060710","-75,347830",7970,"¿Cómo se califica PUERTO CÓRDOBA; LA APARTADA; CÓRDOBA; 8,060710; -75,347830 ; 7970; en todos los riesgos, el riesgo de contaminacioon se refiere a la contanminacion a la carga con sustancias prohibidad u otros elementos ilicitos?"
BOYACÁ,PUERTO BOYACÁ,PUERTO SERVIEZ,"6,197400","-74,558940",5551,"¿Cómo se califica PUERTO SERVIEZ; PUERTO BOYACÁ; BOYACÁ; 6,197400; -74,558940 ; 5551; en todos los riesgos, el riesgo de contaminacioon se refiere a la contanminacion a la carga con sustancias prohibidad u otros elementos ilicitos?"
CÓRDOBA,PLANETA RICA,PAMPLONA,"8,330480","-75,546010",8244,"¿Cómo se califica PAMPLONA; PLANETA RICA; CÓRDOBA; 8,330480; -75,546010 ; 8244; en todos los riesgos, el riesgo de contaminacioon se refiere a la contanminacion a la carga con sustancias prohibidad u otros elementos ilicitos?"
VALLE DEL CAUCA,PALMIRA,AMAIME,"3,585380","-76,322660",197,"¿Cómo se califica AMAIME; PALMIRA; VALLE DEL CAUCA; 3,585380; -76,322660 ; 197; en todos los riesgos, el riesgo de contaminacioon se refiere a la contanminacion a la carga con sustancias prohibidad u otros elementos ilicitos?"
TOLIMA,IBAGUÉ,LOS TÚNELES,"4,408680","-75,280910",5324,"¿Cómo se califica LOS TÚNELES; IBAGUÉ; TOLIMA; 4,408680; -75,280910 ; 5324; en todos los riesgos, el riesgo de contaminacioon se refiere a la contanminacion a la carga con sustancias prohibidad u otros elementos ilicitos?"
CÓRDOBA,PLANETA RICA,LAS PELONAS,"8,429200","-75,557770",8257,"¿Cómo se califica LAS PELONAS; PLANETA RICA; CÓRDOBA; 8,429200; -75,557770 ; 8257; en todos los riesgos, el riesgo de contaminacioon se refiere a la contanminacion a la carga con sustancias prohibidad u otros elementos ilicitos?"
CUNDINAMARCA,PUERTO SALGAR,MORRO COLORADO,"5,687510","-74,610900",5014,"¿Cómo se califica MORRO COLORADO; PUERTO SALGAR; CUNDINAMARCA; 5,687510; -74,610900 ; 5014; en todos los riesgos, el riesgo de contaminacioon se refiere a la contanminacion a la carga con sustancias prohibidad u otros elementos ilicitos?"
ANTIOQUIA,RIONEGRO,PARCELACIÓN COLINAS DE PAIMADÓ,"6,154590","-75,436210",900,"¿Cómo se califica PARCELACIÓN COLINAS DE PAIMADÓ; RIONEGRO; ANTIOQUIA; 6,154590; -75,436210 ; 900; en todos los riesgos, el riesgo de contaminacioon se refiere a la contanminacion a la carga con sustancias prohibidad u otros elementos ilicitos?"
CUNDINAMARCA,PUERTO SALGAR,MORRO COLORADO,"5,706820","-74,618290",4720,"¿Cómo se califica MORRO COLORADO; PUERTO SALGAR; CUNDINAMARCA; 5,706820; -74,618290 ; 4720; en todos los riesgos, el riesgo de contaminacioon se refiere a la contanminacion a la carga con sustancias prohibidad u otros elementos ilicitos?"
CUNDINAMARCA,MOSQUERA,PENCAL,"4,677060","-74,338350",9440,"¿Cómo se califica PENCAL; MOSQUERA; CUNDINAMARCA; 4,677060; -74,338350 ; 9440; en todos los riesgos, el riesgo de contaminacioon se refiere a la contanminacion a la carga con sustancias prohibidad u otros elementos ilicitos?"
ATLÁNTICO,PONEDERA,PONEDERA,"10,617500","-74,767280",13316,"¿Cómo se califica PONEDERA; PONEDERA; ATLÁNTICO; 10,617500; -74,767280 ; 13316; en todos los riesgos, el riesgo de contaminacioon se refiere a la contanminacion a la carga con sustancias prohibidad u otros elementos ilicitos?"
CÓRDOBA,PLANETA RICA,PLANETA RICA,"8,401550","-75,570430",8331,"¿Cómo se califica PLANETA RICA; PLANETA RICA; CÓRDOBA; 8,401550; -75,570430 ; 8331; en todos los riesgos, el riesgo de contaminacioon se refiere a la contanminacion a la carga con sustancias prohibidad u otros elementos ilicitos?"
ANTIOQUIA,ITAGÜÍ,EL PORVENIR,"6,182180","-75,589450",117,"¿Cómo se califica EL PORVENIR; ITAGÜÍ; ANTIOQUIA; 6,182180; -75,589450 ; 117; en todos los riesgos, el riesgo de contaminacioon se refiere a la contanminacion a la carga con sustancias prohibidad u otros elementos ilicitos?"
ATLÁNTICO,PALMAR DE VARELA,PALMAR DE VARELA,"10,705010","-74,750530",13421,"¿Cómo se califica PALMAR DE VARELA; PALMAR DE VARELA; ATLÁNTICO; 10,705010; -74,750530 ; 13421; en todos los riesgos, el riesgo de contaminacioon se refiere a la contanminacion a la carga con sustancias prohibidad u otros elementos ilicitos?"
ANTIOQUIA,REMEDIOS,OTÚ,"6,992360","-74,762810",8014,"¿Cómo se califica OTÚ; REMEDIOS; ANTIOQUIA; 6,992360; -74,762810 ; 8014; en todos los riesgos, el riesgo de contaminacioon se refiere a la contanminacion a la carga con sustancias prohibidad u otros elementos ilicitos?"
ANTIOQUIA,RIONEGRO,PARCELACIÓN VEGAS DE GUADALCANAL,"6,152060","-75,400110",1057,"¿Cómo se califica PARCELACIÓN VEGAS DE GUADALCANAL; RIONEGRO; ANTIOQUIA; 6,152060; -75,400110 ; 1057; en todos los riesgos, el riesgo de contaminacioon se refiere a la contanminacion a la carga con sustancias prohibidad u otros elementos ilicitos?"
CÓRDOBA,SAHAGÚN,EL VIAJANO,"8,615920","-75,482710",10830,"¿Cómo se califica EL VIAJANO; SAHAGÚN; CÓRDOBA; 8,615920; -75,482710 ; 10830; en todos los riesgos, el riesgo de contaminacioon se refiere a la contanminacion a la carga con sustancias prohibidad u otros elementos ilicitos?"
ANTIOQUIA,PUERTO TRIUNFO,PUERTO TRIUNFO,"5,881760","-74,615530",4471,"¿Cómo se califica PUERTO TRIUNFO; PUERTO TRIUNFO; ANTIOQUIA; 5,881760; -74,615530 ; 4471; en todos los riesgos, el riesgo de contaminacioon se refiere a la contanminacion a la carga con sustancias prohibidad u otros elementos ilicitos?"
ATLÁNTICO,PONEDERA,PUERTO GIRALDO,"10,483230","-74,825080",13188,"¿Cómo se califica PUERTO GIRALDO; PONEDERA; ATLÁNTICO; 10,483230; -74,825080 ; 13188; en todos los riesgos, el riesgo de contaminacioon se refiere a la contanminacion a la carga con sustancias prohibidad u otros elementos ilicitos?"
CÓRDOBA,PUEBLO NUEVO,EL VARAL,"8,527950","-75,504850",8565,"¿Cómo se califica EL VARAL; PUEBLO NUEVO; CÓRDOBA; 8,527950; -75,504850 ; 8565; en todos los riesgos, el riesgo de contaminacioon se refiere a la contanminacion a la carga con sustancias prohibidad u otros elementos ilicitos?"
SUCRE,LOS PALMITOS,LOS PALMITOS,"9,371890","-75,272920",10822,"¿Cómo se califica LOS PALMITOS; LOS PALMITOS; SUCRE; 9,371890; -75,272920 ; 10822; en todos los riesgos, el riesgo de contaminacioon se refiere a la contanminacion a la carga con sustancias prohibidad u otros elementos ilicitos?"
CÓRDOBA,PUEBLO NUEVO,EL VARAL,"8,527950","-75,504850",10651,"¿Cómo se califica EL VARAL; PUEBLO NUEVO; CÓRDOBA; 8,527950; -75,504850 ; 10651; en todos los riesgos, el riesgo de contaminacioon se refiere a la contanminacion a la carga con sustancias prohibidad u otros elementos ilicitos?"
ANTIOQUIA,RIONEGRO,CONDOMINIO SIERRAS DE MAYORI,"6,172510","-75,436790",859,"¿Cómo se califica CONDOMINIO SIERRAS DE MAYORI; RIONEGRO; ANTIOQUIA; 6,172510; -75,436790 ; 859; en todos los riesgos, el riesgo de contaminacioon se refiere a la contanminacion a la carga con sustancias prohibidad u otros elementos ilicitos?"
CÓRDOBA,SAHAGÚN,COLOMBOY,"8,728340","-75,495960",11244,"¿Cómo se califica COLOMBOY; SAHAGÚN; CÓRDOBA; 8,728340; -75,495960 ; 11244; en todos los riesgos, el riesgo de contaminacioon se refiere a la contanminacion a la carga con sustancias prohibidad u otros elementos ilicitos?"
CÓRDOBA,SAHAGÚN,GUAIMARO,"8,835190","-75,482560",9413,"¿Cómo se califica GUAIMARO; SAHAGÚN; CÓRDOBA; 8,835190; -75,482560 ; 9413; en todos los riesgos, el riesgo de contaminacioon se refiere a la contanminacion a la carga con sustancias prohibidad u otros elementos ilicitos?"
ANTIOQUIA,RIONEGRO,BARRO BLANCO,"6,151440","-75,415110",1000,"¿Cómo se califica BARRO BLANCO; RIONEGRO; ANTIOQUIA; 6,151440; -75,415110 ; 1000; en todos los riesgos, el riesgo de contaminacioon se refiere a la contanminacion a la carga con sustancias prohibidad u otros elementos ilicitos?"
ANTIOQUIA,PUERTO BERRÍO,PUERTO BERRÍO,"6,511300","-74,423410",6023,"¿Cómo se califica PUERTO BERRÍO; PUERTO BERRÍO; ANTIOQUIA; 6,511300; -74,423410 ; 6023; en todos los riesgos, el riesgo de contaminacioon se refiere a la contanminacion a la carga con sustancias prohibidad u otros elementos ilicitos?"
ATLÁNTICO,PUERTO COLOMBIA,PUERTO COLOMBIA,"11,014120","-74,844940",16496,"¿Cómo se califica PUERTO COLOMBIA; PUERTO COLOMBIA; ATLÁNTICO; 11,014120; -74,844940 ; 16496; en todos los riesgos, el riesgo de contaminacioon se refiere a la contanminacion a la carga con sustancias prohibidad u otros elementos ilicitos?"
CÓRDOBA,LORICA,TIERRALTA,"9,085450","-75,820220",9281,"¿Cómo se califica TIERRALTA; LORICA; CÓRDOBA; 9,085450; -75,820220 ; 9281; en todos los riesgos, el riesgo de contaminacioon se refiere a la contanminacion a la carga con sustancias prohibidad u otros elementos ilicitos?"
CÓRDOBA,PUEBLO NUEVO,PUEBLO NUEVO,"8,479360","-75,518850",10553,"¿Cómo se califica PUEBLO NUEVO; PUEBLO NUEVO; CÓRDOBA; 8,479360; -75,518850 ; 10553; en todos los riesgos, el riesgo de contaminacioon se refiere a la contanminacion a la carga con sustancias prohibidad u otros elementos ilicitos?"
ANTIOQUIA,SABANETA,SABANETA,"6,151990","-75,627340",143,"¿Cómo se califica SABANETA; SABANETA; ANTIOQUIA; 6,151990; -75,627340 ; 143; en todos los riesgos, el riesgo de contaminacioon se refiere a la contanminacion a la carga con sustancias prohibidad u otros elementos ilicitos?"
CÓRDOBA,SAHAGÚN,EL VIAJANO,"8,615920","-75,482710",8744,"¿Cómo se califica EL VIAJANO; SAHAGÚN; CÓRDOBA; 8,615920; -75,482710 ; 8744; en todos los riesgos, el riesgo de contaminacioon se refiere a la contanminacion a la carga con sustancias prohibidad u otros elementos ilicitos?"
VALLE DEL CAUCA,SAN PEDRO,GUAYABAL,"4,006390","-76,224800",1000,"¿Cómo se califica GUAYABAL; SAN PEDRO; VALLE DEL CAUCA; 4,006390; -76,224800 ; 1000; en todos los riesgos, el riesgo de contaminacioon se refiere a la contanminacion a la carga con sustancias prohibidad u otros elementos ilicitos?"
CÓRDOBA,SAHAGÚN,KILÓMETRO 32,"8,689260","-75,496080",11109,"¿Cómo se califica KILÓMETRO 32; SAHAGÚN; CÓRDOBA; 8,689260; -75,496080 ; 11109; en todos los riesgos, el riesgo de contaminacioon se refiere a la contanminacion a la carga con sustancias prohibidad u otros elementos ilicitos?"
BOYACÁ,PUERTO BOYACÁ,KILÓMETRO 25,"5,826380","-74,585480",4564,"¿Cómo se califica KILÓMETRO 25; PUERTO BOYACÁ; BOYACÁ; 5,826380; -74,585480 ; 4564; en todos los riesgos, el riesgo de contaminacioon se refiere a la contanminacion a la carga con sustancias prohibidad u otros elementos ilicitos?"
ANTIOQUIA,PUERTO BERRÍO,MALENA,"6,489480","-74,464780",6098,"¿Cómo se califica MALENA; PUERTO BERRÍO; ANTIOQUIA; 6,489480; -74,464780 ; 6098; en todos los riesgos, el riesgo de contaminacioon se refiere a la contanminacion a la carga con sustancias prohibidad u otros elementos ilicitos?"
CUNDINAMARCA,EL ROSAL,EL ROSAL,"4,847070","-74,268970",8559,"¿Cómo se califica EL ROSAL; EL ROSAL; CUNDINAMARCA; 4,847070; -74,268970 ; 8559; en todos los riesgos, el riesgo de contaminacioon se refiere a la contanminacion a la carga con sustancias prohibidad u otros elementos ilicitos?"
BOYACÁ,PUERTO BOYACÁ,EL TRIQUE,"5,826990","-74,585240",5187,"¿Cómo se califica EL TRIQUE; PUERTO BOYACÁ; BOYACÁ; 5,826990; -74,585240 ; 5187; en todos los riesgos, el riesgo de contaminacioon se refiere a la contanminacion a la carga con sustancias prohibidad u otros elementos ilicitos?"
CÓRDOBA,SAHAGÚN,KILÓMETRO 34,"8,662090","-75,495510",11031,"¿Cómo se califica KILÓMETRO 34; SAHAGÚN; CÓRDOBA; 8,662090; -75,495510 ; 11031; en todos los riesgos, el riesgo de contaminacioon se refiere a la contanminacion a la carga con sustancias prohibidad u otros elementos ilicitos?"
CÓRDOBA,SAHAGÚN,LA BALSA,"8,781130","-75,498030",11365,"¿Cómo se califica LA BALSA; SAHAGÚN; CÓRDOBA; 8,781130; -75,498030 ; 11365; en todos los riesgos, el riesgo de contaminacioon se refiere a la contanminacion a la carga con sustancias prohibidad u otros elementos ilicitos?"
CÓRDOBA,SAHAGÚN,EL ROBLE,"8,869380","-75,463830",11551,"¿Cómo se califica EL ROBLE; SAHAGÚN; CÓRDOBA; 8,869380; -75,463830 ; 11551; en todos los riesgos, el riesgo de contaminacioon se refiere a la contanminacion a la carga con sustancias prohibidad u otros elementos ilicitos?"
CÓRDOBA,SAHAGÚN,BRUSELAS,"8,706900","-75,496490",9100,"¿Cómo se califica BRUSELAS; SAHAGÚN; CÓRDOBA; 8,706900; -75,496490 ; 9100; en todos los riesgos, el riesgo de contaminacioon se refiere a la contanminacion a la carga con sustancias prohibidad u otros elementos ilicitos?"
CÓRDOBA,PUEBLO NUEVO,LA MAGDALENA,"8,591990","-75,486890",8691,"¿Cómo se califica LA MAGDALENA; PUEBLO NUEVO; CÓRDOBA; 8,591990; -75,486890 ; 8691; en todos los riesgos, el riesgo de contaminacioon se refiere a la contanminacion a la carga con sustancias prohibidad u otros elementos ilicitos?"
BOYACÁ,PUERTO BOYACÁ,KILÓMETRO DOS Y MEDIO,"5,908080","-74,563800",5279,"¿Cómo se califica KILÓMETRO DOS Y MEDIO; PUERTO BOYACÁ; BOYACÁ; 5,908080; -74,563800 ; 5279; en todos los riesgos, el riesgo de contaminacioon se refiere a la contanminacion a la carga con sustancias prohibidad u otros elementos ilicitos?"
CUNDINAMARCA,FUNZA,EL COCLI,"4,737660","-74,245750",571,"¿Cómo se califica EL COCLI; FUNZA; CUNDINAMARCA; 4,737660; -74,245750 ; 571; en todos los riesgos, el riesgo de contaminacioon se refiere a la contanminacion a la carga con sustancias prohibidad u otros elementos ilicitos?"
ANTIOQUIA,PUERTO NARE,LAS ANGELITAS,"6,017110","-74,562000",5395,"¿Cómo se califica LAS ANGELITAS; PUERTO NARE; ANTIOQUIA; 6,017110; -74,562000 ; 5395; en todos los riesgos, el riesgo de contaminacioon se refiere a la contanminacion a la carga con sustancias prohibidad u otros elementos ilicitos?"
ANTIOQUIA,SABANETA,SABANETA,"6,151990","-75,627340",143,"¿Cómo se califica SABANETA; SABANETA; ANTIOQUIA; 6,151990; -75,627340 ; 143; en todos los riesgos, el riesgo de contaminacioon se refiere a la contanminacion a la carga con sustancias prohibidad u otros elementos ilicitos?"
CÓRDOBA,SAHAGÚN,SAN ANDRESITO,"8,637930","-75,486500",10906,"¿Cómo se califica SAN ANDRESITO; SAHAGÚN; CÓRDOBA; 8,637930; -75,486500 ; 10906; en todos los riesgos, el riesgo de contaminacioon se refiere a la contanminacion a la carga con sustancias prohibidad u otros elementos ilicitos?"
VALLE DEL CAUCA,SAN PEDRO,PRESIDENTE,"3,959350","-76,265680",922,"¿Cómo se califica PRESIDENTE; SAN PEDRO; VALLE DEL CAUCA; 3,959350; -76,265680 ; 922; en todos los riesgos, el riesgo de contaminacioon se refiere a la contanminacion a la carga con sustancias prohibidad u otros elementos ilicitos?"
CÓRDOBA,SAHAGÚN,LA YE,"8,810310","-75,507600",9346,"¿Cómo se califica LA YE; SAHAGÚN; CÓRDOBA; 8,810310; -75,507600 ; 9346; en todos los riesgos, el riesgo de contaminacioon se refiere a la contanminacion a la carga con sustancias prohibidad u otros elementos ilicitos?"
CUNDINAMARCA,FACATATIVÁ,LOS ANDES,"4,854450","-74,415040",1035,"¿Cómo se califica LOS ANDES; FACATATIVÁ; CUNDINAMARCA; 4,854450; -74,415040 ; 1035; en todos los riesgos, el riesgo de contaminacioon se refiere a la contanminacion a la carga con sustancias prohibidad u otros elementos ilicitos?"
CUNDINAMARCA,PUERTO SALGAR,PUERTO SALGAR,"5,513170","-74,637510",4806,"¿Cómo se califica PUERTO SALGAR; PUERTO SALGAR; CUNDINAMARCA; 5,513170; -74,637510 ; 4806; en todos los riesgos, el riesgo de contaminacioon se refiere a la contanminacion a la carga con sustancias prohibidad u otros elementos ilicitos?"
SUCRE,LOS PALMITOS,EL COLEY,"9,355290","-75,283870",10781,"¿Cómo se califica EL COLEY; LOS PALMITOS; SUCRE; 9,355290; -75,283870 ; 10781; en todos los riesgos, el riesgo de contaminacioon se refiere a la contanminacion a la carga con sustancias prohibidad u otros elementos ilicitos?"
CÓRDOBA,LORICA,PALO DE AGUA,"9,149460","-75,836830",9333,"¿Cómo se califica PALO DE AGUA; LORICA; CÓRDOBA; 9,149460; -75,836830 ; 9333; en todos los riesgos, el riesgo de contaminacioon se refiere a la contanminacion a la carga con sustancias prohibidad u otros elementos ilicitos?"
CÓRDOBA,SAHAGÚN,LAS AGUADITAS,"8,762370","-75,493010",11327,"¿Cómo se califica LAS AGUADITAS; SAHAGÚN; CÓRDOBA; 8,762370; -75,493010 ; 11327; en todos los riesgos, el riesgo de contaminacioon se refiere a la contanminacion a la carga con sustancias prohibidad u otros elementos ilicitos?"
CÓRDOBA,SAHAGÚN,GUAIMARO,"8,835190","-75,482560",11499,"¿Cómo se califica GUAIMARO; SAHAGÚN; CÓRDOBA; 8,835190; -75,482560 ; 11499; en todos los riesgos, el riesgo de contaminacioon se refiere a la contanminacion a la carga con sustancias prohibidad u otros elementos ilicitos?"
CÓRDOBA,SAN PELAYO,CARRILLO,"8,972050","-75,834610",9168,"¿Cómo se califica CARRILLO; SAN PELAYO; CÓRDOBA; 8,972050; -75,834610 ; 9168; en todos los riesgos, el riesgo de contaminacioon se refiere a la contanminacion a la carga con sustancias prohibidad u otros elementos ilicitos?"
BOLÍVAR,SAN JACINTO,SAN JACINTO,"9,774540","-75,130300",11907,"¿Cómo se califica SAN JACINTO; SAN JACINTO; BOLÍVAR; 9,774540; -75,130300 ; 11907; en todos los riesgos, el riesgo de contaminacioon se refiere a la contanminacion a la carga con sustancias prohibidad u otros elementos ilicitos?"
BOYACÁ,PUERTO BOYACÁ,PUERTO BOYACÁ,"5,962740","-74,564100",5340,"¿Cómo se califica PUERTO BOYACÁ; PUERTO BOYACÁ; BOYACÁ; 5,962740; -74,564100 ; 5340; en todos los riesgos, el riesgo de contaminacioon se refiere a la contanminacion a la carga con sustancias prohibidad u otros elementos ilicitos?"
ATLÁNTICO,SABANAGRANDE,SABANAGRANDE,"10,775480","-74,764190",13538,"¿Cómo se califica SABANAGRANDE; SABANAGRANDE; ATLÁNTICO; 10,775480; -74,764190 ; 13538; en todos los riesgos, el riesgo de contaminacioon se refiere a la contanminacion a la carga con sustancias prohibidad u otros elementos ilicitos?"
CUNDINAMARCA,MADRID,EL CORZO,"4,750370","-74,293760",659,"¿Cómo se califica EL CORZO; MADRID; CUNDINAMARCA; 4,750370; -74,293760 ; 659; en todos los riesgos, el riesgo de contaminacioon se refiere a la contanminacion a la carga con sustancias prohibidad u otros elementos ilicitos?"
VALLE DEL CAUCA,PALMIRA,LA HERRADURA,"3,574350","-76,321950",178,"¿Cómo se califica LA HERRADURA; PALMIRA; VALLE DEL CAUCA; 3,574350; -76,321950 ; 178; en todos los riesgos, el riesgo de contaminacioon se refiere a la contanminacion a la carga con sustancias prohibidad u otros elementos ilicitos?"
BOLÍVAR,SAN JACINTO,SAN JACINTO,"9,774540","-75,130300",13992,"¿Cómo se califica SAN JACINTO; SAN JACINTO; BOLÍVAR; 9,774540; -75,130300 ; 13992; en todos los riesgos, el riesgo de contaminacioon se refiere a la contanminacion a la carga con sustancias prohibidad u otros elementos ilicitos?"
ANTIOQUIA,RIONEGRO,PARCELACIÓN TORRE MOLINOS,"6,143020","-75,433620",939,"¿Cómo se califica PARCELACIÓN TORRE MOLINOS; RIONEGRO; ANTIOQUIA; 6,143020; -75,433620 ; 939; en todos los riesgos, el riesgo de contaminacioon se refiere a la contanminacion a la carga con sustancias prohibidad u otros elementos ilicitos?"
CUNDINAMARCA,SASAIMA,SANTA INÉS,"4,912110","-74,421290",1687,"¿Cómo se califica SANTA INÉS; SASAIMA; CUNDINAMARCA; 4,912110; -74,421290 ; 1687; en todos los riesgos, el riesgo de contaminacioon se refiere a la contanminacion a la carga con sustancias prohibidad u otros elementos ilicitos?"
CÓRDOBA,SAHAGÚN,NUEVA ESPERANZA,"8,954130","-75,454510",9633,"¿Cómo se califica NUEVA ESPERANZA; SAHAGÚN; CÓRDOBA; 8,954130; -75,454510 ; 9633; en todos los riesgos, el riesgo de contaminacioon se refiere a la contanminacion a la carga con sustancias prohibidad u otros elementos ilicitos?"
ATLÁNTICO,PUERTO COLOMBIA,SALGAR,"11,010440","-74,908700",14481,"¿Cómo se califica SALGAR; PUERTO COLOMBIA; ATLÁNTICO; 11,010440; -74,908700 ; 14481; en todos los riesgos, el riesgo de contaminacioon se refiere a la contanminacion a la carga con sustancias prohibidad u otros elementos ilicitos?"
ANTIOQUIA,RIONEGRO,JAMAICA PARCELACIÓN CAMPESTRE,"6,183270","-75,462560",746,"¿Cómo se califica JAMAICA PARCELACIÓN CAMPESTRE; RIONEGRO; ANTIOQUIA; 6,183270; -75,462560 ; 746; en todos los riesgos, el riesgo de contaminacioon se refiere a la contanminacion a la carga con sustancias prohibidad u otros elementos ilicitos?"
ANTIOQUIA,MEDELLÍN,MEDIA LUNA,"6,225640","-75,550340",651,"¿Cómo se califica MEDIA LUNA; MEDELLÍN; ANTIOQUIA; 6,225640; -75,550340 ; 651; en todos los riesgos, el riesgo de contaminacioon se refiere a la contanminacion a la carga con sustancias prohibidad u otros elementos ilicitos?"
ANTIOQUIA,PUERTO TRIUNFO,LA MERCEDES,"5,916940","-74,782380",4167,"¿Cómo se califica LA MERCEDES; PUERTO TRIUNFO; ANTIOQUIA; 5,916940; -74,782380 ; 4167; en todos los riesgos, el riesgo de contaminacioon se refiere a la contanminacion a la carga con sustancias prohibidad u otros elementos ilicitos?"
CÓRDOBA,SAHAGÚN,SAHAGÚN,"8,896410","-75,456570",9484,"¿Cómo se califica SAHAGÚN; SAHAGÚN; CÓRDOBA; 8,896410; -75,456570 ; 9484; en todos los riesgos, el riesgo de contaminacioon se refiere a la contanminacion a la carga con sustancias prohibidad u otros elementos ilicitos?"
SUCRE,SAMPUÉS,CALLE FRÍA (SAMPUES),"9,228040","-75,412570",10297,"¿Cómo se califica CALLE FRÍA (SAMPUES); SAMPUÉS; SUCRE; 9,228040; -75,412570 ; 10297; en todos los riesgos, el riesgo de contaminacioon se refiere a la contanminacion a la carga con sustancias prohibidad u otros elementos ilicitos?"
ATLÁNTICO,SOLEDAD,SOLEDAD,"10,885600","-74,769420",15926,"¿Cómo se califica SOLEDAD; SOLEDAD; ATLÁNTICO; 10,885600; -74,769420 ; 15926; en todos los riesgos, el riesgo de contaminacioon se refiere a la contanminacion a la carga con sustancias prohibidad u otros elementos ilicitos?"
CÓRDOBA,SAHAGÚN,LAS AGUADITAS,"8,762370","-75,493010",9241,"¿Cómo se califica LAS AGUADITAS; SAHAGÚN; CÓRDOBA; 8,762370; -75,493010 ; 9241; en todos los riesgos, el riesgo de contaminacioon se refiere a la contanminacion a la carga con sustancias prohibidad u otros elementos ilicitos?"
CUNDINAMARCA,PUERTO SALGAR,PUERTO LIBRE,"5,711470","-74,619730",5028,"¿Cómo se califica PUERTO LIBRE; PUERTO SALGAR; CUNDINAMARCA; 5,711470; -74,619730 ; 5028; en todos los riesgos, el riesgo de contaminacioon se refiere a la contanminacion a la carga con sustancias prohibidad u otros elementos ilicitos?"
CÓRDOBA,SAHAGÚN,COLOMBOY,"8,728340","-75,495960",9158,"¿Cómo se califica COLOMBOY; SAHAGÚN; CÓRDOBA; 8,728340; -75,495960 ; 9158; en todos los riesgos, el riesgo de contaminacioon se refiere a la contanminacion a la carga con sustancias prohibidad u otros elementos ilicitos?"
CÓRDOBA,MONTERÍA,EL TAPAO,"8,770460","-75,850390",8785,"¿Cómo se califica EL TAPAO; MONTERÍA; CÓRDOBA; 8,770460; -75,850390 ; 8785; en todos los riesgos, el riesgo de contaminacioon se refiere a la contanminacion a la carga con sustancias prohibidad u otros elementos ilicitos?"
CUNDINAMARCA,QUEBRADANEGRA,LA MAGDALENA,"5,053470","-74,452810",7173,"¿Cómo se califica LA MAGDALENA; QUEBRADANEGRA; CUNDINAMARCA; 5,053470; -74,452810 ; 7173; en todos los riesgos, el riesgo de contaminacioon se refiere a la contanminacion a la carga con sustancias prohibidad u otros elementos ilicitos?"
ANTIOQUIA,SAN LUIS,LA TEBAIDA,"5,994260","-75,035100",2989,"¿Cómo se califica LA TEBAIDA; SAN LUIS; ANTIOQUIA; 5,994260; -75,035100 ; 2989; en todos los riesgos, el riesgo de contaminacioon se refiere a la contanminacion a la carga con sustancias prohibidad u otros elementos ilicitos?"
ANTIOQUIA,SAN LUIS,EL SILENCIO PERLA VERDE,"6,006610","-75,090380",2694,"¿Cómo se califica EL SILENCIO PERLA VERDE; SAN LUIS; ANTIOQUIA; 6,006610; -75,090380 ; 2694; en todos los riesgos, el riesgo de contaminacioon se refiere a la contanminacion a la carga con sustancias prohibidad u otros elementos ilicitos?"
VALLE DEL CAUCA,SEVILLA,QUEBRADANUEVA,"4,371400","-75,950370",1893,"¿Cómo se califica QUEBRADANUEVA; SEVILLA; VALLE DEL CAUCA; 4,371400; -75,950370 ; 1893; en todos los riesgos, el riesgo de contaminacioon se refiere a la contanminacion a la carga con sustancias prohibidad u otros elementos ilicitos?"
CÓRDOBA,SAN CARLOS,EL CHARCO,"8,521100","-75,668520",8446,"¿Cómo se califica EL CHARCO; SAN CARLOS; CÓRDOBA; 8,521100; -75,668520 ; 8446; en todos los riesgos, el riesgo de contaminacioon se refiere a la contanminacion a la carga con sustancias prohibidad u otros elementos ilicitos?"
ANTIOQUIA,PUERTO TRIUNFO,SANTIAGO BERRIO,"5,900260","-74,689010",4358,"¿Cómo se califica SANTIAGO BERRIO; PUERTO TRIUNFO; ANTIOQUIA; 5,900260; -74,689010 ; 4358; en todos los riesgos, el riesgo de contaminacioon se refiere a la contanminacion a la carga con sustancias prohibidad u otros elementos ilicitos?"
CÓRDOBA,PUEBLO NUEVO,EL CAMPANO,"8,571030","-75,482780",8662,"¿Cómo se califica EL CAMPANO; PUEBLO NUEVO; CÓRDOBA; 8,571030; -75,482780 ; 8662; en todos los riesgos, el riesgo de contaminacioon se refiere a la contanminacion a la carga con sustancias prohibidad u otros elementos ilicitos?"
CUNDINAMARCA,MOSQUERA,LOS PUENTES,"4,687200","-74,250420",10000,"¿Cómo se califica LOS PUENTES; MOSQUERA; CUNDINAMARCA; 4,687200; -74,250420 ; 10000; en todos los riesgos, el riesgo de contaminacioon se refiere a la contanminacion a la carga con sustancias prohibidad u otros elementos ilicitos?"
ANTIOQUIA,RIONEGRO,GALICIA PARTE BAJA,"6,163960","-75,361890",1320,"¿Cómo se califica GALICIA PARTE BAJA; RIONEGRO; ANTIOQUIA; 6,163960; -75,361890 ; 1320; en todos los riesgos, el riesgo de contaminacioon se refiere a la contanminacion a la carga con sustancias prohibidad u otros elementos ilicitos?"
ANTIOQUIA,SANTA ROSA DE OSOS,HOYORRICO,"6,570560","-75,407150",2342,"¿Cómo se califica HOYORRICO; SANTA ROSA DE OSOS; ANTIOQUIA; 6,570560; -75,407150 ; 2342; en todos los riesgos, el riesgo de contaminacioon se refiere a la contanminacion a la carga con sustancias prohibidad u otros elementos ilicitos?"
ANTIOQUIA,SANTA ROSA DE OSOS,HOYORRICO,"6,570560","-75,407150",2474,"¿Cómo se califica HOYORRICO; SANTA ROSA DE OSOS; ANTIOQUIA; 6,570560; -75,407150 ; 2474; en todos los riesgos, el riesgo de contaminacioon se refiere a la contanminacion a la carga con sustancias prohibidad u otros elementos ilicitos?"
ANTIOQUIA,TARAZÁ,TARAZÁ,"7,573540","-75,389530",6753,"¿Cómo se califica TARAZÁ; TARAZÁ; ANTIOQUIA; 7,573540; -75,389530 ; 6753; en todos los riesgos, el riesgo de contaminacioon se refiere a la contanminacion a la carga con sustancias prohibidad u otros elementos ilicitos?"
BOLÍVAR,SAN JUAN NEPOMUCENO,SAN JUAN NEPOMUCENO,"9,895710","-75,108010",14318,"¿Cómo se califica SAN JUAN NEPOMUCENO; SAN JUAN NEPOMUCENO; BOLÍVAR; 9,895710; -75,108010 ; 14318; en todos los riesgos, el riesgo de contaminacioon se refiere a la contanminacion a la carga con sustancias prohibidad u otros elementos ilicitos?"
ANTIOQUIA,PUERTO TRIUNFO,TRES RANCHOS,"5,919380","-74,806240",4099,"¿Cómo se califica TRES RANCHOS; PUERTO TRIUNFO; ANTIOQUIA; 5,919380; -74,806240 ; 4099; en todos los riesgos, el riesgo de contaminacioon se refiere a la contanminacion a la carga con sustancias prohibidad u otros elementos ilicitos?"
CUNDINAMARCA,PUERTO SALGAR,PUERTO SALGAR,"5,506100","-74,627790",4891,"¿Cómo se califica PUERTO SALGAR; PUERTO SALGAR; CUNDINAMARCA; 5,506100; -74,627790 ; 4891; en todos los riesgos, el riesgo de contaminacioon se refiere a la contanminacion a la carga con sustancias prohibidad u otros elementos ilicitos?"
CUNDINAMARCA,MOSQUERA,MOSQUERA,"4,711460","-74,212310",9484,"¿Cómo se califica MOSQUERA; MOSQUERA; CUNDINAMARCA; 4,711460; -74,212310 ; 9484; en todos los riesgos, el riesgo de contaminacioon se refiere a la contanminacion a la carga con sustancias prohibidad u otros elementos ilicitos?"
ANTIOQUIA,RIONEGRO,RIONEGRO,"6,150560","-75,389860",1115,"¿Cómo se califica RIONEGRO; RIONEGRO; ANTIOQUIA; 6,150560; -75,389860 ; 1115; en todos los riesgos, el riesgo de contaminacioon se refiere a la contanminacion a la carga con sustancias prohibidad u otros elementos ilicitos?"
CUNDINAMARCA,SASAIMA,SANTA CRUZ,"4,924560","-74,428370",1752,"¿Cómo se califica SANTA CRUZ; SASAIMA; CUNDINAMARCA; 4,924560; -74,428370 ; 1752; en todos los riesgos, el riesgo de contaminacioon se refiere a la contanminacion a la carga con sustancias prohibidad u otros elementos ilicitos?"
ANTIOQUIA,SANTA ROSA DE OSOS,RÍO GRANDE,"6,510060","-75,394720",2060,"¿Cómo se califica RÍO GRANDE; SANTA ROSA DE OSOS; ANTIOQUIA; 6,510060; -75,394720 ; 2060; en todos los riesgos, el riesgo de contaminacioon se refiere a la contanminacion a la carga con sustancias prohibidad u otros elementos ilicitos?"
CUNDINAMARCA,TOCAIMA,TOCAIMA,"4,452370","-74,648980",7538,"¿Cómo se califica TOCAIMA; TOCAIMA; CUNDINAMARCA; 4,452370; -74,648980 ; 7538; en todos los riesgos, el riesgo de contaminacioon se refiere a la contanminacion a la carga con sustancias prohibidad u otros elementos ilicitos?"
ANTIOQUIA,SANTA ROSA DE OSOS,SANTA ROSA DE OSOS,"6,623350","-75,445030",2747,"¿Cómo se califica SANTA ROSA DE OSOS; SANTA ROSA DE OSOS; ANTIOQUIA; 6,623350; -75,445030 ; 2747; en todos los riesgos, el riesgo de contaminacioon se refiere a la contanminacion a la carga con sustancias prohibidad u otros elementos ilicitos?"
ANTIOQUIA,REMEDIOS,LA CRUZADA,"7,049530","-74,706630",8133,"¿Cómo se califica LA CRUZADA; REMEDIOS; ANTIOQUIA; 7,049530; -74,706630 ; 8133; en todos los riesgos, el riesgo de contaminacioon se refiere a la contanminacion a la carga con sustancias prohibidad u otros elementos ilicitos?"
VALLE DEL CAUCA,GUADALAJARA DE BUGA,PUEBLO NUEVO,"3,971900","-76,253210",945,"¿Cómo se califica PUEBLO NUEVO; GUADALAJARA DE BUGA; VALLE DEL CAUCA; 3,971900; -76,253210 ; 945; en todos los riesgos, el riesgo de contaminacioon se refiere a la contanminacion a la carga con sustancias prohibidad u otros elementos ilicitos?"
SUCRE,OVEJAS,OVEJAS,"9,493610","-75,230580",13292,"¿Cómo se califica OVEJAS; OVEJAS; SUCRE; 9,493610; -75,230580 ; 13292; en todos los riesgos, el riesgo de contaminacioon se refiere a la contanminacion a la carga con sustancias prohibidad u otros elementos ilicitos?"
ATLÁNTICO,SABANAGRANDE,SABANAGRANDE,"10,775480","-74,764190",15623,"¿Cómo se califica SABANAGRANDE; SABANAGRANDE; ATLÁNTICO; 10,775480; -74,764190 ; 15623; en todos los riesgos, el riesgo de contaminacioon se refiere a la contanminacion a la carga con sustancias prohibidad u otros elementos ilicitos?"
ATLÁNTICO,SOLEDAD,SOLEDAD,"10,885600","-74,769420",13841,"¿Cómo se califica SOLEDAD; SOLEDAD; ATLÁNTICO; 10,885600; -74,769420 ; 13841; en todos los riesgos, el riesgo de contaminacioon se refiere a la contanminacion a la carga con sustancias prohibidad u otros elementos ilicitos?"
CUNDINAMARCA,SASAIMA,SASAIMA,"4,947720","-74,424200",1930,"¿Cómo se califica SASAIMA; SASAIMA; CUNDINAMARCA; 4,947720; -74,424200 ; 1930; en todos los riesgos, el riesgo de contaminacioon se refiere a la contanminacion a la carga con sustancias prohibidad u otros elementos ilicitos?"
ATLÁNTICO,TUBARÁ,EL MORRO,"10,967530","-74,978990",14601,"¿Cómo se califica EL MORRO; TUBARÁ; ATLÁNTICO; 10,967530; -74,978990 ; 14601; en todos los riesgos, el riesgo de contaminacioon se refiere a la contanminacion a la carga con sustancias prohibidad u otros elementos ilicitos?"
BOLÍVAR,SAN JUAN NEPOMUCENO,SAN PEDRO CONSOLADO,"9,991390","-75,078170",12400,"¿Cómo se califica SAN PEDRO CONSOLADO; SAN JUAN NEPOMUCENO; BOLÍVAR; 9,991390; -75,078170 ; 12400; en todos los riesgos, el riesgo de contaminacioon se refiere a la contanminacion a la carga con sustancias prohibidad u otros elementos ilicitos?"
CUNDINAMARCA,PUERTO SALGAR,PUERTO LIBRE,"5,768640","-74,620840",4659,"¿Cómo se califica PUERTO LIBRE; PUERTO SALGAR; CUNDINAMARCA; 5,768640; -74,620840 ; 4659; en todos los riesgos, el riesgo de contaminacioon se refiere a la contanminacion a la carga con sustancias prohibidad u otros elementos ilicitos?"
ANTIOQUIA,RIONEGRO,ALTO BONITO,"6,150640","-75,390020",1110,"¿Cómo se califica ALTO BONITO; RIONEGRO; ANTIOQUIA; 6,150640; -75,390020 ; 1110; en todos los riesgos, el riesgo de contaminacioon se refiere a la contanminacion a la carga con sustancias prohibidad u otros elementos ilicitos?"
CUNDINAMARCA,NOCAIMA,NOCAIMA,"5,048940","-74,380350",7473,"¿Cómo se califica NOCAIMA; NOCAIMA; CUNDINAMARCA; 5,048940; -74,380350 ; 7473; en todos los riesgos, el riesgo de contaminacioon se refiere a la contanminacion a la carga con sustancias prohibidad u otros elementos ilicitos?"
ANTIOQUIA,SAN LUIS,SOPETRÁN,"5,975710","-74,899920",3639,"¿Cómo se califica SOPETRÁN; SAN LUIS; ANTIOQUIA; 5,975710; -74,899920 ; 3639; en todos los riesgos, el riesgo de contaminacioon se refiere a la contanminacion a la carga con sustancias prohibidad u otros elementos ilicitos?"
CUNDINAMARCA,SUTATAUSA,LAS PEÑAS,"5,185230","-73,859660",12186,"¿Cómo se califica LAS PEÑAS; SUTATAUSA; CUNDINAMARCA; 5,185230; -73,859660 ; 12186; en todos los riesgos, el riesgo de contaminacioon se refiere a la contanminacion a la carga con sustancias prohibidad u otros elementos ilicitos?"
SUCRE,SAMPUÉS,MATA DE CAÑA,"9,203300","-75,399930",10232,"¿Cómo se califica MATA DE CAÑA; SAMPUÉS; SUCRE; 9,203300; -75,399930 ; 10232; en todos los riesgos, el riesgo de contaminacioon se refiere a la contanminacion a la carga con sustancias prohibidad u otros elementos ilicitos?"
VALLE DEL CAUCA,SAN PEDRO,SAN PEDRO,"3,993920","-76,233170",980,"¿Cómo se califica SAN PEDRO; SAN PEDRO; VALLE DEL CAUCA; 3,993920; -76,233170 ; 980; en todos los riesgos, el riesgo de contaminacioon se refiere a la contanminacion a la carga con sustancias prohibidad u otros elementos ilicitos?"
ATLÁNTICO,SANTO TOMÁS,SANTO TOMÁS,"10,747090","-74,767500",15581,"¿Cómo se califica SANTO TOMÁS; SANTO TOMÁS; ATLÁNTICO; 10,747090; -74,767500 ; 15581; en todos los riesgos, el riesgo de contaminacioon se refiere a la contanminacion a la carga con sustancias prohibidad u otros elementos ilicitos?"
CÓRDOBA,SAHAGÚN,BRUSELAS,"8,706900","-75,496490",11186,"¿Cómo se califica BRUSELAS; SAHAGÚN; CÓRDOBA; 8,706900; -75,496490 ; 11186; en todos los riesgos, el riesgo de contaminacioon se refiere a la contanminacion a la carga con sustancias prohibidad u otros elementos ilicitos?"
ANTIOQUIA,SABANETA,MARÍA AUXILIADORA,"6,162090","-75,607230",194,"¿Cómo se califica MARÍA AUXILIADORA; SABANETA; ANTIOQUIA; 6,162090; -75,607230 ; 194; en todos los riesgos, el riesgo de contaminacioon se refiere a la contanminacion a la carga con sustancias prohibidad u otros elementos ilicitos?"
CÓRDOBA,PLANETA RICA,PLAZA BONITA,"8,268200","-75,503840",10071,"¿Cómo se califica PLAZA BONITA; PLANETA RICA; CÓRDOBA; 8,268200; -75,503840 ; 10071; en todos los riesgos, el riesgo de contaminacioon se refiere a la contanminacion a la carga con sustancias prohibidad u otros elementos ilicitos?"
CUNDINAMARCA,TENA,LA GRAN VÍA,"4,645870","-74,438070",8728,"¿Cómo se califica LA GRAN VÍA; TENA; CUNDINAMARCA; 4,645870; -74,438070 ; 8728; en todos los riesgos, el riesgo de contaminacioon se refiere a la contanminacion a la carga con sustancias prohibidad u otros elementos ilicitos?"
SUCRE,SAMPUÉS,SAMPUÉS,"9,178600","-75,391730",12251,"¿Cómo se califica SAMPUÉS; SAMPUÉS; SUCRE; 9,178600; -75,391730 ; 12251; en todos los riesgos, el riesgo de contaminacioon se refiere a la contanminacion a la carga con sustancias prohibidad u otros elementos ilicitos?"
BOLÍVAR,SAN JUAN NEPOMUCENO,SAN PEDRO CONSOLADO,"9,991390","-75,078170",14486,"¿Cómo se califica SAN PEDRO CONSOLADO; SAN JUAN NEPOMUCENO; BOLÍVAR; 9,991390; -75,078170 ; 14486; en todos los riesgos, el riesgo de contaminacioon se refiere a la contanminacion a la carga con sustancias prohibidad u otros elementos ilicitos?"
ANTIOQUIA,RIONEGRO,PARCELACIÓN LA QUERENCIA,"6,178410","-75,452640",754,"¿Cómo se califica PARCELACIÓN LA QUERENCIA; RIONEGRO; ANTIOQUIA; 6,178410; -75,452640 ; 754; en todos los riesgos, el riesgo de contaminacioon se refiere a la contanminacion a la carga con sustancias prohibidad u otros elementos ilicitos?"
MAGDALENA,REMOLINO,REMOLINO,"10,684380","-74,748090",13404,"¿Cómo se califica REMOLINO; REMOLINO; MAGDALENA; 10,684380; -74,748090 ; 13404; en todos los riesgos, el riesgo de contaminacioon se refiere a la contanminacion a la carga con sustancias prohibidad u otros elementos ilicitos?"
CÓRDOBA,SAHAGÚN,SAHAGÚN,"8,896410","-75,456570",11570,"¿Cómo se califica SAHAGÚN; SAHAGÚN; CÓRDOBA; 8,896410; -75,456570 ; 11570; en todos los riesgos, el riesgo de contaminacioon se refiere a la contanminacion a la carga con sustancias prohibidad u otros elementos ilicitos?"
CÓRDOBA,SAHAGÚN,EL ROBLE,"8,869380","-75,463830",9465,"¿Cómo se califica EL ROBLE; SAHAGÚN; CÓRDOBA; 8,869380; -75,463830 ; 9465; en todos los riesgos, el riesgo de contaminacioon se refiere a la contanminacion a la carga con sustancias prohibidad u otros elementos ilicitos?"
CÓRDOBA,PLANETA RICA,PLAZA BONITA,"8,268200","-75,503840",8157,"¿Cómo se califica PLAZA BONITA; PLANETA RICA; CÓRDOBA; 8,268200; -75,503840 ; 8157; en todos los riesgos, el riesgo de contaminacioon se refiere a la contanminacion a la carga con sustancias prohibidad u otros elementos ilicitos?"
CÓRDOBA,PUEBLO NUEVO,EL CAMPANO,"8,571030","-75,482780",10748,"¿Cómo se califica EL CAMPANO; PUEBLO NUEVO; CÓRDOBA; 8,571030; -75,482780 ; 10748; en todos los riesgos, el riesgo de contaminacioon se refiere a la contanminacion a la carga con sustancias prohibidad u otros elementos ilicitos?"
SUCRE,SINCELEJO,POLICARPA,"9,251840","-75,405650",12458,"¿Cómo se califica POLICARPA; SINCELEJO; SUCRE; 9,251840; -75,405650 ; 12458; en todos los riesgos, el riesgo de contaminacioon se refiere a la contanminacion a la carga con sustancias prohibidad u otros elementos ilicitos?"
CÓRDOBA,SAN CARLOS,GUACHARACAL,"8,545690","-75,689690",8493,"¿Cómo se califica GUACHARACAL; SAN CARLOS; CÓRDOBA; 8,545690; -75,689690 ; 8493; en todos los riesgos, el riesgo de contaminacioon se refiere a la contanminacion a la carga con sustancias prohibidad u otros elementos ilicitos?"
CUNDINAMARCA,SOPÓ,LA DIANA,"4,943340","-73,958730",11612,"¿Cómo se califica LA DIANA; SOPÓ; CUNDINAMARCA; 4,943340; -73,958730 ; 11612; en todos los riesgos, el riesgo de contaminacioon se refiere a la contanminacion a la carga con sustancias prohibidad u otros elementos ilicitos?"
MAGDALENA,SITIONUEVO,PALERMO,"10,973760","-74,778520",16181,"¿Cómo se califica PALERMO; SITIONUEVO; MAGDALENA; 10,973760; -74,778520 ; 16181; en todos los riesgos, el riesgo de contaminacioon se refiere a la contanminacion a la carga con sustancias prohibidad u otros elementos ilicitos?"
BOLÍVAR,SAN JUAN NEPOMUCENO,SAN JUAN NEPOMUCENO,"9,895710","-75,108010",12233,"¿Cómo se califica SAN JUAN NEPOMUCENO; SAN JUAN NEPOMUCENO; BOLÍVAR; 9,895710; -75,108010 ; 12233; en todos los riesgos, el riesgo de contaminacioon se refiere a la contanminacion a la carga con sustancias prohibidad u otros elementos ilicitos?"
CÓRDOBA,SAHAGÚN,LA BALSA,"8,781130","-75,498030",9279,"¿Cómo se califica LA BALSA; SAHAGÚN; CÓRDOBA; 8,781130; -75,498030 ; 9279; en todos los riesgos, el riesgo de contaminacioon se refiere a la contanminacion a la carga con sustancias prohibidad u otros elementos ilicitos?"
CÓRDOBA,PUEBLO NUEVO,LA GRANJITA,"8,449550","-75,527050",10484,"¿Cómo se califica LA GRANJITA; PUEBLO NUEVO; CÓRDOBA; 8,449550; -75,527050 ; 10484; en todos los riesgos, el riesgo de contaminacioon se refiere a la contanminacion a la carga con sustancias prohibidad u otros elementos ilicitos?"
CÓRDOBA,SAHAGÚN,GUAIMARITO,"8,823390","-75,495220",9394,"¿Cómo se califica GUAIMARITO; SAHAGÚN; CÓRDOBA; 8,823390; -75,495220 ; 9394; en todos los riesgos, el riesgo de contaminacioon se refiere a la contanminacion a la carga con sustancias prohibidad u otros elementos ilicitos?"
ANTIOQUIA,TARAZÁ,PIEDRAS,"7,535270","-75,363240",6655,"¿Cómo se califica PIEDRAS; TARAZÁ; ANTIOQUIA; 7,535270; -75,363240 ; 6655; en todos los riesgos, el riesgo de contaminacioon se refiere a la contanminacion a la carga con sustancias prohibidad u otros elementos ilicitos?"
TOLIMA,IBAGUÉ,BRICEÑO,"4,291850","-75,043260",6093,"¿Cómo se califica BRICEÑO; IBAGUÉ; TOLIMA; 4,291850; -75,043260 ; 6093; en todos los riesgos, el riesgo de contaminacioon se refiere a la contanminacion a la carga con sustancias prohibidad u otros elementos ilicitos?"
ATLÁNTICO,TUBARÁ,PLAYA MENDOZA,"10,919770","-75,021790",14713,"¿Cómo se califica PLAYA MENDOZA; TUBARÁ; ATLÁNTICO; 10,919770; -75,021790 ; 14713; en todos los riesgos, el riesgo de contaminacioon se refiere a la contanminacion a la carga con sustancias prohibidad u otros elementos ilicitos?"
ANTIOQUIA,SONSÓN,EL ALTO DEL POLLO,"5,914120","-74,774200",4203,"¿Cómo se califica EL ALTO DEL POLLO; SONSÓN; ANTIOQUIA; 5,914120; -74,774200 ; 4203; en todos los riesgos, el riesgo de contaminacioon se refiere a la contanminacion a la carga con sustancias prohibidad u otros elementos ilicitos?"
ANTIOQUIA,TARAZÁ,EL DOCE,"7,400910","-75,306660",6149,"¿Cómo se califica EL DOCE; TARAZÁ; ANTIOQUIA; 7,400910; -75,306660 ; 6149; en todos los riesgos, el riesgo de contaminacioon se refiere a la contanminacion a la carga con sustancias prohibidad u otros elementos ilicitos?"
CÓRDOBA,SAHAGÚN,SAN ANDRESITO,"8,637930","-75,486500",8820,"¿Cómo se califica SAN ANDRESITO; SAHAGÚN; CÓRDOBA; 8,637930; -75,486500 ; 8820; en todos los riesgos, el riesgo de contaminacioon se refiere a la contanminacion a la carga con sustancias prohibidad u otros elementos ilicitos?"
ANTIOQUIA,PUERTO BERRÍO,EL BRASIL,"6,482220","-74,588510",6429,"¿Cómo se califica EL BRASIL; PUERTO BERRÍO; ANTIOQUIA; 6,482220; -74,588510 ; 6429; en todos los riesgos, el riesgo de contaminacioon se refiere a la contanminacion a la carga con sustancias prohibidad u otros elementos ilicitos?"
ANTIOQUIA,SAN LUIS,EL SILENCIO - EL VENTIADERO,"6,000140","-75,050050",2872,"¿Cómo se califica EL SILENCIO - EL VENTIADERO; SAN LUIS; ANTIOQUIA; 6,000140; -75,050050 ; 2872; en todos los riesgos, el riesgo de contaminacioon se refiere a la contanminacion a la carga con sustancias prohibidad u otros elementos ilicitos?"
CUNDINAMARCA,TAUSA,BOQUERÓN,"5,161680","-73,895490",12121,"¿Cómo se califica BOQUERÓN; TAUSA; CUNDINAMARCA; 5,161680; -73,895490 ; 12121; en todos los riesgos, el riesgo de contaminacioon se refiere a la contanminacion a la carga con sustancias prohibidad u otros elementos ilicitos?"
VALLE DEL CAUCA,SAN PEDRO,MONTE GRANDE,"3,986700","-76,237910",969,"¿Cómo se califica MONTE GRANDE; SAN PEDRO; VALLE DEL CAUCA; 3,986700; -76,237910 ; 969; en todos los riesgos, el riesgo de contaminacioon se refiere a la contanminacion a la carga con sustancias prohibidad u otros elementos ilicitos?"
VALLE DEL CAUCA,TULUÁ,AGUACLARA,"4,113830","-76,175210",1258,"¿Cómo se califica AGUACLARA; TULUÁ; VALLE DEL CAUCA; 4,113830; -76,175210 ; 1258; en todos los riesgos, el riesgo de contaminacioon se refiere a la contanminacion a la carga con sustancias prohibidad u otros elementos ilicitos?"
ATLÁNTICO,SUAN,SUAN,"10,306930","-74,893170",14958,"¿Cómo se califica SUAN; SUAN; ATLÁNTICO; 10,306930; -74,893170 ; 14958; en todos los riesgos, el riesgo de contaminacioon se refiere a la contanminacion a la carga con sustancias prohibidad u otros elementos ilicitos?"
CÓRDOBA,SAHAGÚN,KILÓMETRO 34,"8,662090","-75,495510",8945,"¿Cómo se califica KILÓMETRO 34; SAHAGÚN; CÓRDOBA; 8,662090; -75,495510 ; 8945; en todos los riesgos, el riesgo de contaminacioon se refiere a la contanminacion a la carga con sustancias prohibidad u otros elementos ilicitos?"
CÓRDOBA,SAHAGÚN,LA YE,"8,810310","-75,507600",11432,"¿Cómo se califica LA YE; SAHAGÚN; CÓRDOBA; 8,810310; -75,507600 ; 11432; en todos los riesgos, el riesgo de contaminacioon se refiere a la contanminacion a la carga con sustancias prohibidad u otros elementos ilicitos?"
BOYACÁ,PUERTO BOYACÁ,EL TRIQUE,"5,859190","-74,601940",4493,"¿Cómo se califica EL TRIQUE; PUERTO BOYACÁ; BOYACÁ; 5,859190; -74,601940 ; 4493; en todos los riesgos, el riesgo de contaminacioon se refiere a la contanminacion a la carga con sustancias prohibidad u otros elementos ilicitos?"
ANTIOQUIA,SEGOVIA,FRAGUAS,"7,211120","-74,798320",8418,"¿Cómo se califica FRAGUAS; SEGOVIA; ANTIOQUIA; 7,211120; -74,798320 ; 8418; en todos los riesgos, el riesgo de contaminacioon se refiere a la contanminacion a la carga con sustancias prohibidad u otros elementos ilicitos?"
CUNDINAMARCA,TOCAIMA,PUBENZA,"4,397310","-74,750000",7243,"¿Cómo se califica PUBENZA; TOCAIMA; CUNDINAMARCA; 4,397310; -74,750000 ; 7243; en todos los riesgos, el riesgo de contaminacioon se refiere a la contanminacion a la carga con sustancias prohibidad u otros elementos ilicitos?"
ANTIOQUIA,SEGOVIA,EL CHISPERO,"7,104260","-74,758680",8235,"¿Cómo se califica EL CHISPERO; SEGOVIA; ANTIOQUIA; 7,104260; -74,758680 ; 8235; en todos los riesgos, el riesgo de contaminacioon se refiere a la contanminacion a la carga con sustancias prohibidad u otros elementos ilicitos?"
VALLE DEL CAUCA,ZARZAL,LA PAILA,"4,286150","-76,091280",1655,"¿Cómo se califica LA PAILA; ZARZAL; VALLE DEL CAUCA; 4,286150; -76,091280 ; 1655; en todos los riesgos, el riesgo de contaminacioon se refiere a la contanminacion a la carga con sustancias prohibidad u otros elementos ilicitos?"
ANTIOQUIA,TARAZÁ,PUERTO ANTIOQUIA,"7,486270","-75,333040",6434,"¿Cómo se califica PUERTO ANTIOQUIA; TARAZÁ; ANTIOQUIA; 7,486270; -75,333040 ; 6434; en todos los riesgos, el riesgo de contaminacioon se refiere a la contanminacion a la carga con sustancias prohibidad u otros elementos ilicitos?"
SUCRE,SAMPUÉS,SAMPUÉS,"9,178600","-75,391730",10165,"¿Cómo se califica SAMPUÉS; SAMPUÉS; SUCRE; 9,178600; -75,391730 ; 10165; en todos los riesgos, el riesgo de contaminacioon se refiere a la contanminacion a la carga con sustancias prohibidad u otros elementos ilicitos?"
CÓRDOBA,SAHAGÚN,GUAIMARITO,"8,823390","-75,495220",11480,"¿Cómo se califica GUAIMARITO; SAHAGÚN; CÓRDOBA; 8,823390; -75,495220 ; 11480; en todos los riesgos, el riesgo de contaminacioon se refiere a la contanminacion a la carga con sustancias prohibidad u otros elementos ilicitos?"
ANTIOQUIA,PUERTO TRIUNFO,DORADAL,"5,900230","-74,752600",4246,"¿Cómo se califica DORADAL; PUERTO TRIUNFO; ANTIOQUIA; 5,900230; -74,752600 ; 4246; en todos los riesgos, el riesgo de contaminacioon se refiere a la contanminacion a la carga con sustancias prohibidad u otros elementos ilicitos?"
CUNDINAMARCA,TENJO,BARRIO LOS CATADI,"4,800750","-74,147870",9270,"¿Cómo se califica BARRIO LOS CATADI; TENJO; CUNDINAMARCA; 4,800750; -74,147870 ; 9270; en todos los riesgos, el riesgo de contaminacioon se refiere a la contanminacion a la carga con sustancias prohibidad u otros elementos ilicitos?"
ANTIOQUIA,VALDIVIA,PUERTO RAUDAL,"7,327050","-75,358380",6033,"¿Cómo se califica PUERTO RAUDAL; VALDIVIA; ANTIOQUIA; 7,327050; -75,358380 ; 6033; en todos los riesgos, el riesgo de contaminacioon se refiere a la contanminacion a la carga con sustancias prohibidad u otros elementos ilicitos?"
VALLE DEL CAUCA,SEVILLA,COROZAL,"4,388680","-75,935520",1958,"¿Cómo se califica COROZAL; SEVILLA; VALLE DEL CAUCA; 4,388680; -75,935520 ; 1958; en todos los riesgos, el riesgo de contaminacioon se refiere a la contanminacion a la carga con sustancias prohibidad u otros elementos ilicitos?"
VALLE DEL CAUCA,ZARZAL,VALLEJUELO,"4,352080","-76,030490",1745,"¿Cómo se califica VALLEJUELO; ZARZAL; VALLE DEL CAUCA; 4,352080; -76,030490 ; 1745; en todos los riesgos, el riesgo de contaminacioon se refiere a la contanminacion a la carga con sustancias prohibidad u otros elementos ilicitos?"
CUNDINAMARCA,TENA,TENA,"4,672490","-74,405160",9015,"¿Cómo se califica TENA; TENA; CUNDINAMARCA; 4,672490; -74,405160 ; 9015; en todos los riesgos, el riesgo de contaminacioon se refiere a la contanminacion a la carga con sustancias prohibidad u otros elementos ilicitos?"
CÓRDOBA,LA APARTADA,PUERTO CÓRDOBA,"8,060710","-75,347830",9884,"¿Cómo se califica PUERTO CÓRDOBA; LA APARTADA; CÓRDOBA; 8,060710; -75,347830 ; 9884; en todos los riesgos, el riesgo de contaminacioon se refiere a la contanminacion a la carga con sustancias prohibidad u otros elementos ilicitos?"
SUCRE,SAMPUÉS,CALLE FRÍA (SAMPUES),"9,228040","-75,412570",12383,"¿Cómo se califica CALLE FRÍA (SAMPUES); SAMPUÉS; SUCRE; 9,228040; -75,412570 ; 12383; en todos los riesgos, el riesgo de contaminacioon se refiere a la contanminacion a la carga con sustancias prohibidad u otros elementos ilicitos?"
CÓRDOBA,PLANETA RICA,PLANETA RICA,"8,401550","-75,570430",8201,"¿Cómo se califica PLANETA RICA; PLANETA RICA; CÓRDOBA; 8,401550; -75,570430 ; 8201; en todos los riesgos, el riesgo de contaminacioon se refiere a la contanminacion a la carga con sustancias prohibidad u otros elementos ilicitos?"
ANTIOQUIA,YARUMAL,MINA VIEJA,"6,970670","-75,428870",3702,"¿Cómo se califica MINA VIEJA; YARUMAL; ANTIOQUIA; 6,970670; -75,428870 ; 3702; en todos los riesgos, el riesgo de contaminacioon se refiere a la contanminacion a la carga con sustancias prohibidad u otros elementos ilicitos?"
ANTIOQUIA,VEGACHÍ,VEGACHÍ,"6,717350","-74,799010",7635,"¿Cómo se califica VEGACHÍ; VEGACHÍ; ANTIOQUIA; 6,717350; -74,799010 ; 7635; en todos los riesgos, el riesgo de contaminacioon se refiere a la contanminacion a la carga con sustancias prohibidad u otros elementos ilicitos?"
CUNDINAMARCA,TENJO,BARRIO LOS CATADI,"4,742660","-74,174060",10269,"¿Cómo se califica BARRIO LOS CATADI; TENJO; CUNDINAMARCA; 4,742660; -74,174060 ; 10269; en todos los riesgos, el riesgo de contaminacioon se refiere a la contanminacion a la carga con sustancias prohibidad u otros elementos ilicitos?"
CUNDINAMARCA,VILLA DE SAN DIEGO DE UBATÉ,TAUSAVITA ALTO,"5,263320","-73,791540",12957,"¿Cómo se califica TAUSAVITA ALTO; VILLA DE SAN DIEGO DE UBATÉ; CUNDINAMARCA; 5,263320; -73,791540 ; 12957; en todos los riesgos, el riesgo de contaminacioon se refiere a la contanminacion a la carga con sustancias prohibidad u otros elementos ilicitos?"
ANTIOQUIA,VALDIVIA,VALDIVIA,"7,073320","-75,450080",4570,"¿Cómo se califica VALDIVIA; VALDIVIA; ANTIOQUIA; 7,073320; -75,450080 ; 4570; en todos los riesgos, el riesgo de contaminacioon se refiere a la contanminacion a la carga con sustancias prohibidad u otros elementos ilicitos?"
SUCRE,SAMPUÉS,ACHIOTE ARRIBA,"9,167910","-75,393920",12237,"¿Cómo se califica ACHIOTE ARRIBA; SAMPUÉS; SUCRE; 9,167910; -75,393920 ; 12237; en todos los riesgos, el riesgo de contaminacioon se refiere a la contanminacion a la carga con sustancias prohibidad u otros elementos ilicitos?"
SUCRE,SAMPUÉS,MATA DE CAÑA,"9,203300","-75,399930",12318,"¿Cómo se califica MATA DE CAÑA; SAMPUÉS; SUCRE; 9,203300; -75,399930 ; 12318; en todos los riesgos, el riesgo de contaminacioon se refiere a la contanminacion a la carga con sustancias prohibidad u otros elementos ilicitos?"
ANTIOQUIA,PUERTO TRIUNFO,LA FLORIDA,"5,923160","-74,835630",4039,"¿Cómo se califica LA FLORIDA; PUERTO TRIUNFO; ANTIOQUIA; 5,923160; -74,835630 ; 4039; en todos los riesgos, el riesgo de contaminacioon se refiere a la contanminacion a la carga con sustancias prohibidad u otros elementos ilicitos?"
ANTIOQUIA,YARUMAL,MINA VIEJA,"6,970670","-75,428870",3834,"¿Cómo se califica MINA VIEJA; YARUMAL; ANTIOQUIA; 6,970670; -75,428870 ; 3834; en todos los riesgos, el riesgo de contaminacioon se refiere a la contanminacion a la carga con sustancias prohibidad u otros elementos ilicitos?"
CUNDINAMARCA,VILLETA,VILLETA,"4,994200","-74,470130",2452,"¿Cómo se califica VILLETA; VILLETA; CUNDINAMARCA; 4,994200; -74,470130 ; 2452; en todos los riesgos, el riesgo de contaminacioon se refiere a la contanminacion a la carga con sustancias prohibidad u otros elementos ilicitos?"
ATLÁNTICO,SUAN,SUAN,"10,306930","-74,893170",12872,"¿Cómo se califica SUAN; SUAN; ATLÁNTICO; 10,306930; -74,893170 ; 12872; en todos los riesgos, el riesgo de contaminacioon se refiere a la contanminacion a la carga con sustancias prohibidad u otros elementos ilicitos?"
ANTIOQUIA,ZARAGOZA,LA CALIENTE,"7,293810","-74,836520",8552,"¿Cómo se califica LA CALIENTE; ZARAGOZA; ANTIOQUIA; 7,293810; -74,836520 ; 8552; en todos los riesgos, el riesgo de contaminacioon se refiere a la contanminacion a la carga con sustancias prohibidad u otros elementos ilicitos?"
CUNDINAMARCA,TENJO,CASCAJERA,"4,856530","-74,173260",8958,"¿Cómo se califica CASCAJERA; TENJO; CUNDINAMARCA; 4,856530; -74,173260 ; 8958; en todos los riesgos, el riesgo de contaminacioon se refiere a la contanminacion a la carga con sustancias prohibidad u otros elementos ilicitos?"
QUINDÍO,LA TEBAIDA,LA SILVIA,"4,448020","-75,819460",2248,"¿Cómo se califica LA SILVIA; LA TEBAIDA; QUINDÍO; 4,448020; -75,819460 ; 2248; en todos los riesgos, el riesgo de contaminacioon se refiere a la contanminacion a la carga con sustancias prohibidad u otros elementos ilicitos?"
SUCRE,SAMPUÉS,PIEDRAS BLANCAS,"9,133120","-75,388430",12135,"¿Cómo se califica PIEDRAS BLANCAS; SAMPUÉS; SUCRE; 9,133120; -75,388430 ; 12135; en todos los riesgos, el riesgo de contaminacioon se refiere a la contanminacion a la carga con sustancias prohibidad u otros elementos ilicitos?"
ANTIOQUIA,REMEDIOS,SANTA ISABEL,"6,901420","-74,767290",7904,"¿Cómo se califica SANTA ISABEL; REMEDIOS; ANTIOQUIA; 6,901420; -74,767290 ; 7904; en todos los riesgos, el riesgo de contaminacioon se refiere a la contanminacion a la carga con sustancias prohibidad u otros elementos ilicitos?"
CÓRDOBA,SAN PELAYO,SAN PELAYO,"8,946670","-75,829370",9127,"¿Cómo se califica SAN PELAYO; SAN PELAYO; CÓRDOBA; 8,946670; -75,829370 ; 9127; en todos los riesgos, el riesgo de contaminacioon se refiere a la contanminacion a la carga con sustancias prohibidad u otros elementos ilicitos?"
ANTIOQUIA,PUERTO TRIUNFO,PUERTO PERALES NUEVO,"5,982240","-74,556940",5366,"¿Cómo se califica PUERTO PERALES NUEVO; PUERTO TRIUNFO; ANTIOQUIA; 5,982240; -74,556940 ; 5366; en todos los riesgos, el riesgo de contaminacioon se refiere a la contanminacion a la carga con sustancias prohibidad u otros elementos ilicitos?"
CUNDINAMARCA,TENJO,TENJO,"4,872180","-74,147160",9067,"¿Cómo se califica TENJO; TENJO; CUNDINAMARCA; 4,872180; -74,147160 ; 9067; en todos los riesgos, el riesgo de contaminacioon se refiere a la contanminacion a la carga con sustancias prohibidad u otros elementos ilicitos?"
CUNDINAMARCA,ZIPAQUIRÁ,EL CODITO,"5,037800","-73,971500",11951,"¿Cómo se califica EL CODITO; ZIPAQUIRÁ; CUNDINAMARCA; 5,037800; -73,971500 ; 11951; en todos los riesgos, el riesgo de contaminacioon se refiere a la contanminacion a la carga con sustancias prohibidad u otros elementos ilicitos?"
CUNDINAMARCA,TENJO,GRATAMIRA,"4,865560","-74,140800",9120,"¿Cómo se califica GRATAMIRA; TENJO; CUNDINAMARCA; 4,865560; -74,140800 ; 9120; en todos los riesgos, el riesgo de contaminacioon se refiere a la contanminacion a la carga con sustancias prohibidad u otros elementos ilicitos?"
SUCRE,SAMPUÉS,MATEO PÉREZ,"9,197350","-75,391580",12313,"¿Cómo se califica MATEO PÉREZ; SAMPUÉS; SUCRE; 9,197350; -75,391580 ; 12313; en todos los riesgos, el riesgo de contaminacioon se refiere a la contanminacion a la carga con sustancias prohibidad u otros elementos ilicitos?"
ANTIOQUIA,SAN FRANCISCO,RÍO CLARO,"5,948480","-74,859850",3826,"¿Cómo se califica RÍO CLARO; SAN FRANCISCO; ANTIOQUIA; 5,948480; -74,859850 ; 3826; en todos los riesgos, el riesgo de contaminacioon se refiere a la contanminacion a la carga con sustancias prohibidad u otros elementos ilicitos?"
ANTIOQUIA,REMEDIOS,REMEDIOS,"7,027770","-74,715500",8096,"¿Cómo se califica REMEDIOS; REMEDIOS; ANTIOQUIA; 7,027770; -74,715500 ; 8096; en todos los riesgos, el riesgo de contaminacioon se refiere a la contanminacion a la carga con sustancias prohibidad u otros elementos ilicitos?"
SUCRE,SINCELEJO,LA GALLERA,"9,231570","-75,415270",10306,"¿Cómo se califica LA GALLERA; SINCELEJO; SUCRE; 9,231570; -75,415270 ; 10306; en todos los riesgos, el riesgo de contaminacioon se refiere a la contanminacion a la carga con sustancias prohibidad u otros elementos ilicitos?"
CÓRDOBA,COTORRA,CAIMÁN,"9,004160","-75,830640",9219,"¿Cómo se califica CAIMÁN; COTORRA; CÓRDOBA; 9,004160; -75,830640 ; 9219; en todos los riesgos, el riesgo de contaminacioon se refiere a la contanminacion a la carga con sustancias prohibidad u otros elementos ilicitos?"
VALLE DEL CAUCA,SAN PEDRO,TODOS LOS SANTOS,"3,973990","-76,250100",949,"¿Cómo se califica TODOS LOS SANTOS; SAN PEDRO; VALLE DEL CAUCA; 3,973990; -76,250100 ; 949; en todos los riesgos, el riesgo de contaminacioon se refiere a la contanminacion a la carga con sustancias prohibidad u otros elementos ilicitos?"
CUNDINAMARCA,ZIPAQUIRÁ,LA ESCUELA,"5,035160","-73,972550",11943,"¿Cómo se califica LA ESCUELA; ZIPAQUIRÁ; CUNDINAMARCA; 5,035160; -73,972550 ; 11943; en todos los riesgos, el riesgo de contaminacioon se refiere a la contanminacion a la carga con sustancias prohibidad u otros elementos ilicitos?"
CUNDINAMARCA,TOCAIMA,LA SALADA,"4,409550","-74,714040",7366,"¿Cómo se califica LA SALADA; TOCAIMA; CUNDINAMARCA; 4,409550; -74,714040 ; 7366; en todos los riesgos, el riesgo de contaminacioon se refiere a la contanminacion a la carga con sustancias prohibidad u otros elementos ilicitos?"
CÓRDOBA,SAN PELAYO,PELAYITO,"8,930130","-75,819550",9114,"¿Cómo se califica PELAYITO; SAN PELAYO; CÓRDOBA; 8,930130; -75,819550 ; 9114; en todos los riesgos, el riesgo de contaminacioon se refiere a la contanminacion a la carga con sustancias prohibidad u otros elementos ilicitos?"
ANTIOQUIA,SAN LUIS,MONTELORO (LA JOSEFINA),"5,980520","-74,969390",3212,"¿Cómo se califica MONTELORO (LA JOSEFINA); SAN LUIS; ANTIOQUIA; 5,980520; -74,969390 ; 3212; en todos los riesgos, el riesgo de contaminacioon se refiere a la contanminacion a la carga con sustancias prohibidad u otros elementos ilicitos?"
SUCRE,MORROA,SABANAS DE CALI,"9,346460","-75,284000",12843,"¿Cómo se califica SABANAS DE CALI; MORROA; SUCRE; 9,346460; -75,284000 ; 12843; en todos los riesgos, el riesgo de contaminacioon se refiere a la contanminacion a la carga con sustancias prohibidad u otros elementos ilicitos?"
CUNDINAMARCA,TOCANCIPÁ,EL PORVENIR,"4,982460","-73,908990",11768,"¿Cómo se califica EL PORVENIR; TOCANCIPÁ; CUNDINAMARCA; 4,982460; -73,908990 ; 11768; en todos los riesgos, el riesgo de contaminacioon se refiere a la contanminacion a la carga con sustancias prohibidad u otros elementos ilicitos?"
CÓRDOBA,SAHAGÚN,LOS BARRILES,"8,661020","-75,495000",11024,"¿Cómo se califica LOS BARRILES; SAHAGÚN; CÓRDOBA; 8,661020; -75,495000 ; 11024; en todos los riesgos, el riesgo de contaminacioon se refiere a la contanminacion a la carga con sustancias prohibidad u otros elementos ilicitos?"
CUNDINAMARCA,TOCANCIPÁ,LA FUENTE,"4,997880","-73,933440",11823,"¿Cómo se califica LA FUENTE; TOCANCIPÁ; CUNDINAMARCA; 4,997880; -73,933440 ; 11823; en todos los riesgos, el riesgo de contaminacioon se refiere a la contanminacion a la carga con sustancias prohibidad u otros elementos ilicitos?"
CUNDINAMARCA,ZIPAQUIRÁ,LOTEO SANTA ISABEL,"5,029320","-73,973470",11938,"¿Cómo se califica LOTEO SANTA ISABEL; ZIPAQUIRÁ; CUNDINAMARCA; 5,029320; -73,973470 ; 11938; en todos los riesgos, el riesgo de contaminacioon se refiere a la contanminacion a la carga con sustancias prohibidad u otros elementos ilicitos?"
ATLÁNTICO,TUBARÁ,PLAYAS DE EDRIMÁN,"10,887380","-75,061970",14799,"¿Cómo se califica PLAYAS DE EDRIMÁN; TUBARÁ; ATLÁNTICO; 10,887380; -75,061970 ; 14799; en todos los riesgos, el riesgo de contaminacioon se refiere a la contanminacion a la carga con sustancias prohibidad u otros elementos ilicitos?"
ANTIOQUIA,SEGOVIA,PUERTO CALAVERA,"7,157040","-74,784420",8319,"¿Cómo se califica PUERTO CALAVERA; SEGOVIA; ANTIOQUIA; 7,157040; -74,784420 ; 8319; en todos los riesgos, el riesgo de contaminacioon se refiere a la contanminacion a la carga con sustancias prohibidad u otros elementos ilicitos?"
ANTIOQUIA,SANTA ROSA DE OSOS,RÍO GRANDE,"6,510060","-75,394720",2192,"¿Cómo se califica RÍO GRANDE; SANTA ROSA DE OSOS; ANTIOQUIA; 6,510060; -75,394720 ; 2192; en todos los riesgos, el riesgo de contaminacioon se refiere a la contanminacion a la carga con sustancias prohibidad u otros elementos ilicitos?"
MAGDALENA,REMOLINO,REMOLINO,"10,684380","-74,748090",15489,"¿Cómo se califica REMOLINO; REMOLINO; MAGDALENA; 10,684380; -74,748090 ; 15489; en todos los riesgos, el riesgo de contaminacioon se refiere a la contanminacion a la carga con sustancias prohibidad u otros elementos ilicitos?"
CUNDINAMARCA,TOCANCIPÁ,LAS QUINTAS,"4,937250","-73,981620",11573,"¿Cómo se califica LAS QUINTAS; TOCANCIPÁ; CUNDINAMARCA; 4,937250; -73,981620 ; 11573; en todos los riesgos, el riesgo de contaminacioon se refiere a la contanminacion a la carga con sustancias prohibidad u otros elementos ilicitos?"
ANTIOQUIA,TARAZÁ,PIEDRAS,"7,535270","-75,363240",6524,"¿Cómo se califica PIEDRAS; TARAZÁ; ANTIOQUIA; 7,535270; -75,363240 ; 6524; en todos los riesgos, el riesgo de contaminacioon se refiere a la contanminacion a la carga con sustancias prohibidad u otros elementos ilicitos?"
ANTIOQUIA,VALDIVIA,PUERTO RAUDAL,"7,327050","-75,358380",5901,"¿Cómo se califica PUERTO RAUDAL; VALDIVIA; ANTIOQUIA; 7,327050; -75,358380 ; 5901; en todos los riesgos, el riesgo de contaminacioon se refiere a la contanminacion a la carga con sustancias prohibidad u otros elementos ilicitos?"
CÓRDOBA,SAN CARLOS,CIENAGUITA,"8,630430","-75,763510",8560,"¿Cómo se califica CIENAGUITA; SAN CARLOS; CÓRDOBA; 8,630430; -75,763510 ; 8560; en todos los riesgos, el riesgo de contaminacioon se refiere a la contanminacion a la carga con sustancias prohibidad u otros elementos ilicitos?"
ATLÁNTICO,TUBARÁ,CUATRO BOCAS,"10,972160","-74,946650",14566,"¿Cómo se califica CUATRO BOCAS; TUBARÁ; ATLÁNTICO; 10,972160; -74,946650 ; 14566; en todos los riesgos, el riesgo de contaminacioon se refiere a la contanminacion a la carga con sustancias prohibidad u otros elementos ilicitos?"
ANTIOQUIA,VALDIVIA,PUERTO VALDIVIA,"7,231920","-75,406780",5436,"¿Cómo se califica PUERTO VALDIVIA; VALDIVIA; ANTIOQUIA; 7,231920; -75,406780 ; 5436; en todos los riesgos, el riesgo de contaminacioon se refiere a la contanminacion a la carga con sustancias prohibidad u otros elementos ilicitos?"
ANTIOQUIA,SANTA ROSA DE OSOS,SANTA ROSA DE OSOS,"6,623350","-75,445030",2615,"¿Cómo se califica SANTA ROSA DE OSOS; SANTA ROSA DE OSOS; ANTIOQUIA; 6,623350; -75,445030 ; 2615; en todos los riesgos, el riesgo de contaminacioon se refiere a la contanminacion a la carga con sustancias prohibidad u otros elementos ilicitos?"
CÓRDOBA,SAHAGÚN,KILÓMETRO 32,"8,689260","-75,496080",9023,"¿Cómo se califica KILÓMETRO 32; SAHAGÚN; CÓRDOBA; 8,689260; -75,496080 ; 9023; en todos los riesgos, el riesgo de contaminacioon se refiere a la contanminacion a la carga con sustancias prohibidad u otros elementos ilicitos?"
ATLÁNTICO,TUBARÁ,TUBARÁ,"10,896560","-74,959840",16929,"¿Cómo se califica TUBARÁ; TUBARÁ; ATLÁNTICO; 10,896560; -74,959840 ; 16929; en todos los riesgos, el riesgo de contaminacioon se refiere a la contanminacion a la carga con sustancias prohibidad u otros elementos ilicitos?"
ANTIOQUIA,YARUMAL,YARUMAL,"6,884070","-75,442150",3441,"¿Cómo se califica YARUMAL; YARUMAL; ANTIOQUIA; 6,884070; -75,442150 ; 3441; en todos los riesgos, el riesgo de contaminacioon se refiere a la contanminacion a la carga con sustancias prohibidad u otros elementos ilicitos?"
ANTIOQUIA,VEGACHÍ,EL TIGRE,"6,816740","-74,789420",7779,"¿Cómo se califica EL TIGRE; VEGACHÍ; ANTIOQUIA; 6,816740; -74,789420 ; 7779; en todos los riesgos, el riesgo de contaminacioon se refiere a la contanminacion a la carga con sustancias prohibidad u otros elementos ilicitos?"
ANTIOQUIA,TARAZÁ,EL DOCE,"7,400910","-75,306660",6280,"¿Cómo se califica EL DOCE; TARAZÁ; ANTIOQUIA; 7,400910; -75,306660 ; 6280; en todos los riesgos, el riesgo de contaminacioon se refiere a la contanminacion a la carga con sustancias prohibidad u otros elementos ilicitos?"
ATLÁNTICO,TUBARÁ,JUARUCO,"10,967830","-74,956570",14583,"¿Cómo se califica JUARUCO; TUBARÁ; ATLÁNTICO; 10,967830; -74,956570 ; 14583; en todos los riesgos, el riesgo de contaminacioon se refiere a la contanminacion a la carga con sustancias prohibidad u otros elementos ilicitos?"
ANTIOQUIA,TARAZÁ,TARAZÁ,"7,573540","-75,389530",6622,"¿Cómo se califica TARAZÁ; TARAZÁ; ANTIOQUIA; 7,573540; -75,389530 ; 6622; en todos los riesgos, el riesgo de contaminacioon se refiere a la contanminacion a la carga con sustancias prohibidad u otros elementos ilicitos?"
CUNDINAMARCA,SAN FRANCISCO,SAN FRANCISCO,"4,962870","-74,324410",7864,"¿Cómo se califica SAN FRANCISCO; SAN FRANCISCO; CUNDINAMARCA; 4,962870; -74,324410 ; 7864; en todos los riesgos, el riesgo de contaminacioon se refiere a la contanminacion a la carga con sustancias prohibidad u otros elementos ilicitos?"
ANTIOQUIA,VALDIVIA,PUERTO VALDIVIA,"7,231920","-75,406780",5304,"¿Cómo se califica PUERTO VALDIVIA; VALDIVIA; ANTIOQUIA; 7,231920; -75,406780 ; 5304; en todos los riesgos, el riesgo de contaminacioon se refiere a la contanminacion a la carga con sustancias prohibidad u otros elementos ilicitos?"
ANTIOQUIA,YARUMAL,YARUMAL,"6,884070","-75,442150",3309,"¿Cómo se califica YARUMAL; YARUMAL; ANTIOQUIA; 6,884070; -75,442150 ; 3309; en todos los riesgos, el riesgo de contaminacioon se refiere a la contanminacion a la carga con sustancias prohibidad u otros elementos ilicitos?"
SUCRE,SINCELEJO,POLICARPA,"9,251840","-75,405650",10372,"¿Cómo se califica POLICARPA; SINCELEJO; SUCRE; 9,251840; -75,405650 ; 10372; en todos los riesgos, el riesgo de contaminacioon se refiere a la contanminacion a la carga con sustancias prohibidad u otros elementos ilicitos?"
CUNDINAMARCA,VILLA DE SAN DIEGO DE UBATÉ,VILLA DE SAN DIEGO DE UBATÉ,"5,297420","-73,814440",12986,"¿Cómo se califica VILLA DE SAN DIEGO DE UBATÉ; VILLA DE SAN DIEGO DE UBATÉ; CUNDINAMARCA; 5,297420; -73,814440 ; 12986; en todos los riesgos, el riesgo de contaminacioon se refiere a la contanminacion a la carga con sustancias prohibidad u otros elementos ilicitos?"
CÓRDOBA,SAHAGÚN,NUEVA ESPERANZA,"8,954130","-75,454510",11719,"¿Cómo se califica NUEVA ESPERANZA; SAHAGÚN; CÓRDOBA; 8,954130; -75,454510 ; 11719; en todos los riesgos, el riesgo de contaminacioon se refiere a la contanminacion a la carga con sustancias prohibidad u otros elementos ilicitos?"
ATLÁNTICO,TUBARÁ,VILLAS DE PALMARITO,"10,891080","-75,050440",14779,"¿Cómo se califica VILLAS DE PALMARITO; TUBARÁ; ATLÁNTICO; 10,891080; -75,050440 ; 14779; en todos los riesgos, el riesgo de contaminacioon se refiere a la contanminacion a la carga con sustancias prohibidad u otros elementos ilicitos?"
VALLE DEL CAUCA,TULUÁ,CAMPOALEGRE,"4,034320","-76,211690",1057,"¿Cómo se califica CAMPOALEGRE; TULUÁ; VALLE DEL CAUCA; 4,034320; -76,211690 ; 1057; en todos los riesgos, el riesgo de contaminacioon se refiere a la contanminacion a la carga con sustancias prohibidad u otros elementos ilicitos?"
ANTIOQUIA,SAN LUIS,SAN LUIS,"6,004720","-74,955140",3307,"¿Cómo se califica SAN LUIS; SAN LUIS; ANTIOQUIA; 6,004720; -74,955140 ; 3307; en todos los riesgos, el riesgo de contaminacioon se refiere a la contanminacion a la carga con sustancias prohibidad u otros elementos ilicitos?"
SUCRE,SAMPUÉS,PIEDRAS BLANCAS,"9,133120","-75,388430",10049,"¿Cómo se califica PIEDRAS BLANCAS; SAMPUÉS; SUCRE; 9,133120; -75,388430 ; 10049; en todos los riesgos, el riesgo de contaminacioon se refiere a la contanminacion a la carga con sustancias prohibidad u otros elementos ilicitos?"
CUNDINAMARCA,MADRID,CHAUTA,"4,828340","-74,241930",8587,"¿Cómo se califica CHAUTA; MADRID; CUNDINAMARCA; 4,828340; -74,241930 ; 8587; en todos los riesgos, el riesgo de contaminacioon se refiere a la contanminacion a la carga con sustancias prohibidad u otros elementos ilicitos?"
ANTIOQUIA,YARUMAL,EL CEDRO,"7,220980","-75,412780",5384,"¿Cómo se califica EL CEDRO; YARUMAL; ANTIOQUIA; 7,220980; -75,412780 ; 5384; en todos los riesgos, el riesgo de contaminacioon se refiere a la contanminacion a la carga con sustancias prohibidad u otros elementos ilicitos?"
CUNDINAMARCA,VILLA DE SAN DIEGO DE UBATÉ,PALOGORDO,"5,324190","-73,803550",13085,"¿Cómo se califica PALOGORDO; VILLA DE SAN DIEGO DE UBATÉ; CUNDINAMARCA; 5,324190; -73,803550 ; 13085; en todos los riesgos, el riesgo de contaminacioon se refiere a la contanminacion a la carga con sustancias prohibidad u otros elementos ilicitos?"
ANTIOQUIA,SAN FRANCISCO,PAILANIA,"6,013130","-75,099860",2627,"¿Cómo se califica PAILANIA; SAN FRANCISCO; ANTIOQUIA; 6,013130; -75,099860 ; 2627; en todos los riesgos, el riesgo de contaminacioon se refiere a la contanminacion a la carga con sustancias prohibidad u otros elementos ilicitos?"
CUNDINAMARCA,VILLETA,EL PUENTE,"4,993190","-74,470690",2449,"¿Cómo se califica EL PUENTE; VILLETA; CUNDINAMARCA; 4,993190; -74,470690 ; 2449; en todos los riesgos, el riesgo de contaminacioon se refiere a la contanminacion a la carga con sustancias prohibidad u otros elementos ilicitos?"
VALLE DEL CAUCA,ZARZAL,QUEBRADANUEVA,"4,366160","-75,972620",1831,"¿Cómo se califica QUEBRADANUEVA; ZARZAL; VALLE DEL CAUCA; 4,366160; -75,972620 ; 1831; en todos los riesgos, el riesgo de contaminacioon se refiere a la contanminacion a la carga con sustancias prohibidad u otros elementos ilicitos?"
VALLE DEL CAUCA,SEVILLA,BUENOS AIRES,"4,407420","-75,905570",2027,"¿Cómo se califica BUENOS AIRES; SEVILLA; VALLE DEL CAUCA; 4,407420; -75,905570 ; 2027; en todos los riesgos, el riesgo de contaminacioon se refiere a la contanminacion a la carga con sustancias prohibidad u otros elementos ilicitos?"
ATLÁNTICO,SANTO TOMÁS,SANTO TOMÁS,"10,747090","-74,767500",13496,"¿Cómo se califica SANTO TOMÁS; SANTO TOMÁS; ATLÁNTICO; 10,747090; -74,767500 ; 13496; en todos los riesgos, el riesgo de contaminacioon se refiere a la contanminacion a la carga con sustancias prohibidad u otros elementos ilicitos?"
QUINDÍO,ARMENIA,"CONDOMINIOS LAS VEGAS, IRAKA Y LAGOS DE IRAKA","4,471030","-75,759290",2438,"¿Cómo se califica CONDOMINIOS LAS VEGAS, IRAKA Y LAGOS DE IRAKA; ARMENIA; QUINDÍO; 4,471030; -75,759290 ; 2438; en todos los riesgos, el riesgo de contaminacioon se refiere a la contanminacion a la carga con sustancias prohibidad u otros elementos ilicitos?"
CUNDINAMARCA,TOCANCIPÁ,DULCINEA,"4,949910","-73,945320",11650,"¿Cómo se califica DULCINEA; TOCANCIPÁ; CUNDINAMARCA; 4,949910; -73,945320 ; 11650; en todos los riesgos, el riesgo de contaminacioon se refiere a la contanminacion a la carga con sustancias prohibidad u otros elementos ilicitos?"
CUNDINAMARCA,VILLETA,EL PUENTE,"5,026890","-74,506880",6779,"¿Cómo se califica EL PUENTE; VILLETA; CUNDINAMARCA; 5,026890; -74,506880 ; 6779; en todos los riesgos, el riesgo de contaminacioon se refiere a la contanminacion a la carga con sustancias prohibidad u otros elementos ilicitos?"
MAGDALENA,SITIONUEVO,PALERMO,"10,973760","-74,778520",14096,"¿Cómo se califica PALERMO; SITIONUEVO; MAGDALENA; 10,973760; -74,778520 ; 14096; en todos los riesgos, el riesgo de contaminacioon se refiere a la contanminacion a la carga con sustancias prohibidad u otros elementos ilicitos?"
ANTIOQUIA,YARUMAL,EL CEDRO,"7,220980","-75,412780",5252,"¿Cómo se califica EL CEDRO; YARUMAL; ANTIOQUIA; 7,220980; -75,412780 ; 5252; en todos los riesgos, el riesgo de contaminacioon se refiere a la contanminacion a la carga con sustancias prohibidad u otros elementos ilicitos?"
CUNDINAMARCA,ZIPAQUIRÁ,MALAGÓN,"5,025740","-73,974070",11922,"¿Cómo se califica MALAGÓN; ZIPAQUIRÁ; CUNDINAMARCA; 5,025740; -73,974070 ; 11922; en todos los riesgos, el riesgo de contaminacioon se refiere a la contanminacion a la carga con sustancias prohibidad u otros elementos ilicitos?"
SUCRE,SINCELEJO,LA GALLERA,"9,231570","-75,415270",12392,"¿Cómo se califica LA GALLERA; SINCELEJO; SUCRE; 9,231570; -75,415270 ; 12392; en todos los riesgos, el riesgo de contaminacioon se refiere a la contanminacion a la carga con sustancias prohibidad u otros elementos ilicitos?"
SUCRE,SAMPUÉS,ACHIOTE ARRIBA,"9,167910","-75,393920",10151,"¿Cómo se califica ACHIOTE ARRIBA; SAMPUÉS; SUCRE; 9,167910; -75,393920 ; 10151; en todos los riesgos, el riesgo de contaminacioon se refiere a la contanminacion a la carga con sustancias prohibidad u otros elementos ilicitos?"
SUCRE,SAMPUÉS,MATEO PÉREZ,"9,197350","-75,391580",10227,"¿Cómo se califica MATEO PÉREZ; SAMPUÉS; SUCRE; 9,197350; -75,391580 ; 10227; en todos los riesgos, el riesgo de contaminacioon se refiere a la contanminacion a la carga con sustancias prohibidad u otros elementos ilicitos?"
ANTIOQUIA,SEGOVIA,CAMPO ALEGRE,"7,103300","-74,758240",8233,"¿Cómo se califica CAMPO ALEGRE; SEGOVIA; ANTIOQUIA; 7,103300; -74,758240 ; 8233; en todos los riesgos, el riesgo de contaminacioon se refiere a la contanminacion a la carga con sustancias prohibidad u otros elementos ilicitos?"
ANTIOQUIA,ZARAGOZA,EL CENIZO,"7,305030","-74,835150",8568,"¿Cómo se califica EL CENIZO; ZARAGOZA; ANTIOQUIA; 7,305030; -74,835150 ; 8568; en todos los riesgos, el riesgo de contaminacioon se refiere a la contanminacion a la carga con sustancias prohibidad u otros elementos ilicitos?"
CUNDINAMARCA,TOCANCIPÁ,LOS MANZANOS,"4,958020","-73,915070",11684,"¿Cómo se califica LOS MANZANOS; TOCANCIPÁ; CUNDINAMARCA; 4,958020; -73,915070 ; 11684; en todos los riesgos, el riesgo de contaminacioon se refiere a la contanminacion a la carga con sustancias prohibidad u otros elementos ilicitos?"
VALLE DEL CAUCA,ZARZAL,LIMONES,"4,349260","-76,047860",1730,"¿Cómo se califica LIMONES; ZARZAL; VALLE DEL CAUCA; 4,349260; -76,047860 ; 1730; en todos los riesgos, el riesgo de contaminacioon se refiere a la contanminacion a la carga con sustancias prohibidad u otros elementos ilicitos?"
ANTIOQUIA,YOLOMBÓ,LA FLORESTA,"6,622630","-74,794970",7509,"¿Cómo se califica LA FLORESTA; YOLOMBÓ; ANTIOQUIA; 6,622630; -74,794970 ; 7509; en todos los riesgos, el riesgo de contaminacioon se refiere a la contanminacion a la carga con sustancias prohibidad u otros elementos ilicitos?"
CUNDINAMARCA,SOPÓ,HATOGRANDE,"4,913640","-73,999910",11534,"¿Cómo se califica HATOGRANDE; SOPÓ; CUNDINAMARCA; 4,913640; -73,999910 ; 11534; en todos los riesgos, el riesgo de contaminacioon se refiere a la contanminacion a la carga con sustancias prohibidad u otros elementos ilicitos?"
ATLÁNTICO,TUBARÁ,CUATRO BOCAS,"10,951780","-74,905170",16719,"¿Cómo se califica CUATRO BOCAS; TUBARÁ; ATLÁNTICO; 10,951780; -74,905170 ; 16719; en todos los riesgos, el riesgo de contaminacioon se refiere a la contanminacion a la carga con sustancias prohibidad u otros elementos ilicitos?"
ATLÁNTICO,TUBARÁ,NUEVA ESPERANZA,"10,894530","-75,040000",14757,"¿Cómo se califica NUEVA ESPERANZA; TUBARÁ; ATLÁNTICO; 10,894530; -75,040000 ; 14757; en todos los riesgos, el riesgo de contaminacioon se refiere a la contanminacion a la carga con sustancias prohibidad u otros elementos ilicitos?"
CUNDINAMARCA,VILLA DE SAN DIEGO DE UBATÉ,GUATANCUY,"5,337660","-73,795300",13108,"¿Cómo se califica GUATANCUY; VILLA DE SAN DIEGO DE UBATÉ; CUNDINAMARCA; 5,337660; -73,795300 ; 13108; en todos los riesgos, el riesgo de contaminacioon se refiere a la contanminacion a la carga con sustancias prohibidad u otros elementos ilicitos?"
ANTIOQUIA,ZARAGOZA,EL CRISTO,"7,270690","-74,830200",8515,"¿Cómo se califica EL CRISTO; ZARAGOZA; ANTIOQUIA; 7,270690; -74,830200 ; 8515; en todos los riesgos, el riesgo de contaminacioon se refiere a la contanminacion a la carga con sustancias prohibidad u otros elementos ilicitos?"
CUNDINAMARCA,VILLETA,BAGAZAL,"4,982500","-74,455530",2328,"¿Cómo se califica BAGAZAL; VILLETA; CUNDINAMARCA; 4,982500; -74,455530 ; 2328; en todos los riesgos, el riesgo de contaminacioon se refiere a la contanminacion a la carga con sustancias prohibidad u otros elementos ilicitos?"
VALLE DEL CAUCA,TULUÁ,CIENEGUETA,"4,053330","-76,201740",1089,"¿Cómo se califica CIENEGUETA; TULUÁ; VALLE DEL CAUCA; 4,053330; -76,201740 ; 1089; en todos los riesgos, el riesgo de contaminacioon se refiere a la contanminacion a la carga con sustancias prohibidad u otros elementos ilicitos?"
ANTIOQUIA,ZARAGOZA,ZARAGOZA,"7,395390","-74,859570",8735,"¿Cómo se califica ZARAGOZA; ZARAGOZA; ANTIOQUIA; 7,395390; -74,859570 ; 8735; en todos los riesgos, el riesgo de contaminacioon se refiere a la contanminacion a la carga con sustancias prohibidad u otros elementos ilicitos?"
ANTIOQUIA,VALDIVIA,VALDIVIA,"7,073320","-75,450080",4438,"¿Cómo se califica VALDIVIA; VALDIVIA; ANTIOQUIA; 7,073320; -75,450080 ; 4438; en todos los riesgos, el riesgo de contaminacioon se refiere a la contanminacion a la carga con sustancias prohibidad u otros elementos ilicitos?"
CUNDINAMARCA,ZIPAQUIRÁ,LA MARIELA,"5,020660","-73,948420",11853,"¿Cómo se califica LA MARIELA; ZIPAQUIRÁ; CUNDINAMARCA; 5,020660; -73,948420 ; 11853; en todos los riesgos, el riesgo de contaminacioon se refiere a la contanminacion a la carga con sustancias prohibidad u otros elementos ilicitos?"
VALLE DEL CAUCA,TULUÁ,LA COLINA,"4,083960","-76,172590",1162,"¿Cómo se califica LA COLINA; TULUÁ; VALLE DEL CAUCA; 4,083960; -76,172590 ; 1162; en todos los riesgos, el riesgo de contaminacioon se refiere a la contanminacion a la carga con sustancias prohibidad u otros elementos ilicitos?"
CÓRDOBA,MONTERÍA,EL CERRITO,"8,708400","-75,829130",8650,"¿Cómo se califica EL CERRITO; MONTERÍA; CÓRDOBA; 8,708400; -75,829130 ; 8650; en todos los riesgos, el riesgo de contaminacioon se refiere a la contanminacion a la carga con sustancias prohibidad u otros elementos ilicitos?"
CÓRDOBA,SAHAGÚN,LOS BARRILES,"8,661020","-75,495000",8938,"¿Cómo se califica LOS BARRILES; SAHAGÚN; CÓRDOBA; 8,661020; -75,495000 ; 8938; en todos los riesgos, el riesgo de contaminacioon se refiere a la contanminacion a la carga con sustancias prohibidad u otros elementos ilicitos?"
ANTIOQUIA,YALÍ,YALÍ,"6,624180","-74,796190",7511,"¿Cómo se califica YALÍ; YALÍ; ANTIOQUIA; 6,624180; -74,796190 ; 7511; en todos los riesgos, el riesgo de contaminacioon se refiere a la contanminacion a la carga con sustancias prohibidad u otros elementos ilicitos?"
CUNDINAMARCA,TENJO,LA PUNTA,"4,807290","-74,212150",8650,"¿Cómo se califica LA PUNTA; TENJO; CUNDINAMARCA; 4,807290; -74,212150 ; 8650; en todos los riesgos, el riesgo de contaminacioon se refiere a la contanminacion a la carga con sustancias prohibidad u otros elementos ilicitos?"
ANTIOQUIA,ZARAGOZA,BUENOS AIRES,"7,568540","-74,880120",9044,"¿Cómo se califica BUENOS AIRES; ZARAGOZA; ANTIOQUIA; 7,568540; -74,880120 ; 9044; en todos los riesgos, el riesgo de contaminacioon se refiere a la contanminacion a la carga con sustancias prohibidad u otros elementos ilicitos?"
CUNDINAMARCA,TOCANCIPÁ,CHICÓ NORTE,"4,948080","-73,949030",11645,"¿Cómo se califica CHICÓ NORTE; TOCANCIPÁ; CUNDINAMARCA; 4,948080; -73,949030 ; 11645; en todos los riesgos, el riesgo de contaminacioon se refiere a la contanminacion a la carga con sustancias prohibidad u otros elementos ilicitos?"
CUNDINAMARCA,TOCANCIPÁ,CHICALÁ,"4,952420","-73,930250",11674,"¿Cómo se califica CHICALÁ; TOCANCIPÁ; CUNDINAMARCA; 4,952420; -73,930250 ; 11674; en todos los riesgos, el riesgo de contaminacioon se refiere a la contanminacion a la carga con sustancias prohibidad u otros elementos ilicitos?"
ANTIOQUIA,TARAZÁ,PUERTO ANTIOQUIA,"7,486270","-75,333040",6565,"¿Cómo se califica PUERTO ANTIOQUIA; TARAZÁ; ANTIOQUIA; 7,486270; -75,333040 ; 6565; en todos los riesgos, el riesgo de contaminacioon se refiere a la contanminacion a la carga con sustancias prohibidad u otros elementos ilicitos?"
CUNDINAMARCA,TOCANCIPÁ,EL DIVINO NIÑO,"4,956010","-73,920530",11680,"¿Cómo se califica EL DIVINO NIÑO; TOCANCIPÁ; CUNDINAMARCA; 4,956010; -73,920530 ; 11680; en todos los riesgos, el riesgo de contaminacioon se refiere a la contanminacion a la carga con sustancias prohibidad u otros elementos ilicitos?"
CUNDINAMARCA,ZIPAQUIRÁ,SAN MIGUEL,"5,021550","-73,948850",11854,"¿Cómo se califica SAN MIGUEL; ZIPAQUIRÁ; CUNDINAMARCA; 5,021550; -73,948850 ; 11854; en todos los riesgos, el riesgo de contaminacioon se refiere a la contanminacion a la carga con sustancias prohibidad u otros elementos ilicitos?"
ANTIOQUIA,YARUMAL,LLANOS DE CUIVA,"6,809420","-75,490230",3142,"¿Cómo se califica LLANOS DE CUIVA; YARUMAL; ANTIOQUIA; 6,809420; -75,490230 ; 3142; en todos los riesgos, el riesgo de contaminacioon se refiere a la contanminacion a la carga con sustancias prohibidad u otros elementos ilicitos?"
CUNDINAMARCA,TOCAIMA,LA COLORADA,"4,435920","-74,680290",7474,"¿Cómo se califica LA COLORADA; TOCAIMA; CUNDINAMARCA; 4,435920; -74,680290 ; 7474; en todos los riesgos, el riesgo de contaminacioon se refiere a la contanminacion a la carga con sustancias prohibidad u otros elementos ilicitos?"
CUNDINAMARCA,ZIPAQUIRÁ,BARANDILLAS,"5,021510","-73,968220",11903,"¿Cómo se califica BARANDILLAS; ZIPAQUIRÁ; CUNDINAMARCA; 5,021510; -73,968220 ; 11903; en todos los riesgos, el riesgo de contaminacioon se refiere a la contanminacion a la carga con sustancias prohibidad u otros elementos ilicitos?"
CUNDINAMARCA,EL ROSAL,SAN ANTONIO,"4,833450","-74,249170",8584,"¿Cómo se califica SAN ANTONIO; EL ROSAL; CUNDINAMARCA; 4,833450; -74,249170 ; 8584; en todos los riesgos, el riesgo de contaminacioon se refiere a la contanminacion a la carga con sustancias prohibidad u otros elementos ilicitos?"
ANTIOQUIA,YARUMAL,LLANOS DE CUIVA,"6,809420","-75,490230",3274,"¿Cómo se califica LLANOS DE CUIVA; YARUMAL; ANTIOQUIA; 6,809420; -75,490230 ; 3274; en todos los riesgos, el riesgo de contaminacioon se refiere a la contanminacion a la carga con sustancias prohibidad u otros elementos ilicitos?"
CUNDINAMARCA,VILLETA,VILLETA,"5,029280","-74,507090",6759,"¿Cómo se califica VILLETA; VILLETA; CUNDINAMARCA; 5,029280; -74,507090 ; 6759; en todos los riesgos, el riesgo de contaminacioon se refiere a la contanminacion a la carga con sustancias prohibidad u otros elementos ilicitos?"
CUNDINAMARCA,TOCANCIPÁ,CETINA,"4,965880","-73,906130",11703,"¿Cómo se califica CETINA; TOCANCIPÁ; CUNDINAMARCA; 4,965880; -73,906130 ; 11703; en todos los riesgos, el riesgo de contaminacioon se refiere a la contanminacion a la carga con sustancias prohibidad u otros elementos ilicitos?"
CUNDINAMARCA,TOCANCIPÁ,PELPAK,"4,943880","-73,955380",11624,"¿Cómo se califica PELPAK; TOCANCIPÁ; CUNDINAMARCA; 4,943880; -73,955380 ; 11624; en todos los riesgos, el riesgo de contaminacioon se refiere a la contanminacion a la carga con sustancias prohibidad u otros elementos ilicitos?"
ANTIOQUIA,SABANETA,MARÍA AUXILIADORA,"6,162090","-75,607230",194,"¿Cómo se califica MARÍA AUXILIADORA; SABANETA; ANTIOQUIA; 6,162090; -75,607230 ; 194; en todos los riesgos, el riesgo de contaminacioon se refiere a la contanminacion a la carga con sustancias prohibidad u otros elementos ilicitos?"
CUNDINAMARCA,TOCANCIPÁ,TOCANCIPÁ,"4,960180","-73,911820",11692,"¿Cómo se califica TOCANCIPÁ; TOCANCIPÁ; CUNDINAMARCA; 4,960180; -73,911820 ; 11692; en todos los riesgos, el riesgo de contaminacioon se refiere a la contanminacion a la carga con sustancias prohibidad u otros elementos ilicitos?"
VALLE DEL CAUCA,ZARZAL,ESTACIÓN CAICEDONIA,"4,408870","-75,885930",2084,"¿Cómo se califica ESTACIÓN CAICEDONIA; ZARZAL; VALLE DEL CAUCA; 4,408870; -75,885930 ; 2084; en todos los riesgos, el riesgo de contaminacioon se refiere a la contanminacion a la carga con sustancias prohibidad u otros elementos ilicitos?"
CUNDINAMARCA,VILLA DE SAN DIEGO DE UBATÉ,CENTRO DEL LLANO,"5,308610","-73,804560",13022,"¿Cómo se califica CENTRO DEL LLANO; VILLA DE SAN DIEGO DE UBATÉ; CUNDINAMARCA; 5,308610; -73,804560 ; 13022; en todos los riesgos, el riesgo de contaminacioon se refiere a la contanminacion a la carga con sustancias prohibidad u otros elementos ilicitos?"
VALLE DEL CAUCA,TULUÁ,LA RIVERA,"4,066150","-76,180520",1135,"¿Cómo se califica LA RIVERA; TULUÁ; VALLE DEL CAUCA; 4,066150; -76,180520 ; 1135; en todos los riesgos, el riesgo de contaminacioon se refiere a la contanminacion a la carga con sustancias prohibidad u otros elementos ilicitos?"
CUNDINAMARCA,VILLA DE SAN DIEGO DE UBATÉ,TAUSAVITA BAJO,"5,284750","-73,806260",12977,"¿Cómo se califica TAUSAVITA BAJO; VILLA DE SAN DIEGO DE UBATÉ; CUNDINAMARCA; 5,284750; -73,806260 ; 12977; en todos los riesgos, el riesgo de contaminacioon se refiere a la contanminacion a la carga con sustancias prohibidad u otros elementos ilicitos?"
CUNDINAMARCA,ZIPAQUIRÁ,LA GRANJA,"5,049800","-73,961060",11962,"¿Cómo se califica LA GRANJA; ZIPAQUIRÁ; CUNDINAMARCA; 5,049800; -73,961060 ; 11962; en todos los riesgos, el riesgo de contaminacioon se refiere a la contanminacion a la carga con sustancias prohibidad u otros elementos ilicitos?"
